region,year,ISO6393,language,speakers
Central Finland,1990,arb,Arabic,32
Central Finland,1990,ces,Czech,16
Central Finland,1990,cmn,Chinese,12
Central Finland,1990,deu,German,55
Central Finland,1990,ekk,Estonian,27
Central Finland,1990,eng,English,71
Central Finland,1990,fin,Finnish,253454
Central Finland,1990,fra,French,14
Central Finland,1990,hun,Hungarian,12
Central Finland,1990,pes,"Persian, Farsi",11
Central Finland,1990,pol,Polish,20
Central Finland,1990,rus,Russian,98
Central Finland,1990,spa,Spanish,16
Central Finland,1990,swe,Swedish,296
Central Finland,1991,arb,Arabic,39
Central Finland,1991,ces,Czech,16
Central Finland,1991,cmn,Chinese,19
Central Finland,1991,deu,German,50
Central Finland,1991,ekk,Estonian,84
Central Finland,1991,eng,English,87
Central Finland,1991,fin,Finnish,255123
Central Finland,1991,fra,French,13
Central Finland,1991,hun,Hungarian,13
Central Finland,1991,pes,"Persian, Farsi",68
Central Finland,1991,pol,Polish,19
Central Finland,1991,rus,Russian,177
Central Finland,1991,spa,Spanish,19
Central Finland,1991,swe,Swedish,306
Central Finland,1991,tur,Turkish,10
Central Finland,1992,arb,Arabic,43
Central Finland,1992,azj,Azerbaijani,12
Central Finland,1992,ben,"Bengali, (Bangla)",13
Central Finland,1992,ces,Czech,17
Central Finland,1992,ckb,Kurdish,71
Central Finland,1992,cmn,Chinese,33
Central Finland,1992,deu,German,52
Central Finland,1992,ekk,Estonian,139
Central Finland,1992,eng,English,92
Central Finland,1992,fin,Finnish,256020
Central Finland,1992,fra,French,16
Central Finland,1992,pes,"Persian, Farsi",83
Central Finland,1992,pol,Polish,20
Central Finland,1992,rus,Russian,306
Central Finland,1992,spa,Spanish,21
Central Finland,1992,swe,Swedish,297
Central Finland,1992,tur,Turkish,10
Central Finland,1993,als,Albanian,81
Central Finland,1993,arb,Arabic,48
Central Finland,1993,azj,Azerbaijani,17
Central Finland,1993,ben,"Bengali, (Bangla)",14
Central Finland,1993,ckb,Kurdish,74
Central Finland,1993,cmn,Chinese,33
Central Finland,1993,deu,German,51
Central Finland,1993,ekk,Estonian,163
Central Finland,1993,eng,English,97
Central Finland,1993,fin,Finnish,256549
Central Finland,1993,fra,French,16
Central Finland,1993,ita,Italian,13
Central Finland,1993,pes,"Persian, Farsi",90
Central Finland,1993,pol,Polish,19
Central Finland,1993,rus,Russian,406
Central Finland,1993,som,Somali,17
Central Finland,1993,spa,Spanish,23
Central Finland,1993,swe,Swedish,290
Central Finland,1993,tha,Thai,13
Central Finland,1993,tur,Turkish,13
Central Finland,1993,wol,Wolof,10
Central Finland,1994,als,Albanian,83
Central Finland,1994,arb,Arabic,47
Central Finland,1994,azj,Azerbaijani,17
Central Finland,1994,ben,"Bengali, (Bangla)",16
Central Finland,1994,ckb,Kurdish,98
Central Finland,1994,cmn,Chinese,33
Central Finland,1994,deu,German,50
Central Finland,1994,ekk,Estonian,161
Central Finland,1994,eng,English,104
Central Finland,1994,fin,Finnish,257299
Central Finland,1994,fra,French,19
Central Finland,1994,hun,Hungarian,10
Central Finland,1994,ita,Italian,11
Central Finland,1994,nld,Dutch,10
Central Finland,1994,pes,"Persian, Farsi",91
Central Finland,1994,pol,Polish,17
Central Finland,1994,rus,Russian,505
Central Finland,1994,som,Somali,30
Central Finland,1994,spa,Spanish,25
Central Finland,1994,swe,Swedish,284
Central Finland,1994,tha,Thai,17
Central Finland,1994,tur,Turkish,16
Central Finland,1995,als,Albanian,93
Central Finland,1995,arb,Arabic,46
Central Finland,1995,azj,Azerbaijani,12
Central Finland,1995,ben,"Bengali, (Bangla)",15
Central Finland,1995,ckb,Kurdish,117
Central Finland,1995,cmn,Chinese,23
Central Finland,1995,deu,German,58
Central Finland,1995,ekk,Estonian,184
Central Finland,1995,eng,English,115
Central Finland,1995,fin,Finnish,257552
Central Finland,1995,fra,French,22
Central Finland,1995,hun,Hungarian,11
Central Finland,1995,ita,Italian,11
Central Finland,1995,kng,Kongo,10
Central Finland,1995,nld,Dutch,13
Central Finland,1995,pes,"Persian, Farsi",85
Central Finland,1995,pol,Polish,17
Central Finland,1995,rus,Russian,549
Central Finland,1995,som,Somali,33
Central Finland,1995,spa,Spanish,29
Central Finland,1995,swe,Swedish,282
Central Finland,1995,tha,Thai,20
Central Finland,1995,tur,Turkish,20
Central Finland,1996,als,Albanian,79
Central Finland,1996,arb,Arabic,44
Central Finland,1996,azj,Azerbaijani,12
Central Finland,1996,ben,"Bengali, (Bangla)",16
Central Finland,1996,ckb,Kurdish,148
Central Finland,1996,cmn,Chinese,20
Central Finland,1996,deu,German,57
Central Finland,1996,ekk,Estonian,220
Central Finland,1996,eng,English,120
Central Finland,1996,fin,Finnish,258424
Central Finland,1996,fra,French,22
Central Finland,1996,ita,Italian,11
Central Finland,1996,kng,Kongo,10
Central Finland,1996,nld,Dutch,12
Central Finland,1996,pes,"Persian, Farsi",93
Central Finland,1996,pol,Polish,18
Central Finland,1996,rus,Russian,645
Central Finland,1996,som,Somali,16
Central Finland,1996,spa,Spanish,28
Central Finland,1996,srp,Serbian,32
Central Finland,1996,swe,Swedish,293
Central Finland,1996,tha,Thai,20
Central Finland,1996,tur,Turkish,27
Central Finland,1997,als,Albanian,67
Central Finland,1997,arb,Arabic,49
Central Finland,1997,azj,Azerbaijani,11
Central Finland,1997,ben,"Bengali, (Bangla)",15
Central Finland,1997,ckb,Kurdish,168
Central Finland,1997,cmn,Chinese,20
Central Finland,1997,deu,German,60
Central Finland,1997,ekk,Estonian,228
Central Finland,1997,eng,English,144
Central Finland,1997,fin,Finnish,258887
Central Finland,1997,fra,French,24
Central Finland,1997,hun,Hungarian,10
Central Finland,1997,ita,Italian,11
Central Finland,1997,kng,Kongo,10
Central Finland,1997,nld,Dutch,13
Central Finland,1997,pes,"Persian, Farsi",106
Central Finland,1997,pol,Polish,18
Central Finland,1997,ron,Romanian,11
Central Finland,1997,rus,Russian,758
Central Finland,1997,som,Somali,23
Central Finland,1997,spa,Spanish,31
Central Finland,1997,srp,Serbian,40
Central Finland,1997,swe,Swedish,276
Central Finland,1997,tha,Thai,30
Central Finland,1997,tur,Turkish,31
Central Finland,1998,als,Albanian,71
Central Finland,1998,arb,Arabic,49
Central Finland,1998,azj,Azerbaijani,11
Central Finland,1998,ckb,Kurdish,180
Central Finland,1998,cmn,Chinese,31
Central Finland,1998,deu,German,65
Central Finland,1998,ekk,Estonian,230
Central Finland,1998,eng,English,159
Central Finland,1998,fin,Finnish,258944
Central Finland,1998,fra,French,24
Central Finland,1998,ita,Italian,12
Central Finland,1998,nld,Dutch,19
Central Finland,1998,pes,"Persian, Farsi",100
Central Finland,1998,pol,Polish,16
Central Finland,1998,ron,Romanian,11
Central Finland,1998,rus,Russian,826
Central Finland,1998,som,Somali,24
Central Finland,1998,spa,Spanish,38
Central Finland,1998,srp,Serbian,39
Central Finland,1998,swe,Swedish,301
Central Finland,1998,tha,Thai,39
Central Finland,1998,tur,Turkish,32
Central Finland,1999,als,Albanian,74
Central Finland,1999,arb,Arabic,58
Central Finland,1999,azj,Azerbaijani,13
Central Finland,1999,ces,Czech,14
Central Finland,1999,ckb,Kurdish,220
Central Finland,1999,cmn,Chinese,32
Central Finland,1999,deu,German,71
Central Finland,1999,ekk,Estonian,217
Central Finland,1999,eng,English,172
Central Finland,1999,fin,Finnish,259051
Central Finland,1999,fra,French,27
Central Finland,1999,hun,Hungarian,12
Central Finland,1999,ita,Italian,12
Central Finland,1999,nld,Dutch,18
Central Finland,1999,pes,"Persian, Farsi",102
Central Finland,1999,pol,Polish,18
Central Finland,1999,ron,Romanian,14
Central Finland,1999,rus,Russian,935
Central Finland,1999,som,Somali,30
Central Finland,1999,spa,Spanish,41
Central Finland,1999,srp,Serbian,38
Central Finland,1999,swe,Swedish,283
Central Finland,1999,tha,Thai,40
Central Finland,1999,tur,Turkish,38
Central Finland,2000,als,Albanian,89
Central Finland,2000,arb,Arabic,54
Central Finland,2000,azj,Azerbaijani,12
Central Finland,2000,ces,Czech,14
Central Finland,2000,ckb,Kurdish,207
Central Finland,2000,cmn,Chinese,29
Central Finland,2000,deu,German,85
Central Finland,2000,ekk,Estonian,221
Central Finland,2000,eng,English,188
Central Finland,2000,fin,Finnish,259459
Central Finland,2000,fra,French,31
Central Finland,2000,hun,Hungarian,12
Central Finland,2000,ita,Italian,12
Central Finland,2000,nld,Dutch,21
Central Finland,2000,pes,"Persian, Farsi",100
Central Finland,2000,pol,Polish,18
Central Finland,2000,por,Portuguese,10
Central Finland,2000,ron,Romanian,14
Central Finland,2000,rus,Russian,1001
Central Finland,2000,som,Somali,11
Central Finland,2000,spa,Spanish,43
Central Finland,2000,srp,Serbian,39
Central Finland,2000,swe,Swedish,315
Central Finland,2000,tha,Thai,45
Central Finland,2000,tuk,Turkmen,17
Central Finland,2000,tur,Turkish,34
Central Finland,2001,als,Albanian,100
Central Finland,2001,arb,Arabic,71
Central Finland,2001,azj,Azerbaijani,12
Central Finland,2001,ces,Czech,16
Central Finland,2001,ckb,Kurdish,219
Central Finland,2001,cmn,Chinese,38
Central Finland,2001,deu,German,90
Central Finland,2001,ekk,Estonian,224
Central Finland,2001,eng,English,181
Central Finland,2001,fin,Finnish,260020
Central Finland,2001,fra,French,25
Central Finland,2001,hun,Hungarian,12
Central Finland,2001,ita,Italian,12
Central Finland,2001,nld,Dutch,23
Central Finland,2001,pes,"Persian, Farsi",103
Central Finland,2001,pol,Polish,19
Central Finland,2001,por,Portuguese,13
Central Finland,2001,rus,Russian,1161
Central Finland,2001,spa,Spanish,44
Central Finland,2001,srp,Serbian,40
Central Finland,2001,swe,Swedish,331
Central Finland,2001,tha,Thai,51
Central Finland,2001,tuk,Turkmen,16
Central Finland,2001,tur,Turkish,48
Central Finland,2001,ukr,Ukrainian,15
Central Finland,2002,als,Albanian,112
Central Finland,2002,arb,Arabic,84
Central Finland,2002,azj,Azerbaijani,10
Central Finland,2002,bos,Bosnian,13
Central Finland,2002,ces,Czech,12
Central Finland,2002,ckb,Kurdish,215
Central Finland,2002,cmn,Chinese,40
Central Finland,2002,deu,German,93
Central Finland,2002,ekk,Estonian,228
Central Finland,2002,eng,English,198
Central Finland,2002,fin,Finnish,260133
Central Finland,2002,fra,French,28
Central Finland,2002,hun,Hungarian,10
Central Finland,2002,ita,Italian,12
Central Finland,2002,nld,Dutch,21
Central Finland,2002,pes,"Persian, Farsi",96
Central Finland,2002,pol,Polish,17
Central Finland,2002,por,Portuguese,11
Central Finland,2002,ron,Romanian,11
Central Finland,2002,rus,Russian,1245
Central Finland,2002,spa,Spanish,50
Central Finland,2002,srp,Serbian,11
Central Finland,2002,swe,Swedish,347
Central Finland,2002,tha,Thai,45
Central Finland,2002,tuk,Turkmen,18
Central Finland,2002,tur,Turkish,45
Central Finland,2002,ukr,Ukrainian,18
Central Finland,2003,als,Albanian,130
Central Finland,2003,arb,Arabic,88
Central Finland,2003,azj,Azerbaijani,11
Central Finland,2003,bos,Bosnian,12
Central Finland,2003,ces,Czech,12
Central Finland,2003,ckb,Kurdish,246
Central Finland,2003,cmn,Chinese,47
Central Finland,2003,deu,German,99
Central Finland,2003,ekk,Estonian,257
Central Finland,2003,eng,English,202
Central Finland,2003,fin,Finnish,260917
Central Finland,2003,fra,French,40
Central Finland,2003,hun,Hungarian,11
Central Finland,2003,ita,Italian,13
Central Finland,2003,khk,Mongolian,20
Central Finland,2003,nld,Dutch,22
Central Finland,2003,pes,"Persian, Farsi",100
Central Finland,2003,pol,Polish,16
Central Finland,2003,ron,Romanian,11
Central Finland,2003,rus,Russian,1318
Central Finland,2003,spa,Spanish,54
Central Finland,2003,srp,Serbian,12
Central Finland,2003,swe,Swedish,348
Central Finland,2003,tha,Thai,62
Central Finland,2003,tuk,Turkmen,18
Central Finland,2003,tur,Turkish,55
Central Finland,2003,ukr,Ukrainian,23
Central Finland,2004,als,Albanian,136
Central Finland,2004,arb,Arabic,96
Central Finland,2004,azj,Azerbaijani,10
Central Finland,2004,bos,Bosnian,17
Central Finland,2004,ces,Czech,13
Central Finland,2004,ckb,Kurdish,236
Central Finland,2004,cmn,Chinese,57
Central Finland,2004,deu,German,105
Central Finland,2004,ekk,Estonian,284
Central Finland,2004,eng,English,215
Central Finland,2004,fin,Finnish,261798
Central Finland,2004,fra,French,47
Central Finland,2004,hun,Hungarian,17
Central Finland,2004,ind,Indonesian,12
Central Finland,2004,ita,Italian,15
Central Finland,2004,khk,Mongolian,21
Central Finland,2004,nld,Dutch,23
Central Finland,2004,pes,"Persian, Farsi",298
Central Finland,2004,pol,Polish,18
Central Finland,2004,rus,Russian,1340
Central Finland,2004,spa,Spanish,63
Central Finland,2004,srp,Serbian,12
Central Finland,2004,swe,Swedish,363
Central Finland,2004,tha,Thai,70
Central Finland,2004,tuk,Turkmen,19
Central Finland,2004,tur,Turkish,63
Central Finland,2004,ukr,Ukrainian,29
Central Finland,2005,als,Albanian,139
Central Finland,2005,arb,Arabic,94
Central Finland,2005,azj,Azerbaijani,10
Central Finland,2005,ben,"Bengali, (Bangla)",10
Central Finland,2005,bos,Bosnian,17
Central Finland,2005,bul,Bulgarian,12
Central Finland,2005,ces,Czech,13
Central Finland,2005,ckb,Kurdish,228
Central Finland,2005,cmn,Chinese,61
Central Finland,2005,dan,Danish,11
Central Finland,2005,deu,German,106
Central Finland,2005,ekk,Estonian,298
Central Finland,2005,eng,English,220
Central Finland,2005,fin,Finnish,262327
Central Finland,2005,fra,French,52
Central Finland,2005,hun,Hungarian,22
Central Finland,2005,ind,Indonesian,12
Central Finland,2005,ita,Italian,16
Central Finland,2005,khk,Mongolian,24
Central Finland,2005,mya,Burmese,13
Central Finland,2005,nld,Dutch,25
Central Finland,2005,pes,"Persian, Farsi",336
Central Finland,2005,pol,Polish,20
Central Finland,2005,ron,Romanian,12
Central Finland,2005,rus,Russian,1407
Central Finland,2005,spa,Spanish,61
Central Finland,2005,srp,Serbian,12
Central Finland,2005,swe,Swedish,341
Central Finland,2005,tha,Thai,101
Central Finland,2005,tuk,Turkmen,19
Central Finland,2005,tur,Turkish,60
Central Finland,2005,ukr,Ukrainian,27
Central Finland,2006,als,Albanian,148
Central Finland,2006,arb,Arabic,102
Central Finland,2006,ben,"Bengali, (Bangla)",11
Central Finland,2006,bos,Bosnian,21
Central Finland,2006,bul,Bulgarian,10
Central Finland,2006,ces,Czech,16
Central Finland,2006,che,Chechen,12
Central Finland,2006,ckb,Kurdish,234
Central Finland,2006,cmn,Chinese,62
Central Finland,2006,dan,Danish,12
Central Finland,2006,deu,German,116
Central Finland,2006,ekk,Estonian,321
Central Finland,2006,ell,Greek (modern),10
Central Finland,2006,eng,English,227
Central Finland,2006,fin,Finnish,262201
Central Finland,2006,fra,French,61
Central Finland,2006,hun,Hungarian,23
Central Finland,2006,ita,Italian,18
Central Finland,2006,khk,Mongolian,27
Central Finland,2006,mya,Burmese,22
Central Finland,2006,nld,Dutch,23
Central Finland,2006,pes,"Persian, Farsi",348
Central Finland,2006,pol,Polish,35
Central Finland,2006,por,Portuguese,10
Central Finland,2006,ron,Romanian,14
Central Finland,2006,rus,Russian,1464
Central Finland,2006,spa,Spanish,60
Central Finland,2006,srp,Serbian,13
Central Finland,2006,swe,Swedish,358
Central Finland,2006,tha,Thai,108
Central Finland,2006,tuk,Turkmen,20
Central Finland,2006,tur,Turkish,81
Central Finland,2006,ukr,Ukrainian,28
Central Finland,2007,als,Albanian,149
Central Finland,2007,arb,Arabic,81
Central Finland,2007,azj,Azerbaijani,10
Central Finland,2007,ben,"Bengali, (Bangla)",16
Central Finland,2007,bos,Bosnian,23
Central Finland,2007,bul,Bulgarian,12
Central Finland,2007,ces,Czech,14
Central Finland,2007,che,Chechen,17
Central Finland,2007,ckb,Kurdish,234
Central Finland,2007,cmn,Chinese,79
Central Finland,2007,deu,German,119
Central Finland,2007,ekk,Estonian,324
Central Finland,2007,ell,Greek (modern),12
Central Finland,2007,eng,English,287
Central Finland,2007,fin,Finnish,262910
Central Finland,2007,fra,French,73
Central Finland,2007,hun,Hungarian,39
Central Finland,2007,ita,Italian,19
Central Finland,2007,jpn,Japanese,13
Central Finland,2007,khk,Mongolian,23
Central Finland,2007,kin,Kinyarwanda,10
Central Finland,2007,mya,Burmese,22
Central Finland,2007,nld,Dutch,24
Central Finland,2007,pes,"Persian, Farsi",360
Central Finland,2007,pol,Polish,48
Central Finland,2007,por,Portuguese,18
Central Finland,2007,ron,Romanian,16
Central Finland,2007,rus,Russian,1494
Central Finland,2007,spa,Spanish,65
Central Finland,2007,srp,Serbian,14
Central Finland,2007,swe,Swedish,350
Central Finland,2007,swh,Swahili,23
Central Finland,2007,tha,Thai,142
Central Finland,2007,tuk,Turkmen,22
Central Finland,2007,tur,Turkish,91
Central Finland,2007,ukr,Ukrainian,27
Central Finland,2008,aka,Akan,10
Central Finland,2008,als,Albanian,155
Central Finland,2008,arb,Arabic,83
Central Finland,2008,ben,"Bengali, (Bangla)",23
Central Finland,2008,bos,Bosnian,21
Central Finland,2008,bul,Bulgarian,12
Central Finland,2008,ces,Czech,14
Central Finland,2008,che,Chechen,17
Central Finland,2008,ckb,Kurdish,237
Central Finland,2008,cmn,Chinese,117
Central Finland,2008,deu,German,145
Central Finland,2008,ekk,Estonian,336
Central Finland,2008,ell,Greek (modern),12
Central Finland,2008,eng,English,334
Central Finland,2008,fin,Finnish,263586
Central Finland,2008,fra,French,72
Central Finland,2008,hun,Hungarian,45
Central Finland,2008,ita,Italian,25
Central Finland,2008,jpn,Japanese,14
Central Finland,2008,khk,Mongolian,25
Central Finland,2008,kin,Kinyarwanda,10
Central Finland,2008,mya,Burmese,24
Central Finland,2008,nld,Dutch,27
Central Finland,2008,npi,Nepali,12
Central Finland,2008,pes,"Persian, Farsi",370
Central Finland,2008,pol,Polish,54
Central Finland,2008,por,Portuguese,20
Central Finland,2008,ron,Romanian,17
Central Finland,2008,rus,Russian,1568
Central Finland,2008,spa,Spanish,80
Central Finland,2008,srp,Serbian,14
Central Finland,2008,swe,Swedish,399
Central Finland,2008,swh,Swahili,32
Central Finland,2008,tha,Thai,155
Central Finland,2008,tuk,Turkmen,26
Central Finland,2008,tur,Turkish,103
Central Finland,2008,ukr,Ukrainian,28
Central Finland,2008,yor,Yoruba,11
Central Finland,2009,als,Albanian,141
Central Finland,2009,arb,Arabic,100
Central Finland,2009,ben,"Bengali, (Bangla)",30
Central Finland,2009,bos,Bosnian,23
Central Finland,2009,bul,Bulgarian,14
Central Finland,2009,ces,Czech,16
Central Finland,2009,che,Chechen,18
Central Finland,2009,ckb,Kurdish,263
Central Finland,2009,cmn,Chinese,133
Central Finland,2009,dan,Danish,12
Central Finland,2009,deu,German,169
Central Finland,2009,ekk,Estonian,375
Central Finland,2009,ell,Greek (modern),14
Central Finland,2009,eng,English,356
Central Finland,2009,fin,Finnish,264308
Central Finland,2009,fra,French,50
Central Finland,2009,hun,Hungarian,40
Central Finland,2009,ita,Italian,34
Central Finland,2009,jpn,Japanese,18
Central Finland,2009,khk,Mongolian,31
Central Finland,2009,kin,Kinyarwanda,33
Central Finland,2009,mya,Burmese,26
Central Finland,2009,nld,Dutch,25
Central Finland,2009,pes,"Persian, Farsi",359
Central Finland,2009,pol,Polish,61
Central Finland,2009,por,Portuguese,28
Central Finland,2009,ron,Romanian,16
Central Finland,2009,run,Rundi,17
Central Finland,2009,rus,Russian,1621
Central Finland,2009,som,Somali,12
Central Finland,2009,spa,Spanish,77
Central Finland,2009,srp,Serbian,12
Central Finland,2009,swe,Swedish,403
Central Finland,2009,swh,Swahili,49
Central Finland,2009,tha,Thai,192
Central Finland,2009,tuk,Turkmen,28
Central Finland,2009,tur,Turkish,113
Central Finland,2009,ukr,Ukrainian,28
Central Finland,2009,urd,Urdu,10
Central Finland,2009,wol,Wolof,10
Central Finland,2009,yor,Yoruba,12
Central Finland,2010,als,Albanian,146
Central Finland,2010,amh,Amharic,11
Central Finland,2010,arb,Arabic,114
Central Finland,2010,ben,"Bengali, (Bangla)",40
Central Finland,2010,bos,Bosnian,25
Central Finland,2010,bul,Bulgarian,13
Central Finland,2010,ces,Czech,15
Central Finland,2010,che,Chechen,19
Central Finland,2010,ckb,Kurdish,259
Central Finland,2010,cmn,Chinese,126
Central Finland,2010,deu,German,147
Central Finland,2010,ekk,Estonian,387
Central Finland,2010,ell,Greek (modern),15
Central Finland,2010,eng,English,398
Central Finland,2010,fin,Finnish,264913
Central Finland,2010,fra,French,47
Central Finland,2010,hun,Hungarian,43
Central Finland,2010,ind,Indonesian,10
Central Finland,2010,ita,Italian,44
Central Finland,2010,jpn,Japanese,19
Central Finland,2010,khk,Mongolian,35
Central Finland,2010,kin,Kinyarwanda,67
Central Finland,2010,lit,Lithuanian,11
Central Finland,2010,mya,Burmese,22
Central Finland,2010,nld,Dutch,28
Central Finland,2010,npi,Nepali,12
Central Finland,2010,pes,"Persian, Farsi",377
Central Finland,2010,pol,Polish,60
Central Finland,2010,por,Portuguese,31
Central Finland,2010,ron,Romanian,16
Central Finland,2010,run,Rundi,19
Central Finland,2010,rus,Russian,1622
Central Finland,2010,som,Somali,17
Central Finland,2010,spa,Spanish,92
Central Finland,2010,srp,Serbian,10
Central Finland,2010,swe,Swedish,404
Central Finland,2010,swh,Swahili,59
Central Finland,2010,tel,Telugu,12
Central Finland,2010,tha,Thai,217
Central Finland,2010,tuk,Turkmen,16
Central Finland,2010,tur,Turkish,127
Central Finland,2010,ukr,Ukrainian,31
Central Finland,2010,urd,Urdu,17
Central Finland,2010,vie,Vietnamese,15
Central Finland,2010,wol,Wolof,10
Central Finland,2010,yor,Yoruba,14
Central Finland,2011,als,Albanian,140
Central Finland,2011,amh,Amharic,17
Central Finland,2011,arb,Arabic,118
Central Finland,2011,ben,"Bengali, (Bangla)",47
Central Finland,2011,bos,Bosnian,24
Central Finland,2011,bul,Bulgarian,14
Central Finland,2011,ces,Czech,17
Central Finland,2011,che,Chechen,19
Central Finland,2011,ckb,Kurdish,265
Central Finland,2011,cmn,Chinese,164
Central Finland,2011,deu,German,163
Central Finland,2011,ekk,Estonian,415
Central Finland,2011,ell,Greek (modern),16
Central Finland,2011,eng,English,425
Central Finland,2011,fin,Finnish,265259
Central Finland,2011,fra,French,47
Central Finland,2011,hin,Hindi,10
Central Finland,2011,hun,Hungarian,54
Central Finland,2011,ind,Indonesian,10
Central Finland,2011,ita,Italian,44
Central Finland,2011,jpn,Japanese,16
Central Finland,2011,kin,Kinyarwanda,68
Central Finland,2011,lit,Lithuanian,12
Central Finland,2011,lvs,Latvian,10
Central Finland,2011,mya,Burmese,21
Central Finland,2011,nld,Dutch,29
Central Finland,2011,npi,Nepali,20
Central Finland,2011,pes,"Persian, Farsi",391
Central Finland,2011,pol,Polish,54
Central Finland,2011,por,Portuguese,35
Central Finland,2011,ron,Romanian,24
Central Finland,2011,run,Rundi,19
Central Finland,2011,rus,Russian,1722
Central Finland,2011,som,Somali,28
Central Finland,2011,spa,Spanish,107
Central Finland,2011,srp,Serbian,10
Central Finland,2011,swe,Swedish,431
Central Finland,2011,swh,Swahili,58
Central Finland,2011,tam,Tamil,11
Central Finland,2011,tel,Telugu,10
Central Finland,2011,tha,Thai,241
Central Finland,2011,tuk,Turkmen,12
Central Finland,2011,tur,Turkish,160
Central Finland,2011,ukr,Ukrainian,36
Central Finland,2011,urd,Urdu,22
Central Finland,2011,vie,Vietnamese,23
Central Finland,2011,wol,Wolof,10
Central Finland,2011,yor,Yoruba,17
Central Finland,2012,aka,Akan,11
Central Finland,2012,als,Albanian,144
Central Finland,2012,amh,Amharic,14
Central Finland,2012,arb,Arabic,149
Central Finland,2012,azj,Azerbaijani,12
Central Finland,2012,ben,"Bengali, (Bangla)",50
Central Finland,2012,bos,Bosnian,23
Central Finland,2012,bul,Bulgarian,15
Central Finland,2012,ces,Czech,18
Central Finland,2012,che,Chechen,13
Central Finland,2012,ckb,Kurdish,269
Central Finland,2012,cmn,Chinese,188
Central Finland,2012,deu,German,161
Central Finland,2012,ekk,Estonian,474
Central Finland,2012,ell,Greek (modern),22
Central Finland,2012,eng,English,460
Central Finland,2012,fin,Finnish,265659
Central Finland,2012,fra,French,68
Central Finland,2012,hin,Hindi,11
Central Finland,2012,hun,Hungarian,49
Central Finland,2012,ind,Indonesian,11
Central Finland,2012,ita,Italian,48
Central Finland,2012,jpn,Japanese,19
Central Finland,2012,kin,Kinyarwanda,103
Central Finland,2012,lit,Lithuanian,11
Central Finland,2012,mya,Burmese,23
Central Finland,2012,nld,Dutch,33
Central Finland,2012,npi,Nepali,23
Central Finland,2012,pes,"Persian, Farsi",417
Central Finland,2012,pol,Polish,53
Central Finland,2012,por,Portuguese,32
Central Finland,2012,ron,Romanian,24
Central Finland,2012,run,Rundi,17
Central Finland,2012,rus,Russian,1839
Central Finland,2012,sme,Sami,12
Central Finland,2012,som,Somali,39
Central Finland,2012,spa,Spanish,111
Central Finland,2012,srp,Serbian,10
Central Finland,2012,swe,Swedish,428
Central Finland,2012,swh,Swahili,79
Central Finland,2012,tam,Tamil,15
Central Finland,2012,tgl,Tagalog,14
Central Finland,2012,tha,Thai,249
Central Finland,2012,tuk,Turkmen,10
Central Finland,2012,tur,Turkish,161
Central Finland,2012,ukr,Ukrainian,37
Central Finland,2012,urd,Urdu,25
Central Finland,2012,vie,Vietnamese,24
Central Finland,2012,wol,Wolof,11
Central Finland,2012,yor,Yoruba,16
Central Finland,2013,aka,Akan,14
Central Finland,2013,als,Albanian,163
Central Finland,2013,amh,Amharic,11
Central Finland,2013,arb,Arabic,157
Central Finland,2013,azj,Azerbaijani,11
Central Finland,2013,ben,"Bengali, (Bangla)",58
Central Finland,2013,bos,Bosnian,23
Central Finland,2013,bul,Bulgarian,14
Central Finland,2013,ces,Czech,22
Central Finland,2013,ckb,Kurdish,289
Central Finland,2013,cmn,Chinese,201
Central Finland,2013,deu,German,161
Central Finland,2013,ekk,Estonian,523
Central Finland,2013,ell,Greek (modern),32
Central Finland,2013,eng,English,473
Central Finland,2013,fin,Finnish,265438
Central Finland,2013,fra,French,73
Central Finland,2013,hin,Hindi,17
Central Finland,2013,hun,Hungarian,56
Central Finland,2013,ind,Indonesian,13
Central Finland,2013,ita,Italian,50
Central Finland,2013,jpn,Japanese,19
Central Finland,2013,kin,Kinyarwanda,104
Central Finland,2013,lit,Lithuanian,12
Central Finland,2013,mya,Burmese,24
Central Finland,2013,nld,Dutch,34
Central Finland,2013,npi,Nepali,25
Central Finland,2013,pes,"Persian, Farsi",396
Central Finland,2013,pol,Polish,55
Central Finland,2013,por,Portuguese,44
Central Finland,2013,ron,Romanian,25
Central Finland,2013,run,Rundi,18
Central Finland,2013,rus,Russian,1923
Central Finland,2013,sme,Sami,10
Central Finland,2013,som,Somali,45
Central Finland,2013,spa,Spanish,133
Central Finland,2013,swe,Swedish,424
Central Finland,2013,swh,Swahili,76
Central Finland,2013,tam,Tamil,16
Central Finland,2013,tgl,Tagalog,19
Central Finland,2013,tha,Thai,284
Central Finland,2013,tuk,Turkmen,14
Central Finland,2013,tur,Turkish,166
Central Finland,2013,ukr,Ukrainian,38
Central Finland,2013,urd,Urdu,28
Central Finland,2013,vie,Vietnamese,34
Central Finland,2013,wol,Wolof,11
Central Finland,2013,yor,Yoruba,16
Central Finland,2014,aka,Akan,16
Central Finland,2014,als,Albanian,170
Central Finland,2014,amh,Amharic,15
Central Finland,2014,arb,Arabic,183
Central Finland,2014,ben,"Bengali, (Bangla)",62
Central Finland,2014,bos,Bosnian,23
Central Finland,2014,bul,Bulgarian,19
Central Finland,2014,ces,Czech,21
Central Finland,2014,ckb,Kurdish,294
Central Finland,2014,cmn,Chinese,236
Central Finland,2014,deu,German,161
Central Finland,2014,ekk,Estonian,564
Central Finland,2014,ell,Greek (modern),36
Central Finland,2014,eng,English,490
Central Finland,2014,fin,Finnish,265094
Central Finland,2014,fra,French,77
Central Finland,2014,hin,Hindi,22
Central Finland,2014,hun,Hungarian,63
Central Finland,2014,ibo,Igbo,10
Central Finland,2014,ind,Indonesian,15
Central Finland,2014,ita,Italian,46
Central Finland,2014,jpn,Japanese,21
Central Finland,2014,kin,Kinyarwanda,139
Central Finland,2014,kor,Korean,13
Central Finland,2014,lit,Lithuanian,13
Central Finland,2014,mya,Burmese,26
Central Finland,2014,nld,Dutch,38
Central Finland,2014,nor,Norwegian,11
Central Finland,2014,npi,Nepali,29
Central Finland,2014,pes,"Persian, Farsi",413
Central Finland,2014,pol,Polish,55
Central Finland,2014,por,Portuguese,48
Central Finland,2014,ron,Romanian,22
Central Finland,2014,run,Rundi,14
Central Finland,2014,rus,Russian,1975
Central Finland,2014,sme,Sami,10
Central Finland,2014,som,Somali,54
Central Finland,2014,spa,Spanish,128
Central Finland,2014,swe,Swedish,442
Central Finland,2014,swh,Swahili,84
Central Finland,2014,tam,Tamil,17
Central Finland,2014,tel,Telugu,14
Central Finland,2014,tgl,Tagalog,26
Central Finland,2014,tha,Thai,319
Central Finland,2014,tuk,Turkmen,12
Central Finland,2014,tur,Turkish,180
Central Finland,2014,ukr,Ukrainian,43
Central Finland,2014,urd,Urdu,39
Central Finland,2014,vie,Vietnamese,53
Central Finland,2014,wol,Wolof,10
Central Finland,2014,yor,Yoruba,20
Central Finland,2015,aka,Akan,12
Central Finland,2015,als,Albanian,184
Central Finland,2015,amh,Amharic,13
Central Finland,2015,arb,Arabic,197
Central Finland,2015,bel,Belarusian,10
Central Finland,2015,ben,"Bengali, (Bangla)",66
Central Finland,2015,bos,Bosnian,23
Central Finland,2015,bul,Bulgarian,24
Central Finland,2015,ces,Czech,24
Central Finland,2015,ckb,Kurdish,306
Central Finland,2015,cmn,Chinese,245
Central Finland,2015,deu,German,172
Central Finland,2015,ekk,Estonian,578
Central Finland,2015,ell,Greek (modern),40
Central Finland,2015,eng,English,523
Central Finland,2015,fin,Finnish,265143
Central Finland,2015,fra,French,72
Central Finland,2015,heb,Hebrew,11
Central Finland,2015,hin,Hindi,40
Central Finland,2015,hun,Hungarian,73
Central Finland,2015,ibo,Igbo,10
Central Finland,2015,ind,Indonesian,14
Central Finland,2015,ita,Italian,48
Central Finland,2015,jpn,Japanese,21
Central Finland,2015,kin,Kinyarwanda,156
Central Finland,2015,kor,Korean,19
Central Finland,2015,lit,Lithuanian,12
Central Finland,2015,mya,Burmese,26
Central Finland,2015,nld,Dutch,40
Central Finland,2015,nor,Norwegian,13
Central Finland,2015,npi,Nepali,39
Central Finland,2015,pan,Panjabi,11
Central Finland,2015,pes,"Persian, Farsi",438
Central Finland,2015,pol,Polish,53
Central Finland,2015,por,Portuguese,53
Central Finland,2015,ron,Romanian,26
Central Finland,2015,run,Rundi,10
Central Finland,2015,rus,Russian,2046
Central Finland,2015,sme,Sami,10
Central Finland,2015,som,Somali,70
Central Finland,2015,spa,Spanish,140
Central Finland,2015,swe,Swedish,440
Central Finland,2015,swh,Swahili,83
Central Finland,2015,tam,Tamil,20
Central Finland,2015,tel,Telugu,14
Central Finland,2015,tgl,Tagalog,26
Central Finland,2015,tha,Thai,334
Central Finland,2015,tur,Turkish,181
Central Finland,2015,ukr,Ukrainian,43
Central Finland,2015,urd,Urdu,41
Central Finland,2015,vie,Vietnamese,68
Central Finland,2015,wol,Wolof,12
Central Finland,2015,yor,Yoruba,23
Central Finland,2016,aka,Akan,13
Central Finland,2016,als,Albanian,182
Central Finland,2016,amh,Amharic,16
Central Finland,2016,arb,Arabic,348
Central Finland,2016,azj,Azerbaijani,10
Central Finland,2016,bel,Belarusian,10
Central Finland,2016,ben,"Bengali, (Bangla)",73
Central Finland,2016,bos,Bosnian,23
Central Finland,2016,bul,Bulgarian,25
Central Finland,2016,ces,Czech,24
Central Finland,2016,ckb,Kurdish,330
Central Finland,2016,cmn,Chinese,264
Central Finland,2016,dan,Danish,10
Central Finland,2016,deu,German,167
Central Finland,2016,ekk,Estonian,584
Central Finland,2016,ell,Greek (modern),39
Central Finland,2016,eng,English,568
Central Finland,2016,fin,Finnish,264881
Central Finland,2016,fra,French,70
Central Finland,2016,heb,Hebrew,12
Central Finland,2016,hin,Hindi,40
Central Finland,2016,hun,Hungarian,78
Central Finland,2016,ind,Indonesian,11
Central Finland,2016,ita,Italian,53
Central Finland,2016,jpn,Japanese,32
Central Finland,2016,kin,Kinyarwanda,158
Central Finland,2016,kor,Korean,22
Central Finland,2016,lit,Lithuanian,12
Central Finland,2016,lvs,Latvian,11
Central Finland,2016,mya,Burmese,26
Central Finland,2016,nld,Dutch,40
Central Finland,2016,nor,Norwegian,10
Central Finland,2016,npi,Nepali,38
Central Finland,2016,pes,"Persian, Farsi",615
Central Finland,2016,pol,Polish,50
Central Finland,2016,por,Portuguese,61
Central Finland,2016,ron,Romanian,24
Central Finland,2016,run,Rundi,11
Central Finland,2016,rus,Russian,2138
Central Finland,2016,sme,Sami,12
Central Finland,2016,snd,Sindhi,11
Central Finland,2016,som,Somali,92
Central Finland,2016,spa,Spanish,144
Central Finland,2016,srp,Serbian,24
Central Finland,2016,swe,Swedish,427
Central Finland,2016,swh,Swahili,88
Central Finland,2016,tam,Tamil,25
Central Finland,2016,tel,Telugu,13
Central Finland,2016,tgl,Tagalog,31
Central Finland,2016,tha,Thai,344
Central Finland,2016,tur,Turkish,182
Central Finland,2016,ukr,Ukrainian,48
Central Finland,2016,urd,Urdu,46
Central Finland,2016,vie,Vietnamese,81
Central Finland,2016,wol,Wolof,13
Central Finland,2016,yor,Yoruba,24
Central Finland,2017,aka,Akan,14
Central Finland,2017,als,Albanian,178
Central Finland,2017,amh,Amharic,12
Central Finland,2017,arb,Arabic,427
Central Finland,2017,azj,Azerbaijani,11
Central Finland,2017,bel,Belarusian,11
Central Finland,2017,ben,"Bengali, (Bangla)",86
Central Finland,2017,bos,Bosnian,23
Central Finland,2017,bul,Bulgarian,29
Central Finland,2017,ces,Czech,28
Central Finland,2017,ckb,Kurdish,376
Central Finland,2017,cmn,Chinese,261
Central Finland,2017,deu,German,168
Central Finland,2017,ekk,Estonian,582
Central Finland,2017,ell,Greek (modern),40
Central Finland,2017,eng,English,557
Central Finland,2017,fin,Finnish,264385
Central Finland,2017,fra,French,74
Central Finland,2017,heb,Hebrew,10
Central Finland,2017,hin,Hindi,43
Central Finland,2017,hun,Hungarian,79
Central Finland,2017,ind,Indonesian,15
Central Finland,2017,ita,Italian,53
Central Finland,2017,jpn,Japanese,35
Central Finland,2017,kin,Kinyarwanda,176
Central Finland,2017,kor,Korean,30
Central Finland,2017,lit,Lithuanian,14
Central Finland,2017,lvs,Latvian,10
Central Finland,2017,mya,Burmese,26
Central Finland,2017,nld,Dutch,46
Central Finland,2017,npi,Nepali,48
Central Finland,2017,pes,"Persian, Farsi",653
Central Finland,2017,pol,Polish,52
Central Finland,2017,por,Portuguese,64
Central Finland,2017,ron,Romanian,26
Central Finland,2017,run,Rundi,14
Central Finland,2017,rus,Russian,2158
Central Finland,2017,sme,Sami,13
Central Finland,2017,snd,Sindhi,14
Central Finland,2017,som,Somali,80
Central Finland,2017,spa,Spanish,146
Central Finland,2017,srp,Serbian,10
Central Finland,2017,swe,Swedish,417
Central Finland,2017,swh,Swahili,89
Central Finland,2017,tam,Tamil,26
Central Finland,2017,tel,Telugu,21
Central Finland,2017,tgl,Tagalog,46
Central Finland,2017,tha,Thai,352
Central Finland,2017,tir,Tigrinya,27
Central Finland,2017,tur,Turkish,198
Central Finland,2017,ukr,Ukrainian,46
Central Finland,2017,urd,Urdu,52
Central Finland,2017,vie,Vietnamese,92
Central Finland,2017,wol,Wolof,14
Central Finland,2017,yor,Yoruba,29
Central Finland,2018,afr,Afrikaans,14
Central Finland,2018,aka,Akan,17
Central Finland,2018,als,Albanian,169
Central Finland,2018,amh,Amharic,14
Central Finland,2018,arb,Arabic,480
Central Finland,2018,azj,Azerbaijani,12
Central Finland,2018,bel,Belarusian,13
Central Finland,2018,ben,"Bengali, (Bangla)",88
Central Finland,2018,bos,Bosnian,23
Central Finland,2018,bul,Bulgarian,30
Central Finland,2018,ces,Czech,26
Central Finland,2018,ckb,Kurdish,399
Central Finland,2018,cmn,Chinese,270
Central Finland,2018,deu,German,161
Central Finland,2018,ekk,Estonian,583
Central Finland,2018,ell,Greek (modern),38
Central Finland,2018,eng,English,550
Central Finland,2018,fin,Finnish,263693
Central Finland,2018,fra,French,81
Central Finland,2018,heb,Hebrew,14
Central Finland,2018,hin,Hindi,40
Central Finland,2018,hun,Hungarian,83
Central Finland,2018,ind,Indonesian,19
Central Finland,2018,ita,Italian,57
Central Finland,2018,jpn,Japanese,30
Central Finland,2018,kik,Kikuyu,10
Central Finland,2018,kin,Kinyarwanda,177
Central Finland,2018,kor,Korean,28
Central Finland,2018,lit,Lithuanian,15
Central Finland,2018,lvs,Latvian,11
Central Finland,2018,mya,Burmese,26
Central Finland,2018,nld,Dutch,47
Central Finland,2018,npi,Nepali,44
Central Finland,2018,pan,Panjabi,13
Central Finland,2018,pes,"Persian, Farsi",666
Central Finland,2018,pol,Polish,65
Central Finland,2018,por,Portuguese,65
Central Finland,2018,ron,Romanian,30
Central Finland,2018,run,Rundi,14
Central Finland,2018,rus,Russian,2185
Central Finland,2018,sme,Sami,14
Central Finland,2018,snd,Sindhi,17
Central Finland,2018,som,Somali,77
Central Finland,2018,spa,Spanish,156
Central Finland,2018,srp,Serbian,22
Central Finland,2018,swe,Swedish,440
Central Finland,2018,swh,Swahili,80
Central Finland,2018,tam,Tamil,20
Central Finland,2018,tel,Telugu,28
Central Finland,2018,tgl,Tagalog,52
Central Finland,2018,tha,Thai,372
Central Finland,2018,tir,Tigrinya,42
Central Finland,2018,tuk,Turkmen,11
Central Finland,2018,tur,Turkish,213
Central Finland,2018,ukr,Ukrainian,52
Central Finland,2018,urd,Urdu,58
Central Finland,2018,vie,Vietnamese,93
Central Finland,2018,wol,Wolof,12
Central Finland,2018,yor,Yoruba,21
Central Finland,2019,afr,Afrikaans,13
Central Finland,2019,aka,Akan,17
Central Finland,2019,als,Albanian,167
Central Finland,2019,amh,Amharic,13
Central Finland,2019,arb,Arabic,502
Central Finland,2019,azj,Azerbaijani,10
Central Finland,2019,bel,Belarusian,13
Central Finland,2019,ben,"Bengali, (Bangla)",99
Central Finland,2019,bos,Bosnian,24
Central Finland,2019,bul,Bulgarian,32
Central Finland,2019,ces,Czech,31
Central Finland,2019,ckb,Kurdish,435
Central Finland,2019,cmn,Chinese,291
Central Finland,2019,dan,Danish,11
Central Finland,2019,deu,German,174
Central Finland,2019,ekk,Estonian,586
Central Finland,2019,ell,Greek (modern),35
Central Finland,2019,eng,English,528
Central Finland,2019,fin,Finnish,262908
Central Finland,2019,fra,French,76
Central Finland,2019,heb,Hebrew,14
Central Finland,2019,hin,Hindi,46
Central Finland,2019,hun,Hungarian,83
Central Finland,2019,ibo,Igbo,10
Central Finland,2019,ind,Indonesian,20
Central Finland,2019,ita,Italian,51
Central Finland,2019,jpn,Japanese,35
Central Finland,2019,kin,Kinyarwanda,189
Central Finland,2019,kor,Korean,25
Central Finland,2019,lit,Lithuanian,16
Central Finland,2019,lvs,Latvian,10
Central Finland,2019,mya,Burmese,30
Central Finland,2019,nld,Dutch,56
Central Finland,2019,npi,Nepali,49
Central Finland,2019,pan,Panjabi,13
Central Finland,2019,pes,"Persian, Farsi",716
Central Finland,2019,pol,Polish,67
Central Finland,2019,por,Portuguese,71
Central Finland,2019,pst,Pushto,13
Central Finland,2019,ron,Romanian,34
Central Finland,2019,run,Rundi,15
Central Finland,2019,rus,Russian,2210
Central Finland,2019,sme,Sami,14
Central Finland,2019,snd,Sindhi,16
Central Finland,2019,som,Somali,73
Central Finland,2019,spa,Spanish,169
Central Finland,2019,srp,Serbian,13
Central Finland,2019,swe,Swedish,420
Central Finland,2019,swh,Swahili,145
Central Finland,2019,tam,Tamil,18
Central Finland,2019,tel,Telugu,29
Central Finland,2019,tgl,Tagalog,54
Central Finland,2019,tha,Thai,381
Central Finland,2019,tir,Tigrinya,52
Central Finland,2019,tuk,Turkmen,11
Central Finland,2019,tur,Turkish,248
Central Finland,2019,ukr,Ukrainian,62
Central Finland,2019,urd,Urdu,58
Central Finland,2019,uzn,Uzbek,38
Central Finland,2019,vie,Vietnamese,92
Central Finland,2019,yor,Yoruba,22
Central Finland,2020,afr,Afrikaans,13
Central Finland,2020,aka,Akan,16
Central Finland,2020,als,Albanian,180
Central Finland,2020,amh,Amharic,12
Central Finland,2020,arb,Arabic,548
Central Finland,2020,azj,Azerbaijani,10
Central Finland,2020,bel,Belarusian,12
Central Finland,2020,ben,"Bengali, (Bangla)",96
Central Finland,2020,bos,Bosnian,27
Central Finland,2020,bul,Bulgarian,31
Central Finland,2020,ces,Czech,38
Central Finland,2020,ckb,Kurdish,464
Central Finland,2020,cmn,Chinese,307
Central Finland,2020,dan,Danish,14
Central Finland,2020,deu,German,183
Central Finland,2020,ekk,Estonian,574
Central Finland,2020,ell,Greek (modern),32
Central Finland,2020,eng,English,563
Central Finland,2020,fin,Finnish,262291
Central Finland,2020,fra,French,82
Central Finland,2020,heb,Hebrew,12
Central Finland,2020,hin,Hindi,53
Central Finland,2020,hun,Hungarian,74
Central Finland,2020,ibo,Igbo,12
Central Finland,2020,ind,Indonesian,21
Central Finland,2020,ita,Italian,52
Central Finland,2020,jpn,Japanese,44
Central Finland,2020,kin,Kinyarwanda,195
Central Finland,2020,kor,Korean,30
Central Finland,2020,lit,Lithuanian,13
Central Finland,2020,lvs,Latvian,13
Central Finland,2020,mya,Burmese,29
Central Finland,2020,nld,Dutch,60
Central Finland,2020,npi,Nepali,58
Central Finland,2020,pan,Panjabi,18
Central Finland,2020,pes,"Persian, Farsi",696
Central Finland,2020,pol,Polish,60
Central Finland,2020,por,Portuguese,76
Central Finland,2020,pst,Pushto,13
Central Finland,2020,ron,Romanian,35
Central Finland,2020,rus,Russian,2246
Central Finland,2020,slk,Slovak,12
Central Finland,2020,sme,Sami,16
Central Finland,2020,snd,Sindhi,14
Central Finland,2020,som,Somali,69
Central Finland,2020,spa,Spanish,179
Central Finland,2020,srp,Serbian,15
Central Finland,2020,swe,Swedish,437
Central Finland,2020,swh,Swahili,200
Central Finland,2020,tam,Tamil,16
Central Finland,2020,tel,Telugu,30
Central Finland,2020,tgl,Tagalog,62
Central Finland,2020,tha,Thai,373
Central Finland,2020,tir,Tigrinya,49
Central Finland,2020,tuk,Turkmen,12
Central Finland,2020,tur,Turkish,251
Central Finland,2020,ukr,Ukrainian,63
Central Finland,2020,urd,Urdu,57
Central Finland,2020,uzn,Uzbek,40
Central Finland,2020,vie,Vietnamese,105
Central Finland,2020,yor,Yoruba,17
Central Finland,2021,afr,Afrikaans,13
Central Finland,2021,aka,Akan,17
Central Finland,2021,als,Albanian,184
Central Finland,2021,amh,Amharic,13
Central Finland,2021,arb,Arabic,587
Central Finland,2021,azj,Azerbaijani,12
Central Finland,2021,bel,Belarusian,12
Central Finland,2021,ben,"Bengali, (Bangla)",97
Central Finland,2021,bos,Bosnian,28
Central Finland,2021,bul,Bulgarian,31
Central Finland,2021,ces,Czech,36
Central Finland,2021,ckb,Kurdish,461
Central Finland,2021,cmn,Chinese,338
Central Finland,2021,dan,Danish,13
Central Finland,2021,deu,German,186
Central Finland,2021,ekk,Estonian,586
Central Finland,2021,ell,Greek (modern),39
Central Finland,2021,eng,English,628
Central Finland,2021,fin,Finnish,261909
Central Finland,2021,fra,French,114
Central Finland,2021,heb,Hebrew,11
Central Finland,2021,hin,Hindi,77
Central Finland,2021,hun,Hungarian,75
Central Finland,2021,hye,Armenian,12
Central Finland,2021,ibo,Igbo,19
Central Finland,2021,ind,Indonesian,22
Central Finland,2021,ita,Italian,53
Central Finland,2021,jpn,Japanese,46
Central Finland,2021,kin,Kinyarwanda,196
Central Finland,2021,kor,Korean,31
Central Finland,2021,lit,Lithuanian,14
Central Finland,2021,lvs,Latvian,10
Central Finland,2021,mya,Burmese,32
Central Finland,2021,nld,Dutch,67
Central Finland,2021,nor,Norwegian,10
Central Finland,2021,npi,Nepali,68
Central Finland,2021,pan,Panjabi,22
Central Finland,2021,pes,"Persian, Farsi",739
Central Finland,2021,pol,Polish,65
Central Finland,2021,por,Portuguese,80
Central Finland,2021,pst,Pushto,14
Central Finland,2021,ron,Romanian,42
Central Finland,2021,rus,Russian,2265
Central Finland,2021,sin,Sinhala,12
Central Finland,2021,sme,Sami,16
Central Finland,2021,snd,Sindhi,16
Central Finland,2021,som,Somali,73
Central Finland,2021,spa,Spanish,191
Central Finland,2021,srp,Serbian,10
Central Finland,2021,swe,Swedish,434
Central Finland,2021,swh,Swahili,210
Central Finland,2021,tam,Tamil,17
Central Finland,2021,tel,Telugu,35
Central Finland,2021,tgl,Tagalog,68
Central Finland,2021,tha,Thai,379
Central Finland,2021,tir,Tigrinya,45
Central Finland,2021,tuk,Turkmen,13
Central Finland,2021,tur,Turkish,257
Central Finland,2021,ukr,Ukrainian,73
Central Finland,2021,urd,Urdu,59
Central Finland,2021,uzn,Uzbek,50
Central Finland,2021,vie,Vietnamese,116
Central Finland,2021,yor,Yoruba,18
Central Finland,2022,afr,Afrikaans,13
Central Finland,2022,aka,Akan,18
Central Finland,2022,als,Albanian,195
Central Finland,2022,amh,Amharic,16
Central Finland,2022,arb,Arabic,600
Central Finland,2022,bel,Belarusian,11
Central Finland,2022,ben,"Bengali, (Bangla)",124
Central Finland,2022,bos,Bosnian,27
Central Finland,2022,bul,Bulgarian,36
Central Finland,2022,ces,Czech,35
Central Finland,2022,ckb,Kurdish,448
Central Finland,2022,cmn,Chinese,377
Central Finland,2022,dan,Danish,15
Central Finland,2022,deu,German,195
Central Finland,2022,ekk,Estonian,577
Central Finland,2022,ell,Greek (modern),44
Central Finland,2022,eng,English,728
Central Finland,2022,fin,Finnish,260943
Central Finland,2022,fra,French,117
Central Finland,2022,heb,Hebrew,11
Central Finland,2022,hin,Hindi,88
Central Finland,2022,hun,Hungarian,77
Central Finland,2022,hye,Armenian,13
Central Finland,2022,ibo,Igbo,21
Central Finland,2022,ind,Indonesian,26
Central Finland,2022,ita,Italian,62
Central Finland,2022,jpn,Japanese,68
Central Finland,2022,kik,Kikuyu,10
Central Finland,2022,kin,Kinyarwanda,204
Central Finland,2022,kor,Korean,37
Central Finland,2022,lit,Lithuanian,17
Central Finland,2022,lvs,Latvian,33
Central Finland,2022,mal,Malayalam,10
Central Finland,2022,mar,Marathi,13
Central Finland,2022,mya,Burmese,34
Central Finland,2022,nld,Dutch,69
Central Finland,2022,nor,Norwegian,10
Central Finland,2022,npi,Nepali,80
Central Finland,2022,pan,Panjabi,32
Central Finland,2022,pes,"Persian, Farsi",787
Central Finland,2022,pol,Polish,64
Central Finland,2022,por,Portuguese,77
Central Finland,2022,pst,Pushto,11
Central Finland,2022,ron,Romanian,39
Central Finland,2022,rus,Russian,2324
Central Finland,2022,sin,Sinhala,70
Central Finland,2022,slk,Slovak,12
Central Finland,2022,sme,Sami,16
Central Finland,2022,snd,Sindhi,21
Central Finland,2022,som,Somali,68
Central Finland,2022,spa,Spanish,177
Central Finland,2022,swe,Swedish,449
Central Finland,2022,swh,Swahili,210
Central Finland,2022,tam,Tamil,29
Central Finland,2022,tel,Telugu,29
Central Finland,2022,tgl,Tagalog,97
Central Finland,2022,tha,Thai,398
Central Finland,2022,tir,Tigrinya,52
Central Finland,2022,tuk,Turkmen,18
Central Finland,2022,tur,Turkish,285
Central Finland,2022,ukr,Ukrainian,62
Central Finland,2022,urd,Urdu,71
Central Finland,2022,uzn,Uzbek,93
Central Finland,2022,vie,Vietnamese,124
Central Finland,2022,wol,Wolof,10
Central Finland,2022,yor,Yoruba,26
Central Finland,2023,afr,Afrikaans,11
Central Finland,2023,aka,Akan,17
Central Finland,2023,als,Albanian,197
Central Finland,2023,amh,Amharic,21
Central Finland,2023,arb,Arabic,604
Central Finland,2023,bel,Belarusian,11
Central Finland,2023,ben,"Bengali, (Bangla)",205
Central Finland,2023,bos,Bosnian,26
Central Finland,2023,bul,Bulgarian,34
Central Finland,2023,ces,Czech,40
Central Finland,2023,ckb,Kurdish,464
Central Finland,2023,cmn,Chinese,431
Central Finland,2023,dan,Danish,18
Central Finland,2023,deu,German,220
Central Finland,2023,ekk,Estonian,565
Central Finland,2023,ell,Greek (modern),44
Central Finland,2023,eng,English,898
Central Finland,2023,fin,Finnish,259715
Central Finland,2023,fra,French,118
Central Finland,2023,heb,Hebrew,13
Central Finland,2023,hin,Hindi,117
Central Finland,2023,hun,Hungarian,78
Central Finland,2023,hye,Armenian,16
Central Finland,2023,ibo,Igbo,36
Central Finland,2023,ind,Indonesian,30
Central Finland,2023,ita,Italian,65
Central Finland,2023,jpn,Japanese,72
Central Finland,2023,kik,Kikuyu,11
Central Finland,2023,kin,Kinyarwanda,205
Central Finland,2023,kor,Korean,37
Central Finland,2023,lit,Lithuanian,19
Central Finland,2023,lvs,Latvian,15
Central Finland,2023,mal,Malayalam,13
Central Finland,2023,mar,Marathi,10
Central Finland,2023,mya,Burmese,43
Central Finland,2023,nld,Dutch,75
Central Finland,2023,npi,Nepali,128
Central Finland,2023,pan,Panjabi,67
Central Finland,2023,pes,"Persian, Farsi",844
Central Finland,2023,pol,Polish,66
Central Finland,2023,por,Portuguese,76
Central Finland,2023,pst,Pushto,14
Central Finland,2023,ron,Romanian,42
Central Finland,2023,rus,Russian,2546
Central Finland,2023,sin,Sinhala,218
Central Finland,2023,slk,Slovak,11
Central Finland,2023,sme,Sami,16
Central Finland,2023,snd,Sindhi,29
Central Finland,2023,som,Somali,53
Central Finland,2023,spa,Spanish,190
Central Finland,2023,srp,Serbian,10
Central Finland,2023,swe,Swedish,441
Central Finland,2023,swh,Swahili,221
Central Finland,2023,tam,Tamil,40
Central Finland,2023,tel,Telugu,24
Central Finland,2023,tgl,Tagalog,107
Central Finland,2023,tha,Thai,411
Central Finland,2023,tir,Tigrinya,48
Central Finland,2023,tuk,Turkmen,21
Central Finland,2023,tur,Turkish,322
Central Finland,2023,ukr,Ukrainian,1094
Central Finland,2023,urd,Urdu,120
Central Finland,2023,uzn,Uzbek,59
Central Finland,2023,vie,Vietnamese,125
Central Finland,2023,wol,Wolof,11
Central Finland,2023,yor,Yoruba,30
Central Finland,2024,afr,Afrikaans,11
Central Finland,2024,aka,Akan,14
Central Finland,2024,als,Albanian,197
Central Finland,2024,amh,Amharic,27
Central Finland,2024,arb,Arabic,645
Central Finland,2024,bel,Belarusian,10
Central Finland,2024,ben,"Bengali, (Bangla)",324
Central Finland,2024,bos,Bosnian,27
Central Finland,2024,bul,Bulgarian,35
Central Finland,2024,ces,Czech,34
Central Finland,2024,ckb,Kurdish,476
Central Finland,2024,cmn,Chinese,484
Central Finland,2024,dan,Danish,17
Central Finland,2024,deu,German,204
Central Finland,2024,ekk,Estonian,567
Central Finland,2024,ell,Greek (modern),41
Central Finland,2024,eng,English,955
Central Finland,2024,fin,Finnish,258625
Central Finland,2024,fra,French,124
Central Finland,2024,heb,Hebrew,11
Central Finland,2024,hin,Hindi,122
Central Finland,2024,hun,Hungarian,81
Central Finland,2024,hye,Armenian,14
Central Finland,2024,ibo,Igbo,48
Central Finland,2024,ind,Indonesian,35
Central Finland,2024,ita,Italian,65
Central Finland,2024,jpn,Japanese,73
Central Finland,2024,kaz,Kazakh,11
Central Finland,2024,kin,Kinyarwanda,198
Central Finland,2024,kor,Korean,26
Central Finland,2024,lit,Lithuanian,21
Central Finland,2024,lvs,Latvian,33
Central Finland,2024,mal,Malayalam,14
Central Finland,2024,mar,Marathi,10
Central Finland,2024,mya,Burmese,63
Central Finland,2024,nld,Dutch,75
Central Finland,2024,npi,Nepali,173
Central Finland,2024,pan,Panjabi,95
Central Finland,2024,pes,"Persian, Farsi",842
Central Finland,2024,pol,Polish,70
Central Finland,2024,por,Portuguese,78
Central Finland,2024,pst,Pushto,25
Central Finland,2024,ron,Romanian,41
Central Finland,2024,rus,Russian,2669
Central Finland,2024,sin,Sinhala,341
Central Finland,2024,sme,Sami,16
Central Finland,2024,snd,Sindhi,34
Central Finland,2024,som,Somali,60
Central Finland,2024,spa,Spanish,223
Central Finland,2024,srp,Serbian,10
Central Finland,2024,swe,Swedish,417
Central Finland,2024,swh,Swahili,214
Central Finland,2024,tam,Tamil,44
Central Finland,2024,tel,Telugu,25
Central Finland,2024,tgl,Tagalog,149
Central Finland,2024,tha,Thai,429
Central Finland,2024,tir,Tigrinya,48
Central Finland,2024,tuk,Turkmen,16
Central Finland,2024,tur,Turkish,362
Central Finland,2024,ukr,Ukrainian,2017
Central Finland,2024,urd,Urdu,171
Central Finland,2024,uzn,Uzbek,42
Central Finland,2024,vie,Vietnamese,151
Central Finland,2024,wol,Wolof,11
Central Finland,2024,yor,Yoruba,34
Central Finland,2025,afr,Afrikaans,11
Central Finland,2025,aka,Akan,15
Central Finland,2025,als,Albanian,190
Central Finland,2025,amh,Amharic,40
Central Finland,2025,arb,Arabic,628
Central Finland,2025,bel,Belarusian,10
Central Finland,2025,ben,"Bengali, (Bangla)",390
Central Finland,2025,bos,Bosnian,27
Central Finland,2025,bul,Bulgarian,35
Central Finland,2025,ces,Czech,37
Central Finland,2025,ckb,Kurdish,473
Central Finland,2025,cmn,Chinese,501
Central Finland,2025,dan,Danish,18
Central Finland,2025,deu,German,224
Central Finland,2025,ekk,Estonian,554
Central Finland,2025,ell,Greek (modern),37
Central Finland,2025,eng,English,993
Central Finland,2025,fin,Finnish,257296
Central Finland,2025,fra,French,118
Central Finland,2025,guj,Gujarati,10
Central Finland,2025,heb,Hebrew,10
Central Finland,2025,hin,Hindi,153
Central Finland,2025,hun,Hungarian,89
Central Finland,2025,hye,Armenian,14
Central Finland,2025,ibo,Igbo,62
Central Finland,2025,ind,Indonesian,35
Central Finland,2025,ita,Italian,74
Central Finland,2025,jpn,Japanese,88
Central Finland,2025,kaz,Kazakh,10
Central Finland,2025,kin,Kinyarwanda,178
Central Finland,2025,kor,Korean,23
Central Finland,2025,lit,Lithuanian,19
Central Finland,2025,lvs,Latvian,41
Central Finland,2025,mal,Malayalam,16
Central Finland,2025,mar,Marathi,11
Central Finland,2025,mya,Burmese,72
Central Finland,2025,nld,Dutch,74
Central Finland,2025,npi,Nepali,174
Central Finland,2025,pan,Panjabi,103
Central Finland,2025,pes,"Persian, Farsi",910
Central Finland,2025,pol,Polish,70
Central Finland,2025,por,Portuguese,84
Central Finland,2025,pst,Pushto,29
Central Finland,2025,ron,Romanian,44
Central Finland,2025,rus,Russian,2629
Central Finland,2025,sin,Sinhala,407
Central Finland,2025,sme,Sami,17
Central Finland,2025,snd,Sindhi,32
Central Finland,2025,som,Somali,93
Central Finland,2025,spa,Spanish,233
Central Finland,2025,srp,Serbian,13
Central Finland,2025,swe,Swedish,409
Central Finland,2025,swh,Swahili,221
Central Finland,2025,tam,Tamil,48
Central Finland,2025,tel,Telugu,28
Central Finland,2025,tgl,Tagalog,160
Central Finland,2025,tha,Thai,437
Central Finland,2025,tir,Tigrinya,46
Central Finland,2025,tuk,Turkmen,16
Central Finland,2025,tur,Turkish,366
Central Finland,2025,ukr,Ukrainian,2417
Central Finland,2025,urd,Urdu,239
Central Finland,2025,uzn,Uzbek,41
Central Finland,2025,vie,Vietnamese,155
Central Finland,2025,yor,Yoruba,48
Central Ostrobothnia,1990,eng,English,12
Central Ostrobothnia,1990,fin,Finnish,60900
Central Ostrobothnia,1990,rus,Russian,10
Central Ostrobothnia,1990,swe,Swedish,7210
Central Ostrobothnia,1991,ekk,Estonian,15
Central Ostrobothnia,1991,eng,English,14
Central Ostrobothnia,1991,fin,Finnish,61134
Central Ostrobothnia,1991,rus,Russian,38
Central Ostrobothnia,1991,swe,Swedish,7194
Central Ostrobothnia,1992,ekk,Estonian,32
Central Ostrobothnia,1992,eng,English,13
Central Ostrobothnia,1992,fin,Finnish,61513
Central Ostrobothnia,1992,rus,Russian,58
Central Ostrobothnia,1992,swe,Swedish,7148
Central Ostrobothnia,1993,als,Albanian,39
Central Ostrobothnia,1993,ekk,Estonian,24
Central Ostrobothnia,1993,eng,English,12
Central Ostrobothnia,1993,fin,Finnish,61882
Central Ostrobothnia,1993,rus,Russian,49
Central Ostrobothnia,1993,swe,Swedish,7137
Central Ostrobothnia,1994,als,Albanian,45
Central Ostrobothnia,1994,ckb,Kurdish,14
Central Ostrobothnia,1994,ekk,Estonian,27
Central Ostrobothnia,1994,eng,English,12
Central Ostrobothnia,1994,fin,Finnish,62158
Central Ostrobothnia,1994,lin,Lingala,10
Central Ostrobothnia,1994,rus,Russian,51
Central Ostrobothnia,1994,swe,Swedish,7116
Central Ostrobothnia,1994,vie,Vietnamese,10
Central Ostrobothnia,1995,als,Albanian,42
Central Ostrobothnia,1995,ckb,Kurdish,10
Central Ostrobothnia,1995,ekk,Estonian,47
Central Ostrobothnia,1995,eng,English,15
Central Ostrobothnia,1995,fin,Finnish,62090
Central Ostrobothnia,1995,rus,Russian,72
Central Ostrobothnia,1995,swe,Swedish,7069
Central Ostrobothnia,1995,vie,Vietnamese,13
Central Ostrobothnia,1996,als,Albanian,34
Central Ostrobothnia,1996,ckb,Kurdish,34
Central Ostrobothnia,1996,ekk,Estonian,44
Central Ostrobothnia,1996,eng,English,17
Central Ostrobothnia,1996,fin,Finnish,61844
Central Ostrobothnia,1996,rus,Russian,71
Central Ostrobothnia,1996,spa,Spanish,10
Central Ostrobothnia,1996,swe,Swedish,6977
Central Ostrobothnia,1996,vie,Vietnamese,13
Central Ostrobothnia,1997,als,Albanian,29
Central Ostrobothnia,1997,ckb,Kurdish,23
Central Ostrobothnia,1997,ekk,Estonian,46
Central Ostrobothnia,1997,eng,English,24
Central Ostrobothnia,1997,fin,Finnish,61691
Central Ostrobothnia,1997,rus,Russian,84
Central Ostrobothnia,1997,spa,Spanish,10
Central Ostrobothnia,1997,swe,Swedish,6934
Central Ostrobothnia,1997,vie,Vietnamese,14
Central Ostrobothnia,1998,als,Albanian,35
Central Ostrobothnia,1998,ckb,Kurdish,31
Central Ostrobothnia,1998,ekk,Estonian,57
Central Ostrobothnia,1998,eng,English,21
Central Ostrobothnia,1998,fin,Finnish,61461
Central Ostrobothnia,1998,pol,Polish,11
Central Ostrobothnia,1998,rus,Russian,98
Central Ostrobothnia,1998,spa,Spanish,10
Central Ostrobothnia,1998,swe,Swedish,6889
Central Ostrobothnia,1998,tha,Thai,10
Central Ostrobothnia,1998,vie,Vietnamese,11
Central Ostrobothnia,1999,als,Albanian,19
Central Ostrobothnia,1999,ckb,Kurdish,30
Central Ostrobothnia,1999,ekk,Estonian,55
Central Ostrobothnia,1999,eng,English,23
Central Ostrobothnia,1999,fin,Finnish,61060
Central Ostrobothnia,1999,pol,Polish,12
Central Ostrobothnia,1999,rus,Russian,108
Central Ostrobothnia,1999,spa,Spanish,10
Central Ostrobothnia,1999,swe,Swedish,6832
Central Ostrobothnia,1999,tha,Thai,11
Central Ostrobothnia,1999,vie,Vietnamese,21
Central Ostrobothnia,2000,als,Albanian,19
Central Ostrobothnia,2000,ckb,Kurdish,56
Central Ostrobothnia,2000,ekk,Estonian,45
Central Ostrobothnia,2000,eng,English,21
Central Ostrobothnia,2000,fin,Finnish,60761
Central Ostrobothnia,2000,pol,Polish,13
Central Ostrobothnia,2000,rus,Russian,126
Central Ostrobothnia,2000,spa,Spanish,11
Central Ostrobothnia,2000,swe,Swedish,6804
Central Ostrobothnia,2000,tha,Thai,14
Central Ostrobothnia,2000,vie,Vietnamese,20
Central Ostrobothnia,2001,als,Albanian,10
Central Ostrobothnia,2001,arb,Arabic,17
Central Ostrobothnia,2001,ckb,Kurdish,44
Central Ostrobothnia,2001,ekk,Estonian,52
Central Ostrobothnia,2001,eng,English,24
Central Ostrobothnia,2001,fin,Finnish,60427
Central Ostrobothnia,2001,pol,Polish,12
Central Ostrobothnia,2001,rus,Russian,131
Central Ostrobothnia,2001,spa,Spanish,14
Central Ostrobothnia,2001,swe,Swedish,6736
Central Ostrobothnia,2001,tha,Thai,18
Central Ostrobothnia,2001,vie,Vietnamese,13
Central Ostrobothnia,2002,als,Albanian,16
Central Ostrobothnia,2002,arb,Arabic,17
Central Ostrobothnia,2002,ckb,Kurdish,24
Central Ostrobothnia,2002,ekk,Estonian,61
Central Ostrobothnia,2002,eng,English,22
Central Ostrobothnia,2002,fin,Finnish,60314
Central Ostrobothnia,2002,pol,Polish,12
Central Ostrobothnia,2002,rus,Russian,132
Central Ostrobothnia,2002,spa,Spanish,10
Central Ostrobothnia,2002,swe,Swedish,6683
Central Ostrobothnia,2002,tha,Thai,20
Central Ostrobothnia,2002,vie,Vietnamese,11
Central Ostrobothnia,2003,als,Albanian,10
Central Ostrobothnia,2003,arb,Arabic,15
Central Ostrobothnia,2003,ckb,Kurdish,23
Central Ostrobothnia,2003,ekk,Estonian,53
Central Ostrobothnia,2003,eng,English,24
Central Ostrobothnia,2003,fin,Finnish,60259
Central Ostrobothnia,2003,pol,Polish,12
Central Ostrobothnia,2003,rus,Russian,134
Central Ostrobothnia,2003,spa,Spanish,15
Central Ostrobothnia,2003,swe,Swedish,6653
Central Ostrobothnia,2003,tha,Thai,23
Central Ostrobothnia,2003,tur,Turkish,14
Central Ostrobothnia,2003,vie,Vietnamese,10
Central Ostrobothnia,2004,arb,Arabic,17
Central Ostrobothnia,2004,ckb,Kurdish,19
Central Ostrobothnia,2004,ekk,Estonian,79
Central Ostrobothnia,2004,eng,English,25
Central Ostrobothnia,2004,fin,Finnish,60196
Central Ostrobothnia,2004,pol,Polish,11
Central Ostrobothnia,2004,rus,Russian,132
Central Ostrobothnia,2004,spa,Spanish,15
Central Ostrobothnia,2004,swe,Swedish,6624
Central Ostrobothnia,2004,tha,Thai,23
Central Ostrobothnia,2004,tur,Turkish,10
Central Ostrobothnia,2004,vie,Vietnamese,10
Central Ostrobothnia,2005,arb,Arabic,26
Central Ostrobothnia,2005,ckb,Kurdish,19
Central Ostrobothnia,2005,deu,German,10
Central Ostrobothnia,2005,ekk,Estonian,88
Central Ostrobothnia,2005,eng,English,24
Central Ostrobothnia,2005,fin,Finnish,60381
Central Ostrobothnia,2005,pol,Polish,15
Central Ostrobothnia,2005,rus,Russian,127
Central Ostrobothnia,2005,spa,Spanish,15
Central Ostrobothnia,2005,swe,Swedish,6602
Central Ostrobothnia,2005,tha,Thai,31
Central Ostrobothnia,2005,tur,Turkish,10
Central Ostrobothnia,2006,arb,Arabic,27
Central Ostrobothnia,2006,ckb,Kurdish,28
Central Ostrobothnia,2006,cmn,Chinese,11
Central Ostrobothnia,2006,deu,German,10
Central Ostrobothnia,2006,ekk,Estonian,99
Central Ostrobothnia,2006,eng,English,23
Central Ostrobothnia,2006,fin,Finnish,60385
Central Ostrobothnia,2006,pol,Polish,13
Central Ostrobothnia,2006,rus,Russian,130
Central Ostrobothnia,2006,spa,Spanish,14
Central Ostrobothnia,2006,swe,Swedish,6571
Central Ostrobothnia,2006,tha,Thai,36
Central Ostrobothnia,2006,tur,Turkish,11
Central Ostrobothnia,2006,vie,Vietnamese,12
Central Ostrobothnia,2007,arb,Arabic,31
Central Ostrobothnia,2007,ckb,Kurdish,29
Central Ostrobothnia,2007,cmn,Chinese,52
Central Ostrobothnia,2007,deu,German,13
Central Ostrobothnia,2007,ekk,Estonian,97
Central Ostrobothnia,2007,eng,English,32
Central Ostrobothnia,2007,fin,Finnish,60514
Central Ostrobothnia,2007,hun,Hungarian,10
Central Ostrobothnia,2007,pol,Polish,12
Central Ostrobothnia,2007,rus,Russian,133
Central Ostrobothnia,2007,spa,Spanish,16
Central Ostrobothnia,2007,swe,Swedish,6552
Central Ostrobothnia,2007,tha,Thai,39
Central Ostrobothnia,2007,vie,Vietnamese,14
Central Ostrobothnia,2008,amh,Amharic,14
Central Ostrobothnia,2008,arb,Arabic,38
Central Ostrobothnia,2008,ckb,Kurdish,21
Central Ostrobothnia,2008,cmn,Chinese,89
Central Ostrobothnia,2008,deu,German,13
Central Ostrobothnia,2008,ekk,Estonian,81
Central Ostrobothnia,2008,eng,English,54
Central Ostrobothnia,2008,fin,Finnish,60467
Central Ostrobothnia,2008,hun,Hungarian,14
Central Ostrobothnia,2008,npi,Nepali,17
Central Ostrobothnia,2008,pol,Polish,12
Central Ostrobothnia,2008,rus,Russian,153
Central Ostrobothnia,2008,spa,Spanish,19
Central Ostrobothnia,2008,srp,Serbian,12
Central Ostrobothnia,2008,swe,Swedish,6517
Central Ostrobothnia,2008,tha,Thai,42
Central Ostrobothnia,2008,tur,Turkish,13
Central Ostrobothnia,2008,ukr,Ukrainian,10
Central Ostrobothnia,2008,vie,Vietnamese,18
Central Ostrobothnia,2008,yor,Yoruba,22
Central Ostrobothnia,2009,amh,Amharic,13
Central Ostrobothnia,2009,arb,Arabic,68
Central Ostrobothnia,2009,ckb,Kurdish,19
Central Ostrobothnia,2009,cmn,Chinese,80
Central Ostrobothnia,2009,deu,German,16
Central Ostrobothnia,2009,ekk,Estonian,73
Central Ostrobothnia,2009,eng,English,50
Central Ostrobothnia,2009,fin,Finnish,60597
Central Ostrobothnia,2009,hun,Hungarian,13
Central Ostrobothnia,2009,npi,Nepali,13
Central Ostrobothnia,2009,pol,Polish,14
Central Ostrobothnia,2009,rus,Russian,147
Central Ostrobothnia,2009,spa,Spanish,22
Central Ostrobothnia,2009,srp,Serbian,12
Central Ostrobothnia,2009,swe,Swedish,6468
Central Ostrobothnia,2009,tha,Thai,46
Central Ostrobothnia,2009,tur,Turkish,14
Central Ostrobothnia,2009,ukr,Ukrainian,10
Central Ostrobothnia,2009,vie,Vietnamese,20
Central Ostrobothnia,2009,yor,Yoruba,15
Central Ostrobothnia,2010,amh,Amharic,13
Central Ostrobothnia,2010,arb,Arabic,89
Central Ostrobothnia,2010,ckb,Kurdish,25
Central Ostrobothnia,2010,cmn,Chinese,81
Central Ostrobothnia,2010,deu,German,19
Central Ostrobothnia,2010,ekk,Estonian,111
Central Ostrobothnia,2010,eng,English,63
Central Ostrobothnia,2010,fin,Finnish,60669
Central Ostrobothnia,2010,hun,Hungarian,18
Central Ostrobothnia,2010,npi,Nepali,22
Central Ostrobothnia,2010,pol,Polish,15
Central Ostrobothnia,2010,ron,Romanian,10
Central Ostrobothnia,2010,rus,Russian,159
Central Ostrobothnia,2010,spa,Spanish,25
Central Ostrobothnia,2010,srp,Serbian,12
Central Ostrobothnia,2010,swe,Swedish,6480
Central Ostrobothnia,2010,tha,Thai,50
Central Ostrobothnia,2010,tur,Turkish,14
Central Ostrobothnia,2010,ukr,Ukrainian,11
Central Ostrobothnia,2010,vie,Vietnamese,18
Central Ostrobothnia,2010,yor,Yoruba,12
Central Ostrobothnia,2011,amh,Amharic,14
Central Ostrobothnia,2011,arb,Arabic,105
Central Ostrobothnia,2011,ben,"Bengali, (Bangla)",12
Central Ostrobothnia,2011,ckb,Kurdish,20
Central Ostrobothnia,2011,cmn,Chinese,87
Central Ostrobothnia,2011,deu,German,19
Central Ostrobothnia,2011,ekk,Estonian,142
Central Ostrobothnia,2011,eng,English,59
Central Ostrobothnia,2011,fin,Finnish,60743
Central Ostrobothnia,2011,hun,Hungarian,18
Central Ostrobothnia,2011,npi,Nepali,40
Central Ostrobothnia,2011,pol,Polish,16
Central Ostrobothnia,2011,ron,Romanian,14
Central Ostrobothnia,2011,rus,Russian,163
Central Ostrobothnia,2011,spa,Spanish,26
Central Ostrobothnia,2011,srp,Serbian,12
Central Ostrobothnia,2011,swe,Swedish,6449
Central Ostrobothnia,2011,tha,Thai,56
Central Ostrobothnia,2011,tur,Turkish,18
Central Ostrobothnia,2011,ukr,Ukrainian,12
Central Ostrobothnia,2011,vie,Vietnamese,19
Central Ostrobothnia,2011,yor,Yoruba,13
Central Ostrobothnia,2012,amh,Amharic,16
Central Ostrobothnia,2012,arb,Arabic,85
Central Ostrobothnia,2012,ben,"Bengali, (Bangla)",16
Central Ostrobothnia,2012,ckb,Kurdish,21
Central Ostrobothnia,2012,cmn,Chinese,97
Central Ostrobothnia,2012,deu,German,19
Central Ostrobothnia,2012,ekk,Estonian,174
Central Ostrobothnia,2012,eng,English,61
Central Ostrobothnia,2012,fin,Finnish,60789
Central Ostrobothnia,2012,hun,Hungarian,25
Central Ostrobothnia,2012,npi,Nepali,29
Central Ostrobothnia,2012,pes,"Persian, Farsi",17
Central Ostrobothnia,2012,pol,Polish,16
Central Ostrobothnia,2012,ron,Romanian,16
Central Ostrobothnia,2012,rus,Russian,170
Central Ostrobothnia,2012,spa,Spanish,31
Central Ostrobothnia,2012,srp,Serbian,13
Central Ostrobothnia,2012,swe,Swedish,6422
Central Ostrobothnia,2012,tha,Thai,60
Central Ostrobothnia,2012,tur,Turkish,18
Central Ostrobothnia,2012,ukr,Ukrainian,11
Central Ostrobothnia,2012,vie,Vietnamese,22
Central Ostrobothnia,2013,amh,Amharic,15
Central Ostrobothnia,2013,arb,Arabic,77
Central Ostrobothnia,2013,ben,"Bengali, (Bangla)",14
Central Ostrobothnia,2013,ckb,Kurdish,20
Central Ostrobothnia,2013,cmn,Chinese,110
Central Ostrobothnia,2013,deu,German,23
Central Ostrobothnia,2013,ekk,Estonian,180
Central Ostrobothnia,2013,eng,English,68
Central Ostrobothnia,2013,fin,Finnish,60809
Central Ostrobothnia,2013,hun,Hungarian,29
Central Ostrobothnia,2013,npi,Nepali,39
Central Ostrobothnia,2013,pes,"Persian, Farsi",51
Central Ostrobothnia,2013,pol,Polish,17
Central Ostrobothnia,2013,por,Portuguese,10
Central Ostrobothnia,2013,ron,Romanian,18
Central Ostrobothnia,2013,rus,Russian,184
Central Ostrobothnia,2013,spa,Spanish,32
Central Ostrobothnia,2013,srp,Serbian,12
Central Ostrobothnia,2013,swe,Swedish,6334
Central Ostrobothnia,2013,swh,Swahili,11
Central Ostrobothnia,2013,tha,Thai,66
Central Ostrobothnia,2013,tur,Turkish,23
Central Ostrobothnia,2013,ukr,Ukrainian,14
Central Ostrobothnia,2013,vie,Vietnamese,33
Central Ostrobothnia,2014,amh,Amharic,15
Central Ostrobothnia,2014,arb,Arabic,78
Central Ostrobothnia,2014,ben,"Bengali, (Bangla)",16
Central Ostrobothnia,2014,bul,Bulgarian,19
Central Ostrobothnia,2014,ckb,Kurdish,17
Central Ostrobothnia,2014,cmn,Chinese,115
Central Ostrobothnia,2014,deu,German,22
Central Ostrobothnia,2014,ekk,Estonian,186
Central Ostrobothnia,2014,eng,English,71
Central Ostrobothnia,2014,fin,Finnish,60878
Central Ostrobothnia,2014,hun,Hungarian,30
Central Ostrobothnia,2014,npi,Nepali,41
Central Ostrobothnia,2014,pes,"Persian, Farsi",67
Central Ostrobothnia,2014,pol,Polish,17
Central Ostrobothnia,2014,ron,Romanian,17
Central Ostrobothnia,2014,rus,Russian,227
Central Ostrobothnia,2014,spa,Spanish,31
Central Ostrobothnia,2014,srp,Serbian,13
Central Ostrobothnia,2014,swe,Swedish,6323
Central Ostrobothnia,2014,swh,Swahili,12
Central Ostrobothnia,2014,tha,Thai,70
Central Ostrobothnia,2014,tur,Turkish,24
Central Ostrobothnia,2014,ukr,Ukrainian,20
Central Ostrobothnia,2014,urd,Urdu,10
Central Ostrobothnia,2014,vie,Vietnamese,31
Central Ostrobothnia,2015,amh,Amharic,17
Central Ostrobothnia,2015,arb,Arabic,84
Central Ostrobothnia,2015,ben,"Bengali, (Bangla)",18
Central Ostrobothnia,2015,bul,Bulgarian,19
Central Ostrobothnia,2015,ckb,Kurdish,21
Central Ostrobothnia,2015,cmn,Chinese,121
Central Ostrobothnia,2015,deu,German,19
Central Ostrobothnia,2015,ekk,Estonian,197
Central Ostrobothnia,2015,eng,English,81
Central Ostrobothnia,2015,fin,Finnish,60948
Central Ostrobothnia,2015,hun,Hungarian,33
Central Ostrobothnia,2015,npi,Nepali,67
Central Ostrobothnia,2015,pes,"Persian, Farsi",68
Central Ostrobothnia,2015,pol,Polish,22
Central Ostrobothnia,2015,ron,Romanian,22
Central Ostrobothnia,2015,rus,Russian,232
Central Ostrobothnia,2015,som,Somali,11
Central Ostrobothnia,2015,spa,Spanish,35
Central Ostrobothnia,2015,srp,Serbian,13
Central Ostrobothnia,2015,swe,Swedish,6263
Central Ostrobothnia,2015,swh,Swahili,13
Central Ostrobothnia,2015,tgl,Tagalog,10
Central Ostrobothnia,2015,tha,Thai,75
Central Ostrobothnia,2015,tur,Turkish,36
Central Ostrobothnia,2015,ukr,Ukrainian,44
Central Ostrobothnia,2015,urd,Urdu,11
Central Ostrobothnia,2015,vie,Vietnamese,48
Central Ostrobothnia,2016,amh,Amharic,18
Central Ostrobothnia,2016,arb,Arabic,98
Central Ostrobothnia,2016,ben,"Bengali, (Bangla)",18
Central Ostrobothnia,2016,bul,Bulgarian,20
Central Ostrobothnia,2016,ckb,Kurdish,24
Central Ostrobothnia,2016,cmn,Chinese,129
Central Ostrobothnia,2016,deu,German,19
Central Ostrobothnia,2016,ekk,Estonian,205
Central Ostrobothnia,2016,eng,English,112
Central Ostrobothnia,2016,fin,Finnish,60821
Central Ostrobothnia,2016,hun,Hungarian,33
Central Ostrobothnia,2016,npi,Nepali,65
Central Ostrobothnia,2016,pes,"Persian, Farsi",108
Central Ostrobothnia,2016,pol,Polish,28
Central Ostrobothnia,2016,ron,Romanian,24
Central Ostrobothnia,2016,rus,Russian,238
Central Ostrobothnia,2016,spa,Spanish,37
Central Ostrobothnia,2016,srp,Serbian,13
Central Ostrobothnia,2016,swe,Swedish,6216
Central Ostrobothnia,2016,swh,Swahili,15
Central Ostrobothnia,2016,tha,Thai,80
Central Ostrobothnia,2016,tur,Turkish,20
Central Ostrobothnia,2016,ukr,Ukrainian,53
Central Ostrobothnia,2016,urd,Urdu,11
Central Ostrobothnia,2016,vie,Vietnamese,95
Central Ostrobothnia,2017,amh,Amharic,16
Central Ostrobothnia,2017,arb,Arabic,116
Central Ostrobothnia,2017,ben,"Bengali, (Bangla)",23
Central Ostrobothnia,2017,bul,Bulgarian,23
Central Ostrobothnia,2017,ckb,Kurdish,15
Central Ostrobothnia,2017,cmn,Chinese,127
Central Ostrobothnia,2017,deu,German,20
Central Ostrobothnia,2017,ekk,Estonian,183
Central Ostrobothnia,2017,eng,English,106
Central Ostrobothnia,2017,fin,Finnish,60582
Central Ostrobothnia,2017,hun,Hungarian,31
Central Ostrobothnia,2017,npi,Nepali,57
Central Ostrobothnia,2017,pes,"Persian, Farsi",77
Central Ostrobothnia,2017,pol,Polish,27
Central Ostrobothnia,2017,ron,Romanian,23
Central Ostrobothnia,2017,rus,Russian,239
Central Ostrobothnia,2017,spa,Spanish,40
Central Ostrobothnia,2017,srp,Serbian,13
Central Ostrobothnia,2017,swe,Swedish,6198
Central Ostrobothnia,2017,swh,Swahili,14
Central Ostrobothnia,2017,tha,Thai,94
Central Ostrobothnia,2017,tur,Turkish,22
Central Ostrobothnia,2017,ukr,Ukrainian,61
Central Ostrobothnia,2017,urd,Urdu,10
Central Ostrobothnia,2017,vie,Vietnamese,127
Central Ostrobothnia,2018,amh,Amharic,11
Central Ostrobothnia,2018,arb,Arabic,120
Central Ostrobothnia,2018,ben,"Bengali, (Bangla)",31
Central Ostrobothnia,2018,bul,Bulgarian,24
Central Ostrobothnia,2018,ckb,Kurdish,45
Central Ostrobothnia,2018,cmn,Chinese,123
Central Ostrobothnia,2018,deu,German,22
Central Ostrobothnia,2018,ekk,Estonian,184
Central Ostrobothnia,2018,eng,English,93
Central Ostrobothnia,2018,fin,Finnish,60265
Central Ostrobothnia,2018,hun,Hungarian,32
Central Ostrobothnia,2018,mya,Burmese,10
Central Ostrobothnia,2018,npi,Nepali,55
Central Ostrobothnia,2018,pes,"Persian, Farsi",74
Central Ostrobothnia,2018,pol,Polish,26
Central Ostrobothnia,2018,ron,Romanian,24
Central Ostrobothnia,2018,rus,Russian,224
Central Ostrobothnia,2018,spa,Spanish,34
Central Ostrobothnia,2018,srp,Serbian,14
Central Ostrobothnia,2018,swe,Swedish,6173
Central Ostrobothnia,2018,swh,Swahili,14
Central Ostrobothnia,2018,tgl,Tagalog,11
Central Ostrobothnia,2018,tha,Thai,100
Central Ostrobothnia,2018,tur,Turkish,22
Central Ostrobothnia,2018,ukr,Ukrainian,73
Central Ostrobothnia,2018,urd,Urdu,10
Central Ostrobothnia,2018,vie,Vietnamese,111
Central Ostrobothnia,2019,als,Albanian,11
Central Ostrobothnia,2019,arb,Arabic,130
Central Ostrobothnia,2019,ben,"Bengali, (Bangla)",48
Central Ostrobothnia,2019,bul,Bulgarian,26
Central Ostrobothnia,2019,ckb,Kurdish,50
Central Ostrobothnia,2019,cmn,Chinese,118
Central Ostrobothnia,2019,deu,German,22
Central Ostrobothnia,2019,ekk,Estonian,173
Central Ostrobothnia,2019,eng,English,98
Central Ostrobothnia,2019,fin,Finnish,59940
Central Ostrobothnia,2019,fra,French,10
Central Ostrobothnia,2019,hun,Hungarian,27
Central Ostrobothnia,2019,mya,Burmese,11
Central Ostrobothnia,2019,npi,Nepali,50
Central Ostrobothnia,2019,pes,"Persian, Farsi",55
Central Ostrobothnia,2019,pol,Polish,31
Central Ostrobothnia,2019,ron,Romanian,23
Central Ostrobothnia,2019,rus,Russian,244
Central Ostrobothnia,2019,spa,Spanish,40
Central Ostrobothnia,2019,srp,Serbian,14
Central Ostrobothnia,2019,swe,Swedish,6166
Central Ostrobothnia,2019,swh,Swahili,14
Central Ostrobothnia,2019,tgl,Tagalog,11
Central Ostrobothnia,2019,tha,Thai,105
Central Ostrobothnia,2019,tur,Turkish,21
Central Ostrobothnia,2019,ukr,Ukrainian,85
Central Ostrobothnia,2019,vie,Vietnamese,116
Central Ostrobothnia,2020,als,Albanian,10
Central Ostrobothnia,2020,arb,Arabic,148
Central Ostrobothnia,2020,ben,"Bengali, (Bangla)",43
Central Ostrobothnia,2020,bul,Bulgarian,28
Central Ostrobothnia,2020,ckb,Kurdish,49
Central Ostrobothnia,2020,cmn,Chinese,127
Central Ostrobothnia,2020,deu,German,22
Central Ostrobothnia,2020,ekk,Estonian,170
Central Ostrobothnia,2020,eng,English,121
Central Ostrobothnia,2020,fin,Finnish,59699
Central Ostrobothnia,2020,fra,French,11
Central Ostrobothnia,2020,hun,Hungarian,27
Central Ostrobothnia,2020,mya,Burmese,13
Central Ostrobothnia,2020,nld,Dutch,10
Central Ostrobothnia,2020,npi,Nepali,52
Central Ostrobothnia,2020,pes,"Persian, Farsi",41
Central Ostrobothnia,2020,pol,Polish,30
Central Ostrobothnia,2020,ron,Romanian,25
Central Ostrobothnia,2020,rus,Russian,272
Central Ostrobothnia,2020,som,Somali,12
Central Ostrobothnia,2020,spa,Spanish,42
Central Ostrobothnia,2020,srp,Serbian,15
Central Ostrobothnia,2020,swe,Swedish,6135
Central Ostrobothnia,2020,swh,Swahili,15
Central Ostrobothnia,2020,tgl,Tagalog,16
Central Ostrobothnia,2020,tha,Thai,107
Central Ostrobothnia,2020,tur,Turkish,23
Central Ostrobothnia,2020,ukr,Ukrainian,93
Central Ostrobothnia,2020,urd,Urdu,13
Central Ostrobothnia,2020,vie,Vietnamese,107
Central Ostrobothnia,2021,als,Albanian,11
Central Ostrobothnia,2021,arb,Arabic,158
Central Ostrobothnia,2021,ben,"Bengali, (Bangla)",48
Central Ostrobothnia,2021,bul,Bulgarian,28
Central Ostrobothnia,2021,ckb,Kurdish,49
Central Ostrobothnia,2021,cmn,Chinese,126
Central Ostrobothnia,2021,deu,German,25
Central Ostrobothnia,2021,ekk,Estonian,161
Central Ostrobothnia,2021,eng,English,134
Central Ostrobothnia,2021,fin,Finnish,59571
Central Ostrobothnia,2021,fra,French,13
Central Ostrobothnia,2021,hun,Hungarian,25
Central Ostrobothnia,2021,mya,Burmese,16
Central Ostrobothnia,2021,npi,Nepali,71
Central Ostrobothnia,2021,pes,"Persian, Farsi",37
Central Ostrobothnia,2021,pol,Polish,28
Central Ostrobothnia,2021,ron,Romanian,26
Central Ostrobothnia,2021,rus,Russian,302
Central Ostrobothnia,2021,som,Somali,11
Central Ostrobothnia,2021,spa,Spanish,40
Central Ostrobothnia,2021,srp,Serbian,16
Central Ostrobothnia,2021,swe,Swedish,6070
Central Ostrobothnia,2021,swh,Swahili,14
Central Ostrobothnia,2021,tgl,Tagalog,16
Central Ostrobothnia,2021,tha,Thai,118
Central Ostrobothnia,2021,tur,Turkish,27
Central Ostrobothnia,2021,ukr,Ukrainian,91
Central Ostrobothnia,2021,urd,Urdu,11
Central Ostrobothnia,2021,vie,Vietnamese,116
Central Ostrobothnia,2021,yor,Yoruba,14
Central Ostrobothnia,2022,als,Albanian,21
Central Ostrobothnia,2022,arb,Arabic,169
Central Ostrobothnia,2022,ben,"Bengali, (Bangla)",68
Central Ostrobothnia,2022,bul,Bulgarian,26
Central Ostrobothnia,2022,ckb,Kurdish,55
Central Ostrobothnia,2022,cmn,Chinese,121
Central Ostrobothnia,2022,deu,German,25
Central Ostrobothnia,2022,ekk,Estonian,164
Central Ostrobothnia,2022,eng,English,178
Central Ostrobothnia,2022,fin,Finnish,59310
Central Ostrobothnia,2022,fra,French,17
Central Ostrobothnia,2022,hun,Hungarian,25
Central Ostrobothnia,2022,kin,Kinyarwanda,14
Central Ostrobothnia,2022,mya,Burmese,16
Central Ostrobothnia,2022,nld,Dutch,11
Central Ostrobothnia,2022,nor,Norwegian,10
Central Ostrobothnia,2022,npi,Nepali,72
Central Ostrobothnia,2022,pan,Panjabi,12
Central Ostrobothnia,2022,pes,"Persian, Farsi",33
Central Ostrobothnia,2022,pol,Polish,30
Central Ostrobothnia,2022,ron,Romanian,25
Central Ostrobothnia,2022,rus,Russian,324
Central Ostrobothnia,2022,spa,Spanish,45
Central Ostrobothnia,2022,srp,Serbian,16
Central Ostrobothnia,2022,swe,Swedish,6035
Central Ostrobothnia,2022,swh,Swahili,23
Central Ostrobothnia,2022,tgl,Tagalog,27
Central Ostrobothnia,2022,tha,Thai,127
Central Ostrobothnia,2022,tur,Turkish,31
Central Ostrobothnia,2022,ukr,Ukrainian,129
Central Ostrobothnia,2022,urd,Urdu,13
Central Ostrobothnia,2022,vie,Vietnamese,110
Central Ostrobothnia,2022,yor,Yoruba,12
Central Ostrobothnia,2023,als,Albanian,29
Central Ostrobothnia,2023,arb,Arabic,192
Central Ostrobothnia,2023,ben,"Bengali, (Bangla)",101
Central Ostrobothnia,2023,bul,Bulgarian,35
Central Ostrobothnia,2023,ckb,Kurdish,62
Central Ostrobothnia,2023,cmn,Chinese,126
Central Ostrobothnia,2023,deu,German,26
Central Ostrobothnia,2023,ekk,Estonian,157
Central Ostrobothnia,2023,eng,English,211
Central Ostrobothnia,2023,fin,Finnish,58844
Central Ostrobothnia,2023,fra,French,17
Central Ostrobothnia,2023,hun,Hungarian,30
Central Ostrobothnia,2023,ibo,Igbo,11
Central Ostrobothnia,2023,kin,Kinyarwanda,17
Central Ostrobothnia,2023,lvs,Latvian,15
Central Ostrobothnia,2023,mya,Burmese,19
Central Ostrobothnia,2023,nld,Dutch,11
Central Ostrobothnia,2023,nor,Norwegian,10
Central Ostrobothnia,2023,npi,Nepali,109
Central Ostrobothnia,2023,pan,Panjabi,13
Central Ostrobothnia,2023,pes,"Persian, Farsi",52
Central Ostrobothnia,2023,pol,Polish,35
Central Ostrobothnia,2023,ron,Romanian,25
Central Ostrobothnia,2023,rus,Russian,359
Central Ostrobothnia,2023,sin,Sinhala,29
Central Ostrobothnia,2023,spa,Spanish,46
Central Ostrobothnia,2023,srp,Serbian,16
Central Ostrobothnia,2023,swe,Swedish,5974
Central Ostrobothnia,2023,swh,Swahili,32
Central Ostrobothnia,2023,tgl,Tagalog,37
Central Ostrobothnia,2023,tha,Thai,134
Central Ostrobothnia,2023,tur,Turkish,33
Central Ostrobothnia,2023,ukr,Ukrainian,260
Central Ostrobothnia,2023,urd,Urdu,19
Central Ostrobothnia,2023,vie,Vietnamese,104
Central Ostrobothnia,2023,yor,Yoruba,19
Central Ostrobothnia,2024,als,Albanian,38
Central Ostrobothnia,2024,arb,Arabic,172
Central Ostrobothnia,2024,ben,"Bengali, (Bangla)",119
Central Ostrobothnia,2024,bul,Bulgarian,42
Central Ostrobothnia,2024,ckb,Kurdish,56
Central Ostrobothnia,2024,cmn,Chinese,135
Central Ostrobothnia,2024,deu,German,23
Central Ostrobothnia,2024,ekk,Estonian,152
Central Ostrobothnia,2024,ell,Greek (modern),14
Central Ostrobothnia,2024,eng,English,203
Central Ostrobothnia,2024,fin,Finnish,58535
Central Ostrobothnia,2024,fra,French,18
Central Ostrobothnia,2024,hin,Hindi,17
Central Ostrobothnia,2024,hun,Hungarian,28
Central Ostrobothnia,2024,ibo,Igbo,20
Central Ostrobothnia,2024,kin,Kinyarwanda,18
Central Ostrobothnia,2024,lvs,Latvian,15
Central Ostrobothnia,2024,mya,Burmese,19
Central Ostrobothnia,2024,nor,Norwegian,11
Central Ostrobothnia,2024,npi,Nepali,128
Central Ostrobothnia,2024,pan,Panjabi,15
Central Ostrobothnia,2024,pes,"Persian, Farsi",47
Central Ostrobothnia,2024,pol,Polish,35
Central Ostrobothnia,2024,ron,Romanian,25
Central Ostrobothnia,2024,rus,Russian,403
Central Ostrobothnia,2024,sin,Sinhala,48
Central Ostrobothnia,2024,som,Somali,13
Central Ostrobothnia,2024,spa,Spanish,53
Central Ostrobothnia,2024,srp,Serbian,16
Central Ostrobothnia,2024,swe,Swedish,5892
Central Ostrobothnia,2024,swh,Swahili,34
Central Ostrobothnia,2024,tgl,Tagalog,43
Central Ostrobothnia,2024,tha,Thai,139
Central Ostrobothnia,2024,tur,Turkish,42
Central Ostrobothnia,2024,ukr,Ukrainian,451
Central Ostrobothnia,2024,urd,Urdu,25
Central Ostrobothnia,2024,vie,Vietnamese,111
Central Ostrobothnia,2024,yor,Yoruba,23
Central Ostrobothnia,2025,als,Albanian,40
Central Ostrobothnia,2025,amh,Amharic,10
Central Ostrobothnia,2025,arb,Arabic,169
Central Ostrobothnia,2025,ben,"Bengali, (Bangla)",137
Central Ostrobothnia,2025,bul,Bulgarian,41
Central Ostrobothnia,2025,ckb,Kurdish,60
Central Ostrobothnia,2025,cmn,Chinese,170
Central Ostrobothnia,2025,deu,German,28
Central Ostrobothnia,2025,ekk,Estonian,149
Central Ostrobothnia,2025,ell,Greek (modern),11
Central Ostrobothnia,2025,eng,English,206
Central Ostrobothnia,2025,fin,Finnish,58097
Central Ostrobothnia,2025,fra,French,15
Central Ostrobothnia,2025,hin,Hindi,21
Central Ostrobothnia,2025,hun,Hungarian,29
Central Ostrobothnia,2025,ibo,Igbo,17
Central Ostrobothnia,2025,kin,Kinyarwanda,18
Central Ostrobothnia,2025,lvs,Latvian,16
Central Ostrobothnia,2025,mya,Burmese,19
Central Ostrobothnia,2025,nor,Norwegian,10
Central Ostrobothnia,2025,npi,Nepali,170
Central Ostrobothnia,2025,pan,Panjabi,16
Central Ostrobothnia,2025,pes,"Persian, Farsi",55
Central Ostrobothnia,2025,pol,Polish,32
Central Ostrobothnia,2025,ron,Romanian,20
Central Ostrobothnia,2025,rus,Russian,428
Central Ostrobothnia,2025,sin,Sinhala,55
Central Ostrobothnia,2025,som,Somali,18
Central Ostrobothnia,2025,spa,Spanish,51
Central Ostrobothnia,2025,srp,Serbian,15
Central Ostrobothnia,2025,swe,Swedish,5799
Central Ostrobothnia,2025,swh,Swahili,34
Central Ostrobothnia,2025,tgl,Tagalog,51
Central Ostrobothnia,2025,tha,Thai,140
Central Ostrobothnia,2025,tur,Turkish,47
Central Ostrobothnia,2025,ukr,Ukrainian,618
Central Ostrobothnia,2025,urd,Urdu,25
Central Ostrobothnia,2025,vie,Vietnamese,119
Central Ostrobothnia,2025,yor,Yoruba,25
Kainuu,1990,fin,Finnish,92266
Kainuu,1990,rus,Russian,41
Kainuu,1990,swe,Swedish,27
Kainuu,1990,vie,Vietnamese,21
Kainuu,1991,eng,English,11
Kainuu,1991,fin,Finnish,91952
Kainuu,1991,rus,Russian,81
Kainuu,1991,swe,Swedish,28
Kainuu,1992,ekk,Estonian,13
Kainuu,1992,fin,Finnish,91715
Kainuu,1992,rus,Russian,116
Kainuu,1992,swe,Swedish,30
Kainuu,1993,als,Albanian,43
Kainuu,1993,ekk,Estonian,14
Kainuu,1993,fin,Finnish,91415
Kainuu,1993,rus,Russian,146
Kainuu,1993,swe,Swedish,30
Kainuu,1994,als,Albanian,44
Kainuu,1994,ekk,Estonian,25
Kainuu,1994,fin,Finnish,90956
Kainuu,1994,rus,Russian,166
Kainuu,1994,spa,Spanish,11
Kainuu,1994,swe,Swedish,32
Kainuu,1995,als,Albanian,26
Kainuu,1995,ekk,Estonian,10
Kainuu,1995,fin,Finnish,90392
Kainuu,1995,rus,Russian,184
Kainuu,1995,spa,Spanish,11
Kainuu,1995,swe,Swedish,30
Kainuu,1996,als,Albanian,21
Kainuu,1996,ekk,Estonian,14
Kainuu,1996,fin,Finnish,89606
Kainuu,1996,rus,Russian,209
Kainuu,1996,spa,Spanish,10
Kainuu,1996,swe,Swedish,30
Kainuu,1997,als,Albanian,15
Kainuu,1997,ekk,Estonian,16
Kainuu,1997,fin,Finnish,88429
Kainuu,1997,rus,Russian,232
Kainuu,1997,spa,Spanish,10
Kainuu,1997,swe,Swedish,31
Kainuu,1998,als,Albanian,15
Kainuu,1998,ekk,Estonian,13
Kainuu,1998,eng,English,10
Kainuu,1998,fin,Finnish,87354
Kainuu,1998,rus,Russian,263
Kainuu,1998,spa,Spanish,11
Kainuu,1998,swe,Swedish,35
Kainuu,1999,als,Albanian,15
Kainuu,1999,ekk,Estonian,13
Kainuu,1999,eng,English,11
Kainuu,1999,fin,Finnish,86343
Kainuu,1999,rus,Russian,275
Kainuu,1999,spa,Spanish,11
Kainuu,1999,srp,Serbian,66
Kainuu,1999,swe,Swedish,36
Kainuu,2000,ekk,Estonian,11
Kainuu,2000,eng,English,10
Kainuu,2000,fin,Finnish,85085
Kainuu,2000,rus,Russian,304
Kainuu,2000,spa,Spanish,11
Kainuu,2000,srp,Serbian,109
Kainuu,2000,swe,Swedish,31
Kainuu,2001,ekk,Estonian,11
Kainuu,2001,eng,English,10
Kainuu,2001,fin,Finnish,83827
Kainuu,2001,rus,Russian,332
Kainuu,2001,srp,Serbian,81
Kainuu,2001,swe,Swedish,36
Kainuu,2002,arb,Arabic,12
Kainuu,2002,ckb,Kurdish,75
Kainuu,2002,deu,German,11
Kainuu,2002,ekk,Estonian,12
Kainuu,2002,eng,English,11
Kainuu,2002,fin,Finnish,82707
Kainuu,2002,pes,"Persian, Farsi",16
Kainuu,2002,rus,Russian,373
Kainuu,2002,srp,Serbian,37
Kainuu,2002,swe,Swedish,36
Kainuu,2002,tur,Turkish,10
Kainuu,2003,arb,Arabic,13
Kainuu,2003,ckb,Kurdish,69
Kainuu,2003,cmn,Chinese,10
Kainuu,2003,ekk,Estonian,11
Kainuu,2003,fin,Finnish,81908
Kainuu,2003,pes,"Persian, Farsi",13
Kainuu,2003,rus,Russian,419
Kainuu,2003,srp,Serbian,22
Kainuu,2003,swe,Swedish,35
Kainuu,2003,tha,Thai,10
Kainuu,2003,tir,Tigrinya,28
Kainuu,2003,tur,Turkish,13
Kainuu,2004,arb,Arabic,38
Kainuu,2004,bos,Bosnian,22
Kainuu,2004,ckb,Kurdish,70
Kainuu,2004,cmn,Chinese,12
Kainuu,2004,ekk,Estonian,11
Kainuu,2004,eng,English,13
Kainuu,2004,fin,Finnish,81136
Kainuu,2004,pes,"Persian, Farsi",42
Kainuu,2004,rus,Russian,512
Kainuu,2004,srp,Serbian,21
Kainuu,2004,swe,Swedish,33
Kainuu,2004,tha,Thai,11
Kainuu,2004,tir,Tigrinya,28
Kainuu,2004,tur,Turkish,10
Kainuu,2005,arb,Arabic,74
Kainuu,2005,bos,Bosnian,22
Kainuu,2005,ckb,Kurdish,79
Kainuu,2005,cmn,Chinese,10
Kainuu,2005,deu,German,10
Kainuu,2005,ekk,Estonian,15
Kainuu,2005,eng,English,12
Kainuu,2005,fin,Finnish,80387
Kainuu,2005,pes,"Persian, Farsi",31
Kainuu,2005,rus,Russian,519
Kainuu,2005,srp,Serbian,22
Kainuu,2005,swe,Swedish,35
Kainuu,2005,tha,Thai,11
Kainuu,2005,tir,Tigrinya,23
Kainuu,2005,tur,Turkish,11
Kainuu,2006,arb,Arabic,60
Kainuu,2006,bos,Bosnian,12
Kainuu,2006,ckb,Kurdish,80
Kainuu,2006,cmn,Chinese,11
Kainuu,2006,ekk,Estonian,27
Kainuu,2006,eng,English,13
Kainuu,2006,fin,Finnish,79536
Kainuu,2006,pes,"Persian, Farsi",24
Kainuu,2006,rus,Russian,567
Kainuu,2006,srp,Serbian,22
Kainuu,2006,swe,Swedish,37
Kainuu,2006,tha,Thai,11
Kainuu,2006,tir,Tigrinya,15
Kainuu,2006,tur,Turkish,12
Kainuu,2007,arb,Arabic,43
Kainuu,2007,bos,Bosnian,12
Kainuu,2007,ckb,Kurdish,90
Kainuu,2007,cmn,Chinese,15
Kainuu,2007,ekk,Estonian,13
Kainuu,2007,eng,English,17
Kainuu,2007,fin,Finnish,78899
Kainuu,2007,khm,Central Khmer,18
Kainuu,2007,pes,"Persian, Farsi",25
Kainuu,2007,rus,Russian,633
Kainuu,2007,som,Somali,39
Kainuu,2007,srp,Serbian,16
Kainuu,2007,swe,Swedish,38
Kainuu,2007,swh,Swahili,11
Kainuu,2007,tha,Thai,10
Kainuu,2007,tir,Tigrinya,13
Kainuu,2007,tur,Turkish,11
Kainuu,2008,als,Albanian,12
Kainuu,2008,arb,Arabic,37
Kainuu,2008,bos,Bosnian,11
Kainuu,2008,ckb,Kurdish,73
Kainuu,2008,cmn,Chinese,17
Kainuu,2008,ekk,Estonian,18
Kainuu,2008,eng,English,26
Kainuu,2008,fin,Finnish,78264
Kainuu,2008,fra,French,19
Kainuu,2008,khm,Central Khmer,19
Kainuu,2008,kin,Kinyarwanda,46
Kainuu,2008,npi,Nepali,10
Kainuu,2008,pes,"Persian, Farsi",29
Kainuu,2008,rus,Russian,669
Kainuu,2008,som,Somali,46
Kainuu,2008,srp,Serbian,16
Kainuu,2008,swe,Swedish,34
Kainuu,2008,swh,Swahili,23
Kainuu,2008,tha,Thai,14
Kainuu,2008,tir,Tigrinya,14
Kainuu,2008,tur,Turkish,15
Kainuu,2009,als,Albanian,12
Kainuu,2009,arb,Arabic,38
Kainuu,2009,bos,Bosnian,13
Kainuu,2009,ckb,Kurdish,69
Kainuu,2009,cmn,Chinese,21
Kainuu,2009,deu,German,11
Kainuu,2009,ekk,Estonian,24
Kainuu,2009,eng,English,36
Kainuu,2009,fin,Finnish,77686
Kainuu,2009,fra,French,12
Kainuu,2009,khm,Central Khmer,21
Kainuu,2009,kin,Kinyarwanda,37
Kainuu,2009,pes,"Persian, Farsi",37
Kainuu,2009,rus,Russian,698
Kainuu,2009,som,Somali,74
Kainuu,2009,spa,Spanish,10
Kainuu,2009,srp,Serbian,18
Kainuu,2009,swe,Swedish,31
Kainuu,2009,swh,Swahili,38
Kainuu,2009,tha,Thai,16
Kainuu,2009,tir,Tigrinya,14
Kainuu,2010,als,Albanian,12
Kainuu,2010,arb,Arabic,36
Kainuu,2010,bos,Bosnian,13
Kainuu,2010,ckb,Kurdish,76
Kainuu,2010,cmn,Chinese,13
Kainuu,2010,deu,German,11
Kainuu,2010,ekk,Estonian,26
Kainuu,2010,eng,English,42
Kainuu,2010,fin,Finnish,77033
Kainuu,2010,khm,Central Khmer,17
Kainuu,2010,kin,Kinyarwanda,35
Kainuu,2010,pes,"Persian, Farsi",37
Kainuu,2010,pst,Pushto,17
Kainuu,2010,rus,Russian,727
Kainuu,2010,som,Somali,127
Kainuu,2010,srp,Serbian,18
Kainuu,2010,swe,Swedish,32
Kainuu,2010,swh,Swahili,32
Kainuu,2010,tha,Thai,18
Kainuu,2010,tir,Tigrinya,13
Kainuu,2010,vie,Vietnamese,12
Kainuu,2011,als,Albanian,13
Kainuu,2011,arb,Arabic,37
Kainuu,2011,ckb,Kurdish,96
Kainuu,2011,cmn,Chinese,14
Kainuu,2011,deu,German,13
Kainuu,2011,ekk,Estonian,36
Kainuu,2011,eng,English,48
Kainuu,2011,fin,Finnish,76252
Kainuu,2011,khm,Central Khmer,12
Kainuu,2011,kin,Kinyarwanda,42
Kainuu,2011,pes,"Persian, Farsi",35
Kainuu,2011,pst,Pushto,17
Kainuu,2011,rus,Russian,762
Kainuu,2011,som,Somali,129
Kainuu,2011,srp,Serbian,17
Kainuu,2011,swe,Swedish,36
Kainuu,2011,swh,Swahili,29
Kainuu,2011,tha,Thai,19
Kainuu,2011,tir,Tigrinya,22
Kainuu,2011,vie,Vietnamese,14
Kainuu,2012,amh,Amharic,11
Kainuu,2012,arb,Arabic,45
Kainuu,2012,ckb,Kurdish,94
Kainuu,2012,cmn,Chinese,14
Kainuu,2012,deu,German,25
Kainuu,2012,ekk,Estonian,41
Kainuu,2012,eng,English,48
Kainuu,2012,fin,Finnish,75636
Kainuu,2012,hae,Oromo,13
Kainuu,2012,khm,Central Khmer,11
Kainuu,2012,kin,Kinyarwanda,42
Kainuu,2012,pes,"Persian, Farsi",58
Kainuu,2012,rus,Russian,796
Kainuu,2012,som,Somali,94
Kainuu,2012,srp,Serbian,17
Kainuu,2012,swe,Swedish,37
Kainuu,2012,swh,Swahili,39
Kainuu,2012,tha,Thai,27
Kainuu,2012,tir,Tigrinya,16
Kainuu,2012,tur,Turkish,11
Kainuu,2012,vie,Vietnamese,14
Kainuu,2013,als,Albanian,11
Kainuu,2013,amh,Amharic,12
Kainuu,2013,arb,Arabic,69
Kainuu,2013,ckb,Kurdish,100
Kainuu,2013,cmn,Chinese,16
Kainuu,2013,deu,German,22
Kainuu,2013,ekk,Estonian,49
Kainuu,2013,eng,English,44
Kainuu,2013,fin,Finnish,74904
Kainuu,2013,kin,Kinyarwanda,35
Kainuu,2013,pes,"Persian, Farsi",65
Kainuu,2013,rus,Russian,860
Kainuu,2013,som,Somali,76
Kainuu,2013,spa,Spanish,12
Kainuu,2013,srp,Serbian,14
Kainuu,2013,swe,Swedish,36
Kainuu,2013,swh,Swahili,34
Kainuu,2013,tha,Thai,32
Kainuu,2013,tir,Tigrinya,13
Kainuu,2013,tur,Turkish,25
Kainuu,2013,vie,Vietnamese,11
Kainuu,2014,als,Albanian,10
Kainuu,2014,amh,Amharic,11
Kainuu,2014,arb,Arabic,69
Kainuu,2014,ckb,Kurdish,111
Kainuu,2014,cmn,Chinese,16
Kainuu,2014,deu,German,20
Kainuu,2014,ekk,Estonian,52
Kainuu,2014,eng,English,41
Kainuu,2014,fin,Finnish,74194
Kainuu,2014,kin,Kinyarwanda,33
Kainuu,2014,pes,"Persian, Farsi",55
Kainuu,2014,rus,Russian,887
Kainuu,2014,som,Somali,77
Kainuu,2014,spa,Spanish,21
Kainuu,2014,srp,Serbian,13
Kainuu,2014,swe,Swedish,41
Kainuu,2014,swh,Swahili,31
Kainuu,2014,tha,Thai,34
Kainuu,2014,tir,Tigrinya,12
Kainuu,2014,tur,Turkish,12
Kainuu,2014,vie,Vietnamese,13
Kainuu,2015,amh,Amharic,10
Kainuu,2015,arb,Arabic,93
Kainuu,2015,ckb,Kurdish,99
Kainuu,2015,cmn,Chinese,27
Kainuu,2015,deu,German,22
Kainuu,2015,ekk,Estonian,55
Kainuu,2015,eng,English,49
Kainuu,2015,fin,Finnish,73356
Kainuu,2015,kin,Kinyarwanda,30
Kainuu,2015,pes,"Persian, Farsi",43
Kainuu,2015,rus,Russian,878
Kainuu,2015,som,Somali,92
Kainuu,2015,spa,Spanish,23
Kainuu,2015,srp,Serbian,13
Kainuu,2015,swe,Swedish,51
Kainuu,2015,swh,Swahili,28
Kainuu,2015,tha,Thai,48
Kainuu,2015,tur,Turkish,14
Kainuu,2015,vie,Vietnamese,14
Kainuu,2016,als,Albanian,10
Kainuu,2016,amh,Amharic,11
Kainuu,2016,arb,Arabic,143
Kainuu,2016,ckb,Kurdish,85
Kainuu,2016,cmn,Chinese,29
Kainuu,2016,deu,German,22
Kainuu,2016,ekk,Estonian,67
Kainuu,2016,eng,English,61
Kainuu,2016,fin,Finnish,72723
Kainuu,2016,kin,Kinyarwanda,15
Kainuu,2016,pes,"Persian, Farsi",77
Kainuu,2016,pol,Polish,16
Kainuu,2016,por,Portuguese,13
Kainuu,2016,rus,Russian,892
Kainuu,2016,som,Somali,62
Kainuu,2016,spa,Spanish,26
Kainuu,2016,srp,Serbian,13
Kainuu,2016,swe,Swedish,51
Kainuu,2016,swh,Swahili,33
Kainuu,2016,tha,Thai,50
Kainuu,2016,tur,Turkish,13
Kainuu,2016,vie,Vietnamese,14
Kainuu,2017,amh,Amharic,11
Kainuu,2017,arb,Arabic,161
Kainuu,2017,ckb,Kurdish,86
Kainuu,2017,cmn,Chinese,32
Kainuu,2017,deu,German,11
Kainuu,2017,ekk,Estonian,55
Kainuu,2017,eng,English,72
Kainuu,2017,fin,Finnish,71831
Kainuu,2017,kin,Kinyarwanda,12
Kainuu,2017,kor,Korean,10
Kainuu,2017,pes,"Persian, Farsi",67
Kainuu,2017,pol,Polish,17
Kainuu,2017,por,Portuguese,18
Kainuu,2017,rus,Russian,889
Kainuu,2017,som,Somali,66
Kainuu,2017,spa,Spanish,26
Kainuu,2017,srp,Serbian,11
Kainuu,2017,swe,Swedish,54
Kainuu,2017,swh,Swahili,25
Kainuu,2017,tha,Thai,54
Kainuu,2017,tir,Tigrinya,10
Kainuu,2017,tur,Turkish,11
Kainuu,2017,vie,Vietnamese,16
Kainuu,2018,amh,Amharic,12
Kainuu,2018,arb,Arabic,164
Kainuu,2018,ckb,Kurdish,69
Kainuu,2018,cmn,Chinese,31
Kainuu,2018,deu,German,10
Kainuu,2018,ekk,Estonian,53
Kainuu,2018,eng,English,66
Kainuu,2018,fin,Finnish,70982
Kainuu,2018,kin,Kinyarwanda,12
Kainuu,2018,kor,Korean,14
Kainuu,2018,pes,"Persian, Farsi",46
Kainuu,2018,pol,Polish,24
Kainuu,2018,por,Portuguese,19
Kainuu,2018,rus,Russian,890
Kainuu,2018,som,Somali,48
Kainuu,2018,spa,Spanish,40
Kainuu,2018,swe,Swedish,54
Kainuu,2018,swh,Swahili,23
Kainuu,2018,tha,Thai,55
Kainuu,2018,tir,Tigrinya,14
Kainuu,2018,tur,Turkish,13
Kainuu,2018,vie,Vietnamese,17
Kainuu,2019,amh,Amharic,12
Kainuu,2019,arb,Arabic,191
Kainuu,2019,ckb,Kurdish,79
Kainuu,2019,cmn,Chinese,31
Kainuu,2019,ekk,Estonian,57
Kainuu,2019,eng,English,66
Kainuu,2019,fin,Finnish,70132
Kainuu,2019,kin,Kinyarwanda,12
Kainuu,2019,pes,"Persian, Farsi",39
Kainuu,2019,pol,Polish,22
Kainuu,2019,por,Portuguese,16
Kainuu,2019,rus,Russian,926
Kainuu,2019,som,Somali,47
Kainuu,2019,spa,Spanish,36
Kainuu,2019,swe,Swedish,61
Kainuu,2019,swh,Swahili,25
Kainuu,2019,tha,Thai,61
Kainuu,2019,tir,Tigrinya,15
Kainuu,2019,tuk,Turkmen,17
Kainuu,2019,tur,Turkish,13
Kainuu,2019,ukr,Ukrainian,18
Kainuu,2019,vie,Vietnamese,21
Kainuu,2020,amh,Amharic,12
Kainuu,2020,arb,Arabic,210
Kainuu,2020,ckb,Kurdish,78
Kainuu,2020,cmn,Chinese,29
Kainuu,2020,deu,German,14
Kainuu,2020,ekk,Estonian,66
Kainuu,2020,eng,English,69
Kainuu,2020,fin,Finnish,69345
Kainuu,2020,kin,Kinyarwanda,15
Kainuu,2020,pes,"Persian, Farsi",34
Kainuu,2020,pol,Polish,22
Kainuu,2020,por,Portuguese,17
Kainuu,2020,rus,Russian,971
Kainuu,2020,som,Somali,49
Kainuu,2020,spa,Spanish,31
Kainuu,2020,swe,Swedish,58
Kainuu,2020,swh,Swahili,25
Kainuu,2020,tgl,Tagalog,11
Kainuu,2020,tha,Thai,63
Kainuu,2020,tir,Tigrinya,25
Kainuu,2020,tuk,Turkmen,17
Kainuu,2020,tur,Turkish,12
Kainuu,2020,ukr,Ukrainian,47
Kainuu,2020,vie,Vietnamese,18
Kainuu,2021,als,Albanian,10
Kainuu,2021,amh,Amharic,18
Kainuu,2021,arb,Arabic,247
Kainuu,2021,ckb,Kurdish,86
Kainuu,2021,cmn,Chinese,37
Kainuu,2021,deu,German,26
Kainuu,2021,ekk,Estonian,64
Kainuu,2021,eng,English,74
Kainuu,2021,fin,Finnish,68614
Kainuu,2021,kin,Kinyarwanda,18
Kainuu,2021,pes,"Persian, Farsi",34
Kainuu,2021,pol,Polish,25
Kainuu,2021,por,Portuguese,19
Kainuu,2021,rus,Russian,1120
Kainuu,2021,som,Somali,67
Kainuu,2021,spa,Spanish,28
Kainuu,2021,swe,Swedish,54
Kainuu,2021,swh,Swahili,21
Kainuu,2021,tgl,Tagalog,17
Kainuu,2021,tha,Thai,67
Kainuu,2021,tir,Tigrinya,33
Kainuu,2021,tuk,Turkmen,17
Kainuu,2021,tur,Turkish,18
Kainuu,2021,ukr,Ukrainian,93
Kainuu,2021,vie,Vietnamese,19
Kainuu,2022,amh,Amharic,20
Kainuu,2022,arb,Arabic,232
Kainuu,2022,ckb,Kurdish,85
Kainuu,2022,cmn,Chinese,29
Kainuu,2022,deu,German,26
Kainuu,2022,ekk,Estonian,79
Kainuu,2022,eng,English,104
Kainuu,2022,fin,Finnish,67565
Kainuu,2022,fra,French,14
Kainuu,2022,kin,Kinyarwanda,23
Kainuu,2022,pes,"Persian, Farsi",33
Kainuu,2022,pol,Polish,26
Kainuu,2022,por,Portuguese,16
Kainuu,2022,rus,Russian,1275
Kainuu,2022,som,Somali,59
Kainuu,2022,spa,Spanish,31
Kainuu,2022,swe,Swedish,56
Kainuu,2022,swh,Swahili,22
Kainuu,2022,tgl,Tagalog,27
Kainuu,2022,tha,Thai,89
Kainuu,2022,tir,Tigrinya,48
Kainuu,2022,tuk,Turkmen,13
Kainuu,2022,tur,Turkish,25
Kainuu,2022,ukr,Ukrainian,119
Kainuu,2022,uzn,Uzbek,15
Kainuu,2022,vie,Vietnamese,17
Kainuu,2023,amh,Amharic,28
Kainuu,2023,arb,Arabic,227
Kainuu,2023,ben,"Bengali, (Bangla)",29
Kainuu,2023,ckb,Kurdish,58
Kainuu,2023,cmn,Chinese,57
Kainuu,2023,deu,German,26
Kainuu,2023,ekk,Estonian,68
Kainuu,2023,eng,English,113
Kainuu,2023,fin,Finnish,66461
Kainuu,2023,fra,French,13
Kainuu,2023,kaz,Kazakh,16
Kainuu,2023,kin,Kinyarwanda,25
Kainuu,2023,npi,Nepali,31
Kainuu,2023,pes,"Persian, Farsi",69
Kainuu,2023,pol,Polish,30
Kainuu,2023,por,Portuguese,16
Kainuu,2023,rus,Russian,1368
Kainuu,2023,sin,Sinhala,114
Kainuu,2023,som,Somali,78
Kainuu,2023,spa,Spanish,36
Kainuu,2023,swe,Swedish,58
Kainuu,2023,swh,Swahili,23
Kainuu,2023,tgl,Tagalog,61
Kainuu,2023,tha,Thai,101
Kainuu,2023,tir,Tigrinya,42
Kainuu,2023,tur,Turkish,27
Kainuu,2023,ukr,Ukrainian,385
Kainuu,2023,urd,Urdu,15
Kainuu,2023,uzn,Uzbek,19
Kainuu,2023,vie,Vietnamese,27
Kainuu,2023,yor,Yoruba,10
Kainuu,2024,amh,Amharic,29
Kainuu,2024,arb,Arabic,238
Kainuu,2024,ben,"Bengali, (Bangla)",39
Kainuu,2024,ckb,Kurdish,62
Kainuu,2024,cmn,Chinese,68
Kainuu,2024,deu,German,26
Kainuu,2024,ekk,Estonian,65
Kainuu,2024,eng,English,146
Kainuu,2024,fin,Finnish,65472
Kainuu,2024,fra,French,13
Kainuu,2024,kaz,Kazakh,25
Kainuu,2024,kin,Kinyarwanda,33
Kainuu,2024,npi,Nepali,60
Kainuu,2024,pes,"Persian, Farsi",66
Kainuu,2024,pol,Polish,30
Kainuu,2024,por,Portuguese,20
Kainuu,2024,pst,Pushto,10
Kainuu,2024,rus,Russian,1398
Kainuu,2024,sin,Sinhala,159
Kainuu,2024,som,Somali,64
Kainuu,2024,spa,Spanish,41
Kainuu,2024,swe,Swedish,56
Kainuu,2024,swh,Swahili,23
Kainuu,2024,tgl,Tagalog,154
Kainuu,2024,tha,Thai,111
Kainuu,2024,tir,Tigrinya,41
Kainuu,2024,tur,Turkish,28
Kainuu,2024,ukr,Ukrainian,507
Kainuu,2024,urd,Urdu,37
Kainuu,2024,uzn,Uzbek,21
Kainuu,2024,vie,Vietnamese,34
Kainuu,2024,yor,Yoruba,11
Kainuu,2025,amh,Amharic,30
Kainuu,2025,arb,Arabic,232
Kainuu,2025,ben,"Bengali, (Bangla)",61
Kainuu,2025,ckb,Kurdish,62
Kainuu,2025,cmn,Chinese,65
Kainuu,2025,deu,German,25
Kainuu,2025,ekk,Estonian,66
Kainuu,2025,eng,English,174
Kainuu,2025,fin,Finnish,64591
Kainuu,2025,fra,French,14
Kainuu,2025,ibo,Igbo,19
Kainuu,2025,ind,Indonesian,18
Kainuu,2025,kaz,Kazakh,21
Kainuu,2025,kin,Kinyarwanda,21
Kainuu,2025,npi,Nepali,74
Kainuu,2025,pes,"Persian, Farsi",100
Kainuu,2025,pol,Polish,28
Kainuu,2025,por,Portuguese,21
Kainuu,2025,pst,Pushto,13
Kainuu,2025,rus,Russian,1360
Kainuu,2025,sin,Sinhala,171
Kainuu,2025,som,Somali,64
Kainuu,2025,spa,Spanish,42
Kainuu,2025,swe,Swedish,50
Kainuu,2025,swh,Swahili,22
Kainuu,2025,tgl,Tagalog,161
Kainuu,2025,tha,Thai,116
Kainuu,2025,tir,Tigrinya,60
Kainuu,2025,tur,Turkish,39
Kainuu,2025,ukr,Ukrainian,622
Kainuu,2025,urd,Urdu,56
Kainuu,2025,uzn,Uzbek,16
Kainuu,2025,vie,Vietnamese,46
Kainuu,2025,yor,Yoruba,14
Kanta-Häme,1990,ckb,Kurdish,32
Kanta-Häme,1990,deu,German,19
Kanta-Häme,1990,ekk,Estonian,27
Kanta-Häme,1990,eng,English,23
Kanta-Häme,1990,fin,Finnish,161276
Kanta-Häme,1990,rus,Russian,62
Kanta-Häme,1990,spa,Spanish,10
Kanta-Häme,1990,swe,Swedish,463
Kanta-Häme,1990,vie,Vietnamese,28
Kanta-Häme,1991,arb,Arabic,10
Kanta-Häme,1991,ckb,Kurdish,87
Kanta-Häme,1991,deu,German,31
Kanta-Häme,1991,ekk,Estonian,162
Kanta-Häme,1991,eng,English,22
Kanta-Häme,1991,fin,Finnish,162108
Kanta-Häme,1991,rus,Russian,98
Kanta-Häme,1991,som,Somali,85
Kanta-Häme,1991,spa,Spanish,20
Kanta-Häme,1991,swe,Swedish,462
Kanta-Häme,1991,tur,Turkish,10
Kanta-Häme,1991,vie,Vietnamese,29
Kanta-Häme,1992,arb,Arabic,33
Kanta-Häme,1992,ckb,Kurdish,81
Kanta-Häme,1992,deu,German,31
Kanta-Häme,1992,ekk,Estonian,262
Kanta-Häme,1992,eng,English,38
Kanta-Häme,1992,fin,Finnish,162862
Kanta-Häme,1992,hun,Hungarian,13
Kanta-Häme,1992,rus,Russian,146
Kanta-Häme,1992,som,Somali,25
Kanta-Häme,1992,spa,Spanish,22
Kanta-Häme,1992,swe,Swedish,475
Kanta-Häme,1992,tur,Turkish,25
Kanta-Häme,1992,vie,Vietnamese,31
Kanta-Häme,1993,als,Albanian,64
Kanta-Häme,1993,arb,Arabic,39
Kanta-Häme,1993,ckb,Kurdish,80
Kanta-Häme,1993,deu,German,33
Kanta-Häme,1993,ekk,Estonian,319
Kanta-Häme,1993,eng,English,35
Kanta-Häme,1993,fin,Finnish,163027
Kanta-Häme,1993,rus,Russian,184
Kanta-Häme,1993,som,Somali,27
Kanta-Häme,1993,spa,Spanish,15
Kanta-Häme,1993,swe,Swedish,474
Kanta-Häme,1993,tur,Turkish,46
Kanta-Häme,1993,vie,Vietnamese,81
Kanta-Häme,1994,als,Albanian,79
Kanta-Häme,1994,arb,Arabic,53
Kanta-Häme,1994,ckb,Kurdish,56
Kanta-Häme,1994,cmn,Chinese,11
Kanta-Häme,1994,deu,German,22
Kanta-Häme,1994,ekk,Estonian,333
Kanta-Häme,1994,eng,English,47
Kanta-Häme,1994,fin,Finnish,163106
Kanta-Häme,1994,rus,Russian,210
Kanta-Häme,1994,som,Somali,21
Kanta-Häme,1994,spa,Spanish,25
Kanta-Häme,1994,swe,Swedish,475
Kanta-Häme,1994,tur,Turkish,54
Kanta-Häme,1994,vie,Vietnamese,119
Kanta-Häme,1995,als,Albanian,62
Kanta-Häme,1995,arb,Arabic,58
Kanta-Häme,1995,ckb,Kurdish,55
Kanta-Häme,1995,cmn,Chinese,11
Kanta-Häme,1995,deu,German,26
Kanta-Häme,1995,ekk,Estonian,386
Kanta-Häme,1995,eng,English,35
Kanta-Häme,1995,fin,Finnish,162990
Kanta-Häme,1995,rus,Russian,236
Kanta-Häme,1995,som,Somali,24
Kanta-Häme,1995,spa,Spanish,13
Kanta-Häme,1995,swe,Swedish,489
Kanta-Häme,1995,tur,Turkish,52
Kanta-Häme,1995,vie,Vietnamese,115
Kanta-Häme,1996,als,Albanian,56
Kanta-Häme,1996,arb,Arabic,67
Kanta-Häme,1996,ckb,Kurdish,67
Kanta-Häme,1996,cmn,Chinese,16
Kanta-Häme,1996,deu,German,25
Kanta-Häme,1996,ekk,Estonian,391
Kanta-Häme,1996,eng,English,35
Kanta-Häme,1996,fin,Finnish,162885
Kanta-Häme,1996,rus,Russian,261
Kanta-Häme,1996,som,Somali,12
Kanta-Häme,1996,spa,Spanish,10
Kanta-Häme,1996,srp,Serbian,18
Kanta-Häme,1996,swe,Swedish,477
Kanta-Häme,1996,tur,Turkish,50
Kanta-Häme,1996,vie,Vietnamese,107
Kanta-Häme,1997,als,Albanian,29
Kanta-Häme,1997,arb,Arabic,81
Kanta-Häme,1997,ckb,Kurdish,72
Kanta-Häme,1997,cmn,Chinese,16
Kanta-Häme,1997,deu,German,26
Kanta-Häme,1997,ekk,Estonian,387
Kanta-Häme,1997,eng,English,34
Kanta-Häme,1997,fin,Finnish,162964
Kanta-Häme,1997,rus,Russian,287
Kanta-Häme,1997,som,Somali,12
Kanta-Häme,1997,spa,Spanish,11
Kanta-Häme,1997,srp,Serbian,21
Kanta-Häme,1997,swe,Swedish,498
Kanta-Häme,1997,tur,Turkish,47
Kanta-Häme,1997,vie,Vietnamese,107
Kanta-Häme,1998,als,Albanian,23
Kanta-Häme,1998,arb,Arabic,89
Kanta-Häme,1998,ckb,Kurdish,68
Kanta-Häme,1998,cmn,Chinese,26
Kanta-Häme,1998,deu,German,24
Kanta-Häme,1998,ekk,Estonian,393
Kanta-Häme,1998,eng,English,42
Kanta-Häme,1998,fin,Finnish,162754
Kanta-Häme,1998,rus,Russian,318
Kanta-Häme,1998,som,Somali,12
Kanta-Häme,1998,spa,Spanish,11
Kanta-Häme,1998,srp,Serbian,27
Kanta-Häme,1998,swe,Swedish,504
Kanta-Häme,1998,tur,Turkish,50
Kanta-Häme,1998,vie,Vietnamese,108
Kanta-Häme,1999,als,Albanian,27
Kanta-Häme,1999,arb,Arabic,94
Kanta-Häme,1999,ckb,Kurdish,76
Kanta-Häme,1999,cmn,Chinese,26
Kanta-Häme,1999,deu,German,26
Kanta-Häme,1999,ekk,Estonian,397
Kanta-Häme,1999,eng,English,41
Kanta-Häme,1999,fin,Finnish,162944
Kanta-Häme,1999,rus,Russian,369
Kanta-Häme,1999,spa,Spanish,11
Kanta-Häme,1999,srp,Serbian,28
Kanta-Häme,1999,swe,Swedish,519
Kanta-Häme,1999,tur,Turkish,59
Kanta-Häme,1999,vie,Vietnamese,103
Kanta-Häme,2000,als,Albanian,27
Kanta-Häme,2000,arb,Arabic,71
Kanta-Häme,2000,ckb,Kurdish,88
Kanta-Häme,2000,cmn,Chinese,16
Kanta-Häme,2000,deu,German,38
Kanta-Häme,2000,ekk,Estonian,406
Kanta-Häme,2000,eng,English,46
Kanta-Häme,2000,fin,Finnish,163006
Kanta-Häme,2000,rus,Russian,421
Kanta-Häme,2000,spa,Spanish,11
Kanta-Häme,2000,srp,Serbian,27
Kanta-Häme,2000,swe,Swedish,534
Kanta-Häme,2000,tur,Turkish,52
Kanta-Häme,2000,vie,Vietnamese,90
Kanta-Häme,2001,als,Albanian,40
Kanta-Häme,2001,arb,Arabic,83
Kanta-Häme,2001,ckb,Kurdish,96
Kanta-Häme,2001,cmn,Chinese,27
Kanta-Häme,2001,deu,German,26
Kanta-Häme,2001,ekk,Estonian,412
Kanta-Häme,2001,eng,English,80
Kanta-Häme,2001,fin,Finnish,163077
Kanta-Häme,2001,rus,Russian,454
Kanta-Häme,2001,spa,Spanish,10
Kanta-Häme,2001,srp,Serbian,23
Kanta-Häme,2001,swe,Swedish,535
Kanta-Häme,2001,tur,Turkish,56
Kanta-Häme,2001,vie,Vietnamese,94
Kanta-Häme,2002,als,Albanian,45
Kanta-Häme,2002,arb,Arabic,73
Kanta-Häme,2002,bos,Bosnian,14
Kanta-Häme,2002,ckb,Kurdish,60
Kanta-Häme,2002,cmn,Chinese,18
Kanta-Häme,2002,deu,German,42
Kanta-Häme,2002,ekk,Estonian,428
Kanta-Häme,2002,eng,English,63
Kanta-Häme,2002,fin,Finnish,163384
Kanta-Häme,2002,rus,Russian,491
Kanta-Häme,2002,spa,Spanish,28
Kanta-Häme,2002,swe,Swedish,529
Kanta-Häme,2002,tur,Turkish,67
Kanta-Häme,2002,vie,Vietnamese,97
Kanta-Häme,2003,als,Albanian,38
Kanta-Häme,2003,arb,Arabic,55
Kanta-Häme,2003,bos,Bosnian,13
Kanta-Häme,2003,che,Chechen,22
Kanta-Häme,2003,ckb,Kurdish,47
Kanta-Häme,2003,cmn,Chinese,30
Kanta-Häme,2003,deu,German,38
Kanta-Häme,2003,ekk,Estonian,446
Kanta-Häme,2003,eng,English,84
Kanta-Häme,2003,fin,Finnish,164105
Kanta-Häme,2003,rus,Russian,494
Kanta-Häme,2003,spa,Spanish,20
Kanta-Häme,2003,swe,Swedish,538
Kanta-Häme,2003,tur,Turkish,71
Kanta-Häme,2003,vie,Vietnamese,103
Kanta-Häme,2004,als,Albanian,15
Kanta-Häme,2004,arb,Arabic,64
Kanta-Häme,2004,bos,Bosnian,19
Kanta-Häme,2004,che,Chechen,23
Kanta-Häme,2004,ckb,Kurdish,43
Kanta-Häme,2004,cmn,Chinese,32
Kanta-Häme,2004,deu,German,47
Kanta-Häme,2004,ekk,Estonian,503
Kanta-Häme,2004,eng,English,80
Kanta-Häme,2004,fin,Finnish,164919
Kanta-Häme,2004,pan,Panjabi,10
Kanta-Häme,2004,pes,"Persian, Farsi",55
Kanta-Häme,2004,rus,Russian,516
Kanta-Häme,2004,spa,Spanish,20
Kanta-Häme,2004,swe,Swedish,550
Kanta-Häme,2004,tha,Thai,12
Kanta-Häme,2004,tur,Turkish,76
Kanta-Häme,2004,vie,Vietnamese,117
Kanta-Häme,2005,als,Albanian,10
Kanta-Häme,2005,arb,Arabic,58
Kanta-Häme,2005,bos,Bosnian,15
Kanta-Häme,2005,che,Chechen,18
Kanta-Häme,2005,ckb,Kurdish,36
Kanta-Häme,2005,cmn,Chinese,33
Kanta-Häme,2005,deu,German,45
Kanta-Häme,2005,ekk,Estonian,566
Kanta-Häme,2005,eng,English,97
Kanta-Häme,2005,fin,Finnish,165491
Kanta-Häme,2005,pes,"Persian, Farsi",77
Kanta-Häme,2005,rus,Russian,554
Kanta-Häme,2005,spa,Spanish,22
Kanta-Häme,2005,swe,Swedish,560
Kanta-Häme,2005,tha,Thai,41
Kanta-Häme,2005,tur,Turkish,73
Kanta-Häme,2005,vie,Vietnamese,112
Kanta-Häme,2006,als,Albanian,11
Kanta-Häme,2006,arb,Arabic,78
Kanta-Häme,2006,bos,Bosnian,14
Kanta-Häme,2006,che,Chechen,23
Kanta-Häme,2006,ckb,Kurdish,42
Kanta-Häme,2006,cmn,Chinese,36
Kanta-Häme,2006,deu,German,47
Kanta-Häme,2006,ekk,Estonian,664
Kanta-Häme,2006,eng,English,119
Kanta-Häme,2006,fin,Finnish,166736
Kanta-Häme,2006,lin,Lingala,11
Kanta-Häme,2006,pan,Panjabi,10
Kanta-Häme,2006,pes,"Persian, Farsi",89
Kanta-Häme,2006,pol,Polish,24
Kanta-Häme,2006,rus,Russian,588
Kanta-Häme,2006,spa,Spanish,35
Kanta-Häme,2006,swe,Swedish,572
Kanta-Häme,2006,tha,Thai,48
Kanta-Häme,2006,tur,Turkish,103
Kanta-Häme,2006,vie,Vietnamese,130
Kanta-Häme,2007,arb,Arabic,73
Kanta-Häme,2007,bos,Bosnian,13
Kanta-Häme,2007,che,Chechen,22
Kanta-Häme,2007,ckb,Kurdish,47
Kanta-Häme,2007,cmn,Chinese,41
Kanta-Häme,2007,deu,German,58
Kanta-Häme,2007,ekk,Estonian,753
Kanta-Häme,2007,eng,English,138
Kanta-Häme,2007,fin,Finnish,167922
Kanta-Häme,2007,hun,Hungarian,10
Kanta-Häme,2007,ita,Italian,10
Kanta-Häme,2007,lin,Lingala,11
Kanta-Häme,2007,pes,"Persian, Farsi",92
Kanta-Häme,2007,pol,Polish,58
Kanta-Häme,2007,rus,Russian,633
Kanta-Häme,2007,spa,Spanish,33
Kanta-Häme,2007,swe,Swedish,591
Kanta-Häme,2007,tha,Thai,61
Kanta-Häme,2007,tur,Turkish,101
Kanta-Häme,2007,vie,Vietnamese,127
Kanta-Häme,2008,als,Albanian,19
Kanta-Häme,2008,arb,Arabic,74
Kanta-Häme,2008,bos,Bosnian,17
Kanta-Häme,2008,che,Chechen,23
Kanta-Häme,2008,ckb,Kurdish,53
Kanta-Häme,2008,cmn,Chinese,49
Kanta-Häme,2008,deu,German,47
Kanta-Häme,2008,ekk,Estonian,814
Kanta-Häme,2008,eng,English,134
Kanta-Häme,2008,fin,Finnish,169143
Kanta-Häme,2008,fra,French,11
Kanta-Häme,2008,hun,Hungarian,23
Kanta-Häme,2008,lin,Lingala,11
Kanta-Häme,2008,pes,"Persian, Farsi",99
Kanta-Häme,2008,pol,Polish,113
Kanta-Häme,2008,rus,Russian,686
Kanta-Häme,2008,slk,Slovak,12
Kanta-Häme,2008,spa,Spanish,34
Kanta-Häme,2008,swe,Swedish,611
Kanta-Häme,2008,tha,Thai,75
Kanta-Häme,2008,tur,Turkish,120
Kanta-Häme,2008,vie,Vietnamese,152
Kanta-Häme,2009,als,Albanian,28
Kanta-Häme,2009,arb,Arabic,97
Kanta-Häme,2009,ben,"Bengali, (Bangla)",10
Kanta-Häme,2009,bos,Bosnian,16
Kanta-Häme,2009,che,Chechen,24
Kanta-Häme,2009,ckb,Kurdish,58
Kanta-Häme,2009,cmn,Chinese,56
Kanta-Häme,2009,deu,German,45
Kanta-Häme,2009,ekk,Estonian,849
Kanta-Häme,2009,eng,English,155
Kanta-Häme,2009,fin,Finnish,169692
Kanta-Häme,2009,fra,French,14
Kanta-Häme,2009,hun,Hungarian,25
Kanta-Häme,2009,ita,Italian,10
Kanta-Häme,2009,lin,Lingala,16
Kanta-Häme,2009,npi,Nepali,10
Kanta-Häme,2009,pes,"Persian, Farsi",108
Kanta-Häme,2009,pol,Polish,106
Kanta-Häme,2009,rus,Russian,688
Kanta-Häme,2009,slk,Slovak,11
Kanta-Häme,2009,som,Somali,11
Kanta-Häme,2009,spa,Spanish,47
Kanta-Häme,2009,swe,Swedish,628
Kanta-Häme,2009,swh,Swahili,10
Kanta-Häme,2009,tha,Thai,106
Kanta-Häme,2009,tur,Turkish,131
Kanta-Häme,2009,vie,Vietnamese,155
Kanta-Häme,2010,als,Albanian,31
Kanta-Häme,2010,arb,Arabic,100
Kanta-Häme,2010,ben,"Bengali, (Bangla)",10
Kanta-Häme,2010,bos,Bosnian,15
Kanta-Häme,2010,che,Chechen,20
Kanta-Häme,2010,ckb,Kurdish,48
Kanta-Häme,2010,cmn,Chinese,60
Kanta-Häme,2010,deu,German,52
Kanta-Häme,2010,ekk,Estonian,921
Kanta-Häme,2010,eng,English,143
Kanta-Häme,2010,fin,Finnish,170079
Kanta-Häme,2010,fra,French,16
Kanta-Häme,2010,hun,Hungarian,53
Kanta-Häme,2010,lin,Lingala,16
Kanta-Häme,2010,npi,Nepali,20
Kanta-Häme,2010,pes,"Persian, Farsi",124
Kanta-Häme,2010,pol,Polish,106
Kanta-Häme,2010,por,Portuguese,12
Kanta-Häme,2010,ron,Romanian,10
Kanta-Häme,2010,rus,Russian,714
Kanta-Häme,2010,slk,Slovak,11
Kanta-Häme,2010,som,Somali,20
Kanta-Häme,2010,spa,Spanish,43
Kanta-Häme,2010,swe,Swedish,659
Kanta-Häme,2010,swh,Swahili,15
Kanta-Häme,2010,tgl,Tagalog,10
Kanta-Häme,2010,tha,Thai,127
Kanta-Häme,2010,tur,Turkish,156
Kanta-Häme,2010,ukr,Ukrainian,15
Kanta-Häme,2010,vie,Vietnamese,157
Kanta-Häme,2011,als,Albanian,25
Kanta-Häme,2011,arb,Arabic,110
Kanta-Häme,2011,ben,"Bengali, (Bangla)",10
Kanta-Häme,2011,bos,Bosnian,15
Kanta-Häme,2011,bul,Bulgarian,25
Kanta-Häme,2011,che,Chechen,20
Kanta-Häme,2011,ckb,Kurdish,55
Kanta-Häme,2011,cmn,Chinese,76
Kanta-Häme,2011,deu,German,62
Kanta-Häme,2011,ekk,Estonian,1037
Kanta-Häme,2011,eng,English,154
Kanta-Häme,2011,fin,Finnish,170357
Kanta-Häme,2011,fra,French,18
Kanta-Häme,2011,hun,Hungarian,50
Kanta-Häme,2011,kin,Kinyarwanda,10
Kanta-Häme,2011,lin,Lingala,21
Kanta-Häme,2011,lvs,Latvian,24
Kanta-Häme,2011,npi,Nepali,33
Kanta-Häme,2011,pes,"Persian, Farsi",131
Kanta-Häme,2011,pol,Polish,111
Kanta-Häme,2011,por,Portuguese,15
Kanta-Häme,2011,ron,Romanian,21
Kanta-Häme,2011,rus,Russian,800
Kanta-Häme,2011,slk,Slovak,11
Kanta-Häme,2011,som,Somali,36
Kanta-Häme,2011,spa,Spanish,47
Kanta-Häme,2011,swe,Swedish,661
Kanta-Häme,2011,swh,Swahili,22
Kanta-Häme,2011,tam,Tamil,11
Kanta-Häme,2011,tgl,Tagalog,12
Kanta-Häme,2011,tha,Thai,158
Kanta-Häme,2011,tur,Turkish,156
Kanta-Häme,2011,ukr,Ukrainian,22
Kanta-Häme,2011,vie,Vietnamese,154
Kanta-Häme,2012,als,Albanian,27
Kanta-Häme,2012,arb,Arabic,117
Kanta-Häme,2012,ben,"Bengali, (Bangla)",14
Kanta-Häme,2012,bos,Bosnian,18
Kanta-Häme,2012,bul,Bulgarian,27
Kanta-Häme,2012,che,Chechen,20
Kanta-Häme,2012,ckb,Kurdish,63
Kanta-Häme,2012,cmn,Chinese,98
Kanta-Häme,2012,deu,German,71
Kanta-Häme,2012,ekk,Estonian,1144
Kanta-Häme,2012,eng,English,185
Kanta-Häme,2012,fin,Finnish,170014
Kanta-Häme,2012,fra,French,18
Kanta-Häme,2012,hun,Hungarian,69
Kanta-Häme,2012,kin,Kinyarwanda,30
Kanta-Häme,2012,lin,Lingala,21
Kanta-Häme,2012,lvs,Latvian,30
Kanta-Häme,2012,npi,Nepali,59
Kanta-Häme,2012,pes,"Persian, Farsi",150
Kanta-Häme,2012,pol,Polish,232
Kanta-Häme,2012,por,Portuguese,14
Kanta-Häme,2012,ron,Romanian,30
Kanta-Häme,2012,rus,Russian,872
Kanta-Häme,2012,slk,Slovak,10
Kanta-Häme,2012,som,Somali,45
Kanta-Häme,2012,spa,Spanish,60
Kanta-Häme,2012,swe,Swedish,625
Kanta-Häme,2012,swh,Swahili,40
Kanta-Häme,2012,tam,Tamil,17
Kanta-Häme,2012,tgl,Tagalog,11
Kanta-Häme,2012,tha,Thai,188
Kanta-Häme,2012,tuk,Turkmen,13
Kanta-Häme,2012,tur,Turkish,183
Kanta-Häme,2012,ukr,Ukrainian,32
Kanta-Häme,2012,vie,Vietnamese,166
Kanta-Häme,2013,als,Albanian,39
Kanta-Häme,2013,arb,Arabic,176
Kanta-Häme,2013,ben,"Bengali, (Bangla)",13
Kanta-Häme,2013,bos,Bosnian,17
Kanta-Häme,2013,bul,Bulgarian,36
Kanta-Häme,2013,che,Chechen,22
Kanta-Häme,2013,ckb,Kurdish,89
Kanta-Häme,2013,cmn,Chinese,98
Kanta-Häme,2013,deu,German,73
Kanta-Häme,2013,ekk,Estonian,1269
Kanta-Häme,2013,ell,Greek (modern),11
Kanta-Häme,2013,eng,English,217
Kanta-Häme,2013,fin,Finnish,169451
Kanta-Häme,2013,fra,French,20
Kanta-Häme,2013,hun,Hungarian,70
Kanta-Häme,2013,kin,Kinyarwanda,38
Kanta-Häme,2013,lin,Lingala,21
Kanta-Häme,2013,lvs,Latvian,39
Kanta-Häme,2013,npi,Nepali,79
Kanta-Häme,2013,pes,"Persian, Farsi",174
Kanta-Häme,2013,pol,Polish,301
Kanta-Häme,2013,por,Portuguese,16
Kanta-Häme,2013,ron,Romanian,37
Kanta-Häme,2013,rus,Russian,892
Kanta-Häme,2013,slk,Slovak,10
Kanta-Häme,2013,som,Somali,72
Kanta-Häme,2013,spa,Spanish,59
Kanta-Häme,2013,swe,Swedish,630
Kanta-Häme,2013,swh,Swahili,46
Kanta-Häme,2013,tam,Tamil,15
Kanta-Häme,2013,tgl,Tagalog,21
Kanta-Häme,2013,tha,Thai,213
Kanta-Häme,2013,tuk,Turkmen,10
Kanta-Häme,2013,tur,Turkish,204
Kanta-Häme,2013,ukr,Ukrainian,51
Kanta-Häme,2013,vie,Vietnamese,150
Kanta-Häme,2014,aka,Akan,10
Kanta-Häme,2014,als,Albanian,32
Kanta-Häme,2014,arb,Arabic,246
Kanta-Häme,2014,ben,"Bengali, (Bangla)",13
Kanta-Häme,2014,bos,Bosnian,17
Kanta-Häme,2014,bul,Bulgarian,43
Kanta-Häme,2014,che,Chechen,23
Kanta-Häme,2014,ckb,Kurdish,88
Kanta-Häme,2014,cmn,Chinese,97
Kanta-Häme,2014,deu,German,61
Kanta-Häme,2014,ekk,Estonian,1328
Kanta-Häme,2014,ell,Greek (modern),14
Kanta-Häme,2014,eng,English,253
Kanta-Häme,2014,fin,Finnish,168865
Kanta-Häme,2014,fra,French,21
Kanta-Häme,2014,hun,Hungarian,67
Kanta-Häme,2014,ita,Italian,12
Kanta-Häme,2014,kin,Kinyarwanda,49
Kanta-Häme,2014,lin,Lingala,20
Kanta-Häme,2014,lvs,Latvian,40
Kanta-Häme,2014,npi,Nepali,80
Kanta-Häme,2014,pes,"Persian, Farsi",206
Kanta-Häme,2014,pol,Polish,361
Kanta-Häme,2014,por,Portuguese,16
Kanta-Häme,2014,ron,Romanian,47
Kanta-Häme,2014,rus,Russian,906
Kanta-Häme,2014,som,Somali,88
Kanta-Häme,2014,spa,Spanish,73
Kanta-Häme,2014,swe,Swedish,626
Kanta-Häme,2014,swh,Swahili,62
Kanta-Häme,2014,tam,Tamil,16
Kanta-Häme,2014,tgl,Tagalog,23
Kanta-Häme,2014,tha,Thai,244
Kanta-Häme,2014,tuk,Turkmen,11
Kanta-Häme,2014,tur,Turkish,212
Kanta-Häme,2014,ukr,Ukrainian,55
Kanta-Häme,2014,vie,Vietnamese,161
Kanta-Häme,2014,yor,Yoruba,26
Kanta-Häme,2015,aka,Akan,11
Kanta-Häme,2015,als,Albanian,31
Kanta-Häme,2015,arb,Arabic,268
Kanta-Häme,2015,ben,"Bengali, (Bangla)",13
Kanta-Häme,2015,bos,Bosnian,15
Kanta-Häme,2015,bul,Bulgarian,45
Kanta-Häme,2015,che,Chechen,23
Kanta-Häme,2015,ckb,Kurdish,87
Kanta-Häme,2015,cmn,Chinese,102
Kanta-Häme,2015,deu,German,63
Kanta-Häme,2015,ekk,Estonian,1339
Kanta-Häme,2015,ell,Greek (modern),19
Kanta-Häme,2015,eng,English,257
Kanta-Häme,2015,fin,Finnish,167858
Kanta-Häme,2015,fra,French,22
Kanta-Häme,2015,hun,Hungarian,67
Kanta-Häme,2015,ita,Italian,13
Kanta-Häme,2015,kin,Kinyarwanda,51
Kanta-Häme,2015,lin,Lingala,18
Kanta-Häme,2015,lvs,Latvian,41
Kanta-Häme,2015,npi,Nepali,75
Kanta-Häme,2015,pes,"Persian, Farsi",218
Kanta-Häme,2015,pol,Polish,415
Kanta-Häme,2015,por,Portuguese,12
Kanta-Häme,2015,ron,Romanian,57
Kanta-Häme,2015,rus,Russian,941
Kanta-Häme,2015,som,Somali,143
Kanta-Häme,2015,spa,Spanish,82
Kanta-Häme,2015,swe,Swedish,638
Kanta-Häme,2015,swh,Swahili,95
Kanta-Häme,2015,tam,Tamil,20
Kanta-Häme,2015,tgl,Tagalog,38
Kanta-Häme,2015,tha,Thai,278
Kanta-Häme,2015,tuk,Turkmen,11
Kanta-Häme,2015,tur,Turkish,215
Kanta-Häme,2015,ukr,Ukrainian,64
Kanta-Häme,2015,vie,Vietnamese,169
Kanta-Häme,2015,yor,Yoruba,29
Kanta-Häme,2016,aka,Akan,12
Kanta-Häme,2016,als,Albanian,34
Kanta-Häme,2016,amh,Amharic,10
Kanta-Häme,2016,arb,Arabic,409
Kanta-Häme,2016,bos,Bosnian,15
Kanta-Häme,2016,bul,Bulgarian,46
Kanta-Häme,2016,che,Chechen,23
Kanta-Häme,2016,ckb,Kurdish,108
Kanta-Häme,2016,cmn,Chinese,102
Kanta-Häme,2016,deu,German,67
Kanta-Häme,2016,ekk,Estonian,1330
Kanta-Häme,2016,ell,Greek (modern),20
Kanta-Häme,2016,eng,English,277
Kanta-Häme,2016,fin,Finnish,166490
Kanta-Häme,2016,fra,French,21
Kanta-Häme,2016,hun,Hungarian,69
Kanta-Häme,2016,ita,Italian,16
Kanta-Häme,2016,kin,Kinyarwanda,59
Kanta-Häme,2016,lin,Lingala,20
Kanta-Häme,2016,lvs,Latvian,41
Kanta-Häme,2016,npi,Nepali,72
Kanta-Häme,2016,pes,"Persian, Farsi",258
Kanta-Häme,2016,pol,Polish,443
Kanta-Häme,2016,por,Portuguese,12
Kanta-Häme,2016,ron,Romanian,58
Kanta-Häme,2016,rus,Russian,950
Kanta-Häme,2016,som,Somali,197
Kanta-Häme,2016,spa,Spanish,80
Kanta-Häme,2016,swe,Swedish,644
Kanta-Häme,2016,swh,Swahili,109
Kanta-Häme,2016,tam,Tamil,21
Kanta-Häme,2016,tgl,Tagalog,49
Kanta-Häme,2016,tha,Thai,269
Kanta-Häme,2016,tur,Turkish,225
Kanta-Häme,2016,ukr,Ukrainian,67
Kanta-Häme,2016,urd,Urdu,10
Kanta-Häme,2016,vie,Vietnamese,189
Kanta-Häme,2016,yor,Yoruba,39
Kanta-Häme,2017,als,Albanian,31
Kanta-Häme,2017,arb,Arabic,539
Kanta-Häme,2017,ben,"Bengali, (Bangla)",13
Kanta-Häme,2017,bos,Bosnian,15
Kanta-Häme,2017,bul,Bulgarian,45
Kanta-Häme,2017,che,Chechen,17
Kanta-Häme,2017,ckb,Kurdish,108
Kanta-Häme,2017,cmn,Chinese,108
Kanta-Häme,2017,deu,German,69
Kanta-Häme,2017,ekk,Estonian,1361
Kanta-Häme,2017,ell,Greek (modern),22
Kanta-Häme,2017,eng,English,253
Kanta-Häme,2017,fin,Finnish,165143
Kanta-Häme,2017,fra,French,20
Kanta-Häme,2017,hrv,Croatian,11
Kanta-Häme,2017,hun,Hungarian,63
Kanta-Häme,2017,ita,Italian,16
Kanta-Häme,2017,kin,Kinyarwanda,57
Kanta-Häme,2017,lin,Lingala,20
Kanta-Häme,2017,lvs,Latvian,55
Kanta-Häme,2017,nld,Dutch,10
Kanta-Häme,2017,npi,Nepali,74
Kanta-Häme,2017,pes,"Persian, Farsi",279
Kanta-Häme,2017,pol,Polish,460
Kanta-Häme,2017,por,Portuguese,12
Kanta-Häme,2017,ron,Romanian,68
Kanta-Häme,2017,rus,Russian,995
Kanta-Häme,2017,som,Somali,213
Kanta-Häme,2017,spa,Spanish,76
Kanta-Häme,2017,swe,Swedish,627
Kanta-Häme,2017,swh,Swahili,109
Kanta-Häme,2017,tam,Tamil,12
Kanta-Häme,2017,tgl,Tagalog,55
Kanta-Häme,2017,tha,Thai,302
Kanta-Häme,2017,tir,Tigrinya,10
Kanta-Häme,2017,tur,Turkish,216
Kanta-Häme,2017,ukr,Ukrainian,68
Kanta-Häme,2017,urd,Urdu,10
Kanta-Häme,2017,vie,Vietnamese,187
Kanta-Häme,2017,yor,Yoruba,43
Kanta-Häme,2018,als,Albanian,33
Kanta-Häme,2018,arb,Arabic,559
Kanta-Häme,2018,ben,"Bengali, (Bangla)",13
Kanta-Häme,2018,bos,Bosnian,12
Kanta-Häme,2018,bul,Bulgarian,49
Kanta-Häme,2018,che,Chechen,14
Kanta-Häme,2018,ckb,Kurdish,116
Kanta-Häme,2018,cmn,Chinese,119
Kanta-Häme,2018,deu,German,66
Kanta-Häme,2018,ekk,Estonian,1370
Kanta-Häme,2018,ell,Greek (modern),25
Kanta-Häme,2018,eng,English,242
Kanta-Häme,2018,fin,Finnish,163734
Kanta-Häme,2018,fra,French,20
Kanta-Häme,2018,hrv,Croatian,11
Kanta-Häme,2018,hun,Hungarian,61
Kanta-Häme,2018,ita,Italian,17
Kanta-Häme,2018,kin,Kinyarwanda,56
Kanta-Häme,2018,lin,Lingala,18
Kanta-Häme,2018,lvs,Latvian,58
Kanta-Häme,2018,npi,Nepali,78
Kanta-Häme,2018,pan,Panjabi,10
Kanta-Häme,2018,pes,"Persian, Farsi",291
Kanta-Häme,2018,pol,Polish,468
Kanta-Häme,2018,por,Portuguese,14
Kanta-Häme,2018,ron,Romanian,53
Kanta-Häme,2018,rus,Russian,997
Kanta-Häme,2018,som,Somali,249
Kanta-Häme,2018,spa,Spanish,75
Kanta-Häme,2018,swe,Swedish,614
Kanta-Häme,2018,swh,Swahili,97
Kanta-Häme,2018,tam,Tamil,10
Kanta-Häme,2018,tgl,Tagalog,52
Kanta-Häme,2018,tha,Thai,296
Kanta-Häme,2018,tir,Tigrinya,32
Kanta-Häme,2018,tur,Turkish,208
Kanta-Häme,2018,ukr,Ukrainian,76
Kanta-Häme,2018,urd,Urdu,12
Kanta-Häme,2018,vie,Vietnamese,180
Kanta-Häme,2018,yor,Yoruba,37
Kanta-Häme,2019,als,Albanian,46
Kanta-Häme,2019,arb,Arabic,640
Kanta-Häme,2019,ben,"Bengali, (Bangla)",26
Kanta-Häme,2019,bos,Bosnian,13
Kanta-Häme,2019,bul,Bulgarian,41
Kanta-Häme,2019,che,Chechen,13
Kanta-Häme,2019,ckb,Kurdish,127
Kanta-Häme,2019,cmn,Chinese,114
Kanta-Häme,2019,deu,German,76
Kanta-Häme,2019,ekk,Estonian,1367
Kanta-Häme,2019,ell,Greek (modern),27
Kanta-Häme,2019,eng,English,266
Kanta-Häme,2019,fin,Finnish,163052
Kanta-Häme,2019,fra,French,19
Kanta-Häme,2019,hrv,Croatian,11
Kanta-Häme,2019,hun,Hungarian,74
Kanta-Häme,2019,ita,Italian,24
Kanta-Häme,2019,kin,Kinyarwanda,58
Kanta-Häme,2019,lin,Lingala,16
Kanta-Häme,2019,lvs,Latvian,60
Kanta-Häme,2019,nld,Dutch,10
Kanta-Häme,2019,npi,Nepali,85
Kanta-Häme,2019,pan,Panjabi,13
Kanta-Häme,2019,pes,"Persian, Farsi",314
Kanta-Häme,2019,pol,Polish,464
Kanta-Häme,2019,por,Portuguese,20
Kanta-Häme,2019,ron,Romanian,47
Kanta-Häme,2019,rus,Russian,980
Kanta-Häme,2019,som,Somali,246
Kanta-Häme,2019,spa,Spanish,67
Kanta-Häme,2019,swe,Swedish,643
Kanta-Häme,2019,swh,Swahili,111
Kanta-Häme,2019,tam,Tamil,14
Kanta-Häme,2019,tgl,Tagalog,51
Kanta-Häme,2019,tha,Thai,306
Kanta-Häme,2019,tir,Tigrinya,33
Kanta-Häme,2019,tur,Turkish,247
Kanta-Häme,2019,ukr,Ukrainian,80
Kanta-Häme,2019,vie,Vietnamese,189
Kanta-Häme,2019,yor,Yoruba,33
Kanta-Häme,2020,als,Albanian,53
Kanta-Häme,2020,arb,Arabic,716
Kanta-Häme,2020,ben,"Bengali, (Bangla)",11
Kanta-Häme,2020,bos,Bosnian,14
Kanta-Häme,2020,bul,Bulgarian,44
Kanta-Häme,2020,che,Chechen,13
Kanta-Häme,2020,ckb,Kurdish,158
Kanta-Häme,2020,cmn,Chinese,155
Kanta-Häme,2020,deu,German,84
Kanta-Häme,2020,ekk,Estonian,1368
Kanta-Häme,2020,ell,Greek (modern),25
Kanta-Häme,2020,eng,English,271
Kanta-Häme,2020,fin,Finnish,162367
Kanta-Häme,2020,fra,French,28
Kanta-Häme,2020,hrv,Croatian,12
Kanta-Häme,2020,hun,Hungarian,67
Kanta-Häme,2020,ita,Italian,22
Kanta-Häme,2020,kin,Kinyarwanda,57
Kanta-Häme,2020,lin,Lingala,18
Kanta-Häme,2020,lvs,Latvian,56
Kanta-Häme,2020,nld,Dutch,11
Kanta-Häme,2020,npi,Nepali,81
Kanta-Häme,2020,pan,Panjabi,13
Kanta-Häme,2020,pes,"Persian, Farsi",352
Kanta-Häme,2020,pol,Polish,453
Kanta-Häme,2020,por,Portuguese,19
Kanta-Häme,2020,ron,Romanian,57
Kanta-Häme,2020,rus,Russian,1014
Kanta-Häme,2020,som,Somali,227
Kanta-Häme,2020,spa,Spanish,103
Kanta-Häme,2020,swe,Swedish,651
Kanta-Häme,2020,swh,Swahili,122
Kanta-Häme,2020,tgl,Tagalog,52
Kanta-Häme,2020,tha,Thai,310
Kanta-Häme,2020,tir,Tigrinya,35
Kanta-Häme,2020,tur,Turkish,288
Kanta-Häme,2020,ukr,Ukrainian,100
Kanta-Häme,2020,urd,Urdu,13
Kanta-Häme,2020,vie,Vietnamese,179
Kanta-Häme,2020,yor,Yoruba,30
Kanta-Häme,2021,als,Albanian,60
Kanta-Häme,2021,amh,Amharic,10
Kanta-Häme,2021,arb,Arabic,720
Kanta-Häme,2021,ben,"Bengali, (Bangla)",10
Kanta-Häme,2021,bos,Bosnian,14
Kanta-Häme,2021,bul,Bulgarian,34
Kanta-Häme,2021,che,Chechen,14
Kanta-Häme,2021,ckb,Kurdish,171
Kanta-Häme,2021,cmn,Chinese,154
Kanta-Häme,2021,deu,German,94
Kanta-Häme,2021,ekk,Estonian,1385
Kanta-Häme,2021,ell,Greek (modern),23
Kanta-Häme,2021,eng,English,313
Kanta-Häme,2021,fin,Finnish,161771
Kanta-Häme,2021,fra,French,31
Kanta-Häme,2021,hrv,Croatian,14
Kanta-Häme,2021,hun,Hungarian,69
Kanta-Häme,2021,ita,Italian,27
Kanta-Häme,2021,kin,Kinyarwanda,55
Kanta-Häme,2021,lin,Lingala,16
Kanta-Häme,2021,lvs,Latvian,55
Kanta-Häme,2021,nld,Dutch,12
Kanta-Häme,2021,npi,Nepali,81
Kanta-Häme,2021,pan,Panjabi,12
Kanta-Häme,2021,pes,"Persian, Farsi",353
Kanta-Häme,2021,pol,Polish,467
Kanta-Häme,2021,por,Portuguese,23
Kanta-Häme,2021,ron,Romanian,65
Kanta-Häme,2021,rus,Russian,1027
Kanta-Häme,2021,som,Somali,218
Kanta-Häme,2021,spa,Spanish,93
Kanta-Häme,2021,swe,Swedish,639
Kanta-Häme,2021,swh,Swahili,122
Kanta-Häme,2021,tgl,Tagalog,67
Kanta-Häme,2021,tha,Thai,311
Kanta-Häme,2021,tir,Tigrinya,39
Kanta-Häme,2021,tur,Turkish,307
Kanta-Häme,2021,ukr,Ukrainian,119
Kanta-Häme,2021,urd,Urdu,12
Kanta-Häme,2021,vie,Vietnamese,174
Kanta-Häme,2021,yor,Yoruba,29
Kanta-Häme,2022,als,Albanian,69
Kanta-Häme,2022,amh,Amharic,10
Kanta-Häme,2022,arb,Arabic,743
Kanta-Häme,2022,ben,"Bengali, (Bangla)",10
Kanta-Häme,2022,bos,Bosnian,14
Kanta-Häme,2022,bul,Bulgarian,48
Kanta-Häme,2022,che,Chechen,14
Kanta-Häme,2022,ckb,Kurdish,190
Kanta-Häme,2022,cmn,Chinese,161
Kanta-Häme,2022,deu,German,96
Kanta-Häme,2022,ekk,Estonian,1368
Kanta-Häme,2022,ell,Greek (modern),23
Kanta-Häme,2022,eng,English,388
Kanta-Häme,2022,fin,Finnish,160582
Kanta-Häme,2022,fra,French,46
Kanta-Häme,2022,hin,Hindi,22
Kanta-Häme,2022,hrv,Croatian,12
Kanta-Häme,2022,hun,Hungarian,80
Kanta-Häme,2022,ita,Italian,18
Kanta-Häme,2022,kin,Kinyarwanda,63
Kanta-Häme,2022,lin,Lingala,13
Kanta-Häme,2022,lit,Lithuanian,12
Kanta-Häme,2022,lvs,Latvian,63
Kanta-Häme,2022,nld,Dutch,13
Kanta-Häme,2022,npi,Nepali,73
Kanta-Häme,2022,pan,Panjabi,12
Kanta-Häme,2022,pes,"Persian, Farsi",385
Kanta-Häme,2022,pol,Polish,473
Kanta-Häme,2022,por,Portuguese,24
Kanta-Häme,2022,ron,Romanian,62
Kanta-Häme,2022,rus,Russian,1045
Kanta-Häme,2022,sin,Sinhala,54
Kanta-Häme,2022,slk,Slovak,14
Kanta-Häme,2022,som,Somali,223
Kanta-Häme,2022,spa,Spanish,109
Kanta-Häme,2022,srp,Serbian,10
Kanta-Häme,2022,swe,Swedish,648
Kanta-Häme,2022,swh,Swahili,134
Kanta-Häme,2022,tgl,Tagalog,113
Kanta-Häme,2022,tha,Thai,325
Kanta-Häme,2022,tir,Tigrinya,53
Kanta-Häme,2022,tur,Turkish,334
Kanta-Häme,2022,ukr,Ukrainian,157
Kanta-Häme,2022,urd,Urdu,12
Kanta-Häme,2022,vie,Vietnamese,173
Kanta-Häme,2022,yor,Yoruba,39
Kanta-Häme,2023,als,Albanian,76
Kanta-Häme,2023,amh,Amharic,14
Kanta-Häme,2023,arb,Arabic,757
Kanta-Häme,2023,ben,"Bengali, (Bangla)",42
Kanta-Häme,2023,bos,Bosnian,16
Kanta-Häme,2023,bul,Bulgarian,42
Kanta-Häme,2023,che,Chechen,13
Kanta-Häme,2023,ckb,Kurdish,204
Kanta-Häme,2023,cmn,Chinese,218
Kanta-Häme,2023,deu,German,111
Kanta-Häme,2023,ekk,Estonian,1360
Kanta-Häme,2023,ell,Greek (modern),23
Kanta-Häme,2023,eng,English,446
Kanta-Häme,2023,fin,Finnish,159166
Kanta-Häme,2023,fra,French,55
Kanta-Häme,2023,hin,Hindi,28
Kanta-Häme,2023,hrv,Croatian,12
Kanta-Häme,2023,hun,Hungarian,79
Kanta-Häme,2023,ita,Italian,30
Kanta-Häme,2023,kin,Kinyarwanda,69
Kanta-Häme,2023,lin,Lingala,15
Kanta-Häme,2023,lit,Lithuanian,13
Kanta-Häme,2023,lvs,Latvian,77
Kanta-Häme,2023,nld,Dutch,16
Kanta-Häme,2023,npi,Nepali,86
Kanta-Häme,2023,pan,Panjabi,12
Kanta-Häme,2023,pes,"Persian, Farsi",452
Kanta-Häme,2023,pol,Polish,452
Kanta-Häme,2023,por,Portuguese,40
Kanta-Häme,2023,ron,Romanian,73
Kanta-Häme,2023,rus,Russian,1201
Kanta-Häme,2023,sin,Sinhala,216
Kanta-Häme,2023,slk,Slovak,20
Kanta-Häme,2023,som,Somali,205
Kanta-Häme,2023,spa,Spanish,95
Kanta-Häme,2023,srp,Serbian,11
Kanta-Häme,2023,swe,Swedish,645
Kanta-Häme,2023,swh,Swahili,134
Kanta-Häme,2023,tgl,Tagalog,160
Kanta-Häme,2023,tha,Thai,334
Kanta-Häme,2023,tir,Tigrinya,52
Kanta-Häme,2023,tur,Turkish,368
Kanta-Häme,2023,ukr,Ukrainian,749
Kanta-Häme,2023,urd,Urdu,14
Kanta-Häme,2023,vie,Vietnamese,250
Kanta-Häme,2023,yor,Yoruba,42
Kanta-Häme,2024,als,Albanian,74
Kanta-Häme,2024,amh,Amharic,20
Kanta-Häme,2024,arb,Arabic,760
Kanta-Häme,2024,ben,"Bengali, (Bangla)",71
Kanta-Häme,2024,bos,Bosnian,16
Kanta-Häme,2024,bul,Bulgarian,35
Kanta-Häme,2024,che,Chechen,13
Kanta-Häme,2024,ckb,Kurdish,199
Kanta-Häme,2024,cmn,Chinese,230
Kanta-Häme,2024,deu,German,110
Kanta-Häme,2024,ekk,Estonian,1353
Kanta-Häme,2024,ell,Greek (modern),28
Kanta-Häme,2024,eng,English,495
Kanta-Häme,2024,fin,Finnish,157673
Kanta-Häme,2024,fra,French,54
Kanta-Häme,2024,hin,Hindi,37
Kanta-Häme,2024,hrv,Croatian,13
Kanta-Häme,2024,hun,Hungarian,96
Kanta-Häme,2024,ita,Italian,45
Kanta-Häme,2024,kin,Kinyarwanda,89
Kanta-Häme,2024,lin,Lingala,14
Kanta-Häme,2024,lit,Lithuanian,13
Kanta-Häme,2024,lvs,Latvian,85
Kanta-Häme,2024,mya,Burmese,11
Kanta-Häme,2024,nld,Dutch,16
Kanta-Häme,2024,npi,Nepali,270
Kanta-Häme,2024,pan,Panjabi,12
Kanta-Häme,2024,pes,"Persian, Farsi",466
Kanta-Häme,2024,pol,Polish,417
Kanta-Häme,2024,por,Portuguese,44
Kanta-Häme,2024,ron,Romanian,72
Kanta-Häme,2024,rus,Russian,1317
Kanta-Häme,2024,sin,Sinhala,396
Kanta-Häme,2024,slk,Slovak,23
Kanta-Häme,2024,som,Somali,209
Kanta-Häme,2024,spa,Spanish,108
Kanta-Häme,2024,srp,Serbian,11
Kanta-Häme,2024,swe,Swedish,650
Kanta-Häme,2024,swh,Swahili,136
Kanta-Häme,2024,tam,Tamil,21
Kanta-Häme,2024,tgl,Tagalog,171
Kanta-Häme,2024,tha,Thai,348
Kanta-Häme,2024,tir,Tigrinya,54
Kanta-Häme,2024,tuk,Turkmen,13
Kanta-Häme,2024,tur,Turkish,408
Kanta-Häme,2024,ukr,Ukrainian,1302
Kanta-Häme,2024,urd,Urdu,18
Kanta-Häme,2024,vie,Vietnamese,280
Kanta-Häme,2024,yor,Yoruba,48
Kanta-Häme,2025,als,Albanian,65
Kanta-Häme,2025,amh,Amharic,47
Kanta-Häme,2025,arb,Arabic,782
Kanta-Häme,2025,ben,"Bengali, (Bangla)",83
Kanta-Häme,2025,bos,Bosnian,16
Kanta-Häme,2025,bul,Bulgarian,36
Kanta-Häme,2025,che,Chechen,16
Kanta-Häme,2025,ckb,Kurdish,186
Kanta-Häme,2025,cmn,Chinese,202
Kanta-Häme,2025,deu,German,106
Kanta-Häme,2025,ekk,Estonian,1322
Kanta-Häme,2025,ell,Greek (modern),29
Kanta-Häme,2025,eng,English,512
Kanta-Häme,2025,fin,Finnish,156608
Kanta-Häme,2025,fra,French,54
Kanta-Häme,2025,hin,Hindi,37
Kanta-Häme,2025,hrv,Croatian,12
Kanta-Häme,2025,hun,Hungarian,96
Kanta-Häme,2025,ibo,Igbo,16
Kanta-Häme,2025,ita,Italian,41
Kanta-Häme,2025,jpn,Japanese,10
Kanta-Häme,2025,kin,Kinyarwanda,117
Kanta-Häme,2025,lin,Lingala,16
Kanta-Häme,2025,lit,Lithuanian,13
Kanta-Häme,2025,lvs,Latvian,85
Kanta-Häme,2025,mya,Burmese,11
Kanta-Häme,2025,nld,Dutch,14
Kanta-Häme,2025,npi,Nepali,244
Kanta-Häme,2025,nya,"Chichewa, Chewa, Nyanja",10
Kanta-Häme,2025,pan,Panjabi,15
Kanta-Häme,2025,pes,"Persian, Farsi",511
Kanta-Häme,2025,pol,Polish,404
Kanta-Häme,2025,por,Portuguese,34
Kanta-Häme,2025,ron,Romanian,66
Kanta-Häme,2025,rus,Russian,1308
Kanta-Häme,2025,sin,Sinhala,517
Kanta-Häme,2025,slk,Slovak,32
Kanta-Häme,2025,som,Somali,194
Kanta-Häme,2025,spa,Spanish,118
Kanta-Häme,2025,srp,Serbian,13
Kanta-Häme,2025,swe,Swedish,632
Kanta-Häme,2025,swh,Swahili,161
Kanta-Häme,2025,tam,Tamil,22
Kanta-Häme,2025,tgl,Tagalog,174
Kanta-Häme,2025,tha,Thai,357
Kanta-Häme,2025,tir,Tigrinya,52
Kanta-Häme,2025,tuk,Turkmen,11
Kanta-Häme,2025,tur,Turkish,430
Kanta-Häme,2025,ukr,Ukrainian,1543
Kanta-Häme,2025,urd,Urdu,21
Kanta-Häme,2025,vie,Vietnamese,271
Kanta-Häme,2025,yor,Yoruba,49
Kymenlaakso,1990,arb,Arabic,15
Kymenlaakso,1990,deu,German,69
Kymenlaakso,1990,ekk,Estonian,71
Kymenlaakso,1990,eng,English,68
Kymenlaakso,1990,fin,Finnish,183568
Kymenlaakso,1990,pol,Polish,13
Kymenlaakso,1990,rus,Russian,176
Kymenlaakso,1990,swe,Swedish,1832
Kymenlaakso,1991,arb,Arabic,15
Kymenlaakso,1991,cmn,Chinese,11
Kymenlaakso,1991,deu,German,67
Kymenlaakso,1991,ekk,Estonian,147
Kymenlaakso,1991,eng,English,68
Kymenlaakso,1991,fin,Finnish,183531
Kymenlaakso,1991,pol,Polish,14
Kymenlaakso,1991,ron,Romanian,41
Kymenlaakso,1991,rus,Russian,268
Kymenlaakso,1991,som,Somali,96
Kymenlaakso,1991,swe,Swedish,1810
Kymenlaakso,1991,tha,Thai,10
Kymenlaakso,1991,tur,Turkish,11
Kymenlaakso,1992,arb,Arabic,22
Kymenlaakso,1992,ckb,Kurdish,17
Kymenlaakso,1992,cmn,Chinese,11
Kymenlaakso,1992,deu,German,75
Kymenlaakso,1992,ekk,Estonian,193
Kymenlaakso,1992,eng,English,80
Kymenlaakso,1992,fin,Finnish,183362
Kymenlaakso,1992,pol,Polish,12
Kymenlaakso,1992,ron,Romanian,41
Kymenlaakso,1992,rus,Russian,367
Kymenlaakso,1992,som,Somali,96
Kymenlaakso,1992,swe,Swedish,1806
Kymenlaakso,1992,tha,Thai,11
Kymenlaakso,1992,tur,Turkish,15
Kymenlaakso,1993,als,Albanian,51
Kymenlaakso,1993,arb,Arabic,22
Kymenlaakso,1993,ckb,Kurdish,20
Kymenlaakso,1993,cmn,Chinese,11
Kymenlaakso,1993,deu,German,75
Kymenlaakso,1993,ekk,Estonian,202
Kymenlaakso,1993,eng,English,85
Kymenlaakso,1993,fin,Finnish,182887
Kymenlaakso,1993,nld,Dutch,10
Kymenlaakso,1993,pol,Polish,11
Kymenlaakso,1993,ron,Romanian,47
Kymenlaakso,1993,rus,Russian,426
Kymenlaakso,1993,som,Somali,128
Kymenlaakso,1993,swe,Swedish,1757
Kymenlaakso,1993,tha,Thai,11
Kymenlaakso,1993,tur,Turkish,39
Kymenlaakso,1994,als,Albanian,52
Kymenlaakso,1994,arb,Arabic,22
Kymenlaakso,1994,cmn,Chinese,31
Kymenlaakso,1994,deu,German,73
Kymenlaakso,1994,ekk,Estonian,226
Kymenlaakso,1994,eng,English,87
Kymenlaakso,1994,fin,Finnish,182249
Kymenlaakso,1994,hye,Armenian,11
Kymenlaakso,1994,ita,Italian,11
Kymenlaakso,1994,pol,Polish,11
Kymenlaakso,1994,ron,Romanian,40
Kymenlaakso,1994,rus,Russian,485
Kymenlaakso,1994,som,Somali,77
Kymenlaakso,1994,spa,Spanish,10
Kymenlaakso,1994,swe,Swedish,1725
Kymenlaakso,1994,tha,Thai,14
Kymenlaakso,1994,tur,Turkish,37
Kymenlaakso,1995,als,Albanian,73
Kymenlaakso,1995,arb,Arabic,20
Kymenlaakso,1995,cmn,Chinese,32
Kymenlaakso,1995,deu,German,73
Kymenlaakso,1995,ekk,Estonian,219
Kymenlaakso,1995,ell,Greek (modern),10
Kymenlaakso,1995,eng,English,93
Kymenlaakso,1995,fin,Finnish,181273
Kymenlaakso,1995,fra,French,10
Kymenlaakso,1995,hye,Armenian,11
Kymenlaakso,1995,ita,Italian,13
Kymenlaakso,1995,pol,Polish,11
Kymenlaakso,1995,ron,Romanian,24
Kymenlaakso,1995,rus,Russian,597
Kymenlaakso,1995,som,Somali,73
Kymenlaakso,1995,spa,Spanish,12
Kymenlaakso,1995,swe,Swedish,1698
Kymenlaakso,1995,tha,Thai,17
Kymenlaakso,1995,tur,Turkish,61
Kymenlaakso,1996,als,Albanian,75
Kymenlaakso,1996,arb,Arabic,19
Kymenlaakso,1996,ckb,Kurdish,10
Kymenlaakso,1996,cmn,Chinese,22
Kymenlaakso,1996,deu,German,71
Kymenlaakso,1996,ekk,Estonian,221
Kymenlaakso,1996,eng,English,103
Kymenlaakso,1996,fin,Finnish,180438
Kymenlaakso,1996,hye,Armenian,11
Kymenlaakso,1996,ita,Italian,17
Kymenlaakso,1996,nld,Dutch,11
Kymenlaakso,1996,ron,Romanian,25
Kymenlaakso,1996,rus,Russian,668
Kymenlaakso,1996,som,Somali,82
Kymenlaakso,1996,spa,Spanish,11
Kymenlaakso,1996,swe,Swedish,1668
Kymenlaakso,1996,tha,Thai,18
Kymenlaakso,1996,tur,Turkish,48
Kymenlaakso,1997,als,Albanian,73
Kymenlaakso,1997,arb,Arabic,23
Kymenlaakso,1997,ckb,Kurdish,10
Kymenlaakso,1997,cmn,Chinese,19
Kymenlaakso,1997,deu,German,73
Kymenlaakso,1997,ekk,Estonian,240
Kymenlaakso,1997,eng,English,105
Kymenlaakso,1997,fin,Finnish,179392
Kymenlaakso,1997,ita,Italian,11
Kymenlaakso,1997,nld,Dutch,10
Kymenlaakso,1997,ron,Romanian,25
Kymenlaakso,1997,rus,Russian,848
Kymenlaakso,1997,som,Somali,58
Kymenlaakso,1997,spa,Spanish,10
Kymenlaakso,1997,swe,Swedish,1659
Kymenlaakso,1997,tha,Thai,18
Kymenlaakso,1997,tur,Turkish,60
Kymenlaakso,1998,als,Albanian,59
Kymenlaakso,1998,arb,Arabic,37
Kymenlaakso,1998,ckb,Kurdish,10
Kymenlaakso,1998,cmn,Chinese,19
Kymenlaakso,1998,deu,German,74
Kymenlaakso,1998,ekk,Estonian,245
Kymenlaakso,1998,eng,English,107
Kymenlaakso,1998,fin,Finnish,178450
Kymenlaakso,1998,fra,French,11
Kymenlaakso,1998,ita,Italian,11
Kymenlaakso,1998,nld,Dutch,11
Kymenlaakso,1998,ron,Romanian,25
Kymenlaakso,1998,rus,Russian,1043
Kymenlaakso,1998,som,Somali,63
Kymenlaakso,1998,spa,Spanish,23
Kymenlaakso,1998,swe,Swedish,1647
Kymenlaakso,1998,tha,Thai,19
Kymenlaakso,1998,tur,Turkish,68
Kymenlaakso,1999,als,Albanian,48
Kymenlaakso,1999,arb,Arabic,41
Kymenlaakso,1999,ckb,Kurdish,10
Kymenlaakso,1999,cmn,Chinese,24
Kymenlaakso,1999,deu,German,74
Kymenlaakso,1999,ekk,Estonian,249
Kymenlaakso,1999,eng,English,98
Kymenlaakso,1999,fin,Finnish,177161
Kymenlaakso,1999,ita,Italian,11
Kymenlaakso,1999,ron,Romanian,25
Kymenlaakso,1999,rus,Russian,1208
Kymenlaakso,1999,som,Somali,37
Kymenlaakso,1999,spa,Spanish,29
Kymenlaakso,1999,srp,Serbian,34
Kymenlaakso,1999,swe,Swedish,1629
Kymenlaakso,1999,tha,Thai,21
Kymenlaakso,1999,tur,Turkish,67
Kymenlaakso,2000,als,Albanian,44
Kymenlaakso,2000,arb,Arabic,40
Kymenlaakso,2000,ckb,Kurdish,10
Kymenlaakso,2000,cmn,Chinese,24
Kymenlaakso,2000,deu,German,65
Kymenlaakso,2000,ekk,Estonian,246
Kymenlaakso,2000,eng,English,99
Kymenlaakso,2000,fin,Finnish,175809
Kymenlaakso,2000,pol,Polish,11
Kymenlaakso,2000,ron,Romanian,23
Kymenlaakso,2000,rus,Russian,1400
Kymenlaakso,2000,som,Somali,28
Kymenlaakso,2000,spa,Spanish,28
Kymenlaakso,2000,srp,Serbian,83
Kymenlaakso,2000,swe,Swedish,1606
Kymenlaakso,2000,tha,Thai,27
Kymenlaakso,2000,tur,Turkish,62
Kymenlaakso,2001,als,Albanian,115
Kymenlaakso,2001,arb,Arabic,44
Kymenlaakso,2001,ckb,Kurdish,19
Kymenlaakso,2001,cmn,Chinese,38
Kymenlaakso,2001,deu,German,77
Kymenlaakso,2001,ekk,Estonian,273
Kymenlaakso,2001,eng,English,105
Kymenlaakso,2001,fin,Finnish,174810
Kymenlaakso,2001,hun,Hungarian,10
Kymenlaakso,2001,pol,Polish,13
Kymenlaakso,2001,ron,Romanian,23
Kymenlaakso,2001,rus,Russian,1596
Kymenlaakso,2001,som,Somali,25
Kymenlaakso,2001,spa,Spanish,28
Kymenlaakso,2001,srp,Serbian,78
Kymenlaakso,2001,swe,Swedish,1602
Kymenlaakso,2001,tgl,Tagalog,11
Kymenlaakso,2001,tha,Thai,34
Kymenlaakso,2001,tur,Turkish,75
Kymenlaakso,2002,als,Albanian,124
Kymenlaakso,2002,arb,Arabic,32
Kymenlaakso,2002,ckb,Kurdish,12
Kymenlaakso,2002,cmn,Chinese,54
Kymenlaakso,2002,deu,German,83
Kymenlaakso,2002,ekk,Estonian,258
Kymenlaakso,2002,eng,English,108
Kymenlaakso,2002,fin,Finnish,173996
Kymenlaakso,2002,hun,Hungarian,12
Kymenlaakso,2002,ita,Italian,11
Kymenlaakso,2002,nld,Dutch,10
Kymenlaakso,2002,pol,Polish,24
Kymenlaakso,2002,ron,Romanian,21
Kymenlaakso,2002,rus,Russian,1750
Kymenlaakso,2002,som,Somali,24
Kymenlaakso,2002,spa,Spanish,31
Kymenlaakso,2002,srp,Serbian,81
Kymenlaakso,2002,swe,Swedish,1607
Kymenlaakso,2002,tha,Thai,54
Kymenlaakso,2002,tur,Turkish,86
Kymenlaakso,2003,als,Albanian,127
Kymenlaakso,2003,arb,Arabic,59
Kymenlaakso,2003,ckb,Kurdish,34
Kymenlaakso,2003,cmn,Chinese,49
Kymenlaakso,2003,deu,German,76
Kymenlaakso,2003,ekk,Estonian,278
Kymenlaakso,2003,eng,English,103
Kymenlaakso,2003,fin,Finnish,173296
Kymenlaakso,2003,fra,French,12
Kymenlaakso,2003,hun,Hungarian,13
Kymenlaakso,2003,ita,Italian,11
Kymenlaakso,2003,nld,Dutch,11
Kymenlaakso,2003,pol,Polish,26
Kymenlaakso,2003,ron,Romanian,17
Kymenlaakso,2003,rus,Russian,1926
Kymenlaakso,2003,som,Somali,25
Kymenlaakso,2003,spa,Spanish,33
Kymenlaakso,2003,srp,Serbian,80
Kymenlaakso,2003,swe,Swedish,1586
Kymenlaakso,2003,swh,Swahili,11
Kymenlaakso,2003,tgl,Tagalog,11
Kymenlaakso,2003,tha,Thai,55
Kymenlaakso,2003,tur,Turkish,88
Kymenlaakso,2004,als,Albanian,159
Kymenlaakso,2004,arb,Arabic,88
Kymenlaakso,2004,ckb,Kurdish,41
Kymenlaakso,2004,cmn,Chinese,51
Kymenlaakso,2004,deu,German,77
Kymenlaakso,2004,ekk,Estonian,327
Kymenlaakso,2004,eng,English,106
Kymenlaakso,2004,fin,Finnish,172780
Kymenlaakso,2004,fra,French,23
Kymenlaakso,2004,ita,Italian,10
Kymenlaakso,2004,nld,Dutch,11
Kymenlaakso,2004,pan,Panjabi,11
Kymenlaakso,2004,pes,"Persian, Farsi",91
Kymenlaakso,2004,pol,Polish,12
Kymenlaakso,2004,ron,Romanian,18
Kymenlaakso,2004,rus,Russian,2116
Kymenlaakso,2004,som,Somali,31
Kymenlaakso,2004,spa,Spanish,41
Kymenlaakso,2004,srp,Serbian,83
Kymenlaakso,2004,swe,Swedish,1566
Kymenlaakso,2004,swh,Swahili,14
Kymenlaakso,2004,tgl,Tagalog,10
Kymenlaakso,2004,tha,Thai,73
Kymenlaakso,2004,tur,Turkish,96
Kymenlaakso,2005,als,Albanian,118
Kymenlaakso,2005,arb,Arabic,81
Kymenlaakso,2005,che,Chechen,14
Kymenlaakso,2005,ckb,Kurdish,59
Kymenlaakso,2005,cmn,Chinese,58
Kymenlaakso,2005,deu,German,81
Kymenlaakso,2005,ekk,Estonian,363
Kymenlaakso,2005,eng,English,113
Kymenlaakso,2005,fin,Finnish,172231
Kymenlaakso,2005,fra,French,25
Kymenlaakso,2005,ita,Italian,10
Kymenlaakso,2005,mya,Burmese,18
Kymenlaakso,2005,nld,Dutch,11
Kymenlaakso,2005,pan,Panjabi,11
Kymenlaakso,2005,pes,"Persian, Farsi",61
Kymenlaakso,2005,pol,Polish,14
Kymenlaakso,2005,por,Portuguese,10
Kymenlaakso,2005,ron,Romanian,13
Kymenlaakso,2005,rus,Russian,2312
Kymenlaakso,2005,som,Somali,24
Kymenlaakso,2005,spa,Spanish,41
Kymenlaakso,2005,srp,Serbian,80
Kymenlaakso,2005,swe,Swedish,1560
Kymenlaakso,2005,swh,Swahili,14
Kymenlaakso,2005,tha,Thai,77
Kymenlaakso,2005,tur,Turkish,99
Kymenlaakso,2006,als,Albanian,108
Kymenlaakso,2006,arb,Arabic,86
Kymenlaakso,2006,che,Chechen,15
Kymenlaakso,2006,ckb,Kurdish,69
Kymenlaakso,2006,cmn,Chinese,69
Kymenlaakso,2006,deu,German,82
Kymenlaakso,2006,ekk,Estonian,404
Kymenlaakso,2006,eng,English,119
Kymenlaakso,2006,fin,Finnish,170995
Kymenlaakso,2006,fra,French,27
Kymenlaakso,2006,lin,Lingala,11
Kymenlaakso,2006,mya,Burmese,56
Kymenlaakso,2006,nld,Dutch,11
Kymenlaakso,2006,pan,Panjabi,16
Kymenlaakso,2006,pes,"Persian, Farsi",33
Kymenlaakso,2006,pol,Polish,13
Kymenlaakso,2006,por,Portuguese,13
Kymenlaakso,2006,ron,Romanian,11
Kymenlaakso,2006,rus,Russian,2545
Kymenlaakso,2006,som,Somali,16
Kymenlaakso,2006,spa,Spanish,42
Kymenlaakso,2006,srp,Serbian,73
Kymenlaakso,2006,swe,Swedish,1532
Kymenlaakso,2006,tgl,Tagalog,10
Kymenlaakso,2006,tha,Thai,96
Kymenlaakso,2006,tur,Turkish,112
Kymenlaakso,2007,als,Albanian,124
Kymenlaakso,2007,arb,Arabic,92
Kymenlaakso,2007,ckb,Kurdish,76
Kymenlaakso,2007,cmn,Chinese,106
Kymenlaakso,2007,deu,German,83
Kymenlaakso,2007,ekk,Estonian,480
Kymenlaakso,2007,eng,English,129
Kymenlaakso,2007,fin,Finnish,169832
Kymenlaakso,2007,fra,French,31
Kymenlaakso,2007,ita,Italian,11
Kymenlaakso,2007,lin,Lingala,13
Kymenlaakso,2007,mya,Burmese,56
Kymenlaakso,2007,nld,Dutch,12
Kymenlaakso,2007,pan,Panjabi,15
Kymenlaakso,2007,pes,"Persian, Farsi",37
Kymenlaakso,2007,pol,Polish,30
Kymenlaakso,2007,por,Portuguese,19
Kymenlaakso,2007,ron,Romanian,14
Kymenlaakso,2007,rus,Russian,2810
Kymenlaakso,2007,som,Somali,22
Kymenlaakso,2007,spa,Spanish,50
Kymenlaakso,2007,srp,Serbian,65
Kymenlaakso,2007,swe,Swedish,1502
Kymenlaakso,2007,tgl,Tagalog,11
Kymenlaakso,2007,tha,Thai,112
Kymenlaakso,2007,tur,Turkish,138
Kymenlaakso,2008,als,Albanian,133
Kymenlaakso,2008,arb,Arabic,103
Kymenlaakso,2008,che,Chechen,10
Kymenlaakso,2008,ckb,Kurdish,114
Kymenlaakso,2008,cmn,Chinese,231
Kymenlaakso,2008,deu,German,88
Kymenlaakso,2008,ekk,Estonian,527
Kymenlaakso,2008,eng,English,134
Kymenlaakso,2008,fin,Finnish,168454
Kymenlaakso,2008,fra,French,43
Kymenlaakso,2008,ita,Italian,13
Kymenlaakso,2008,kin,Kinyarwanda,13
Kymenlaakso,2008,lin,Lingala,17
Kymenlaakso,2008,lvs,Latvian,12
Kymenlaakso,2008,mya,Burmese,48
Kymenlaakso,2008,nld,Dutch,13
Kymenlaakso,2008,pan,Panjabi,14
Kymenlaakso,2008,pes,"Persian, Farsi",34
Kymenlaakso,2008,pol,Polish,34
Kymenlaakso,2008,por,Portuguese,15
Kymenlaakso,2008,ron,Romanian,14
Kymenlaakso,2008,rus,Russian,3154
Kymenlaakso,2008,som,Somali,56
Kymenlaakso,2008,spa,Spanish,55
Kymenlaakso,2008,srp,Serbian,63
Kymenlaakso,2008,swe,Swedish,1478
Kymenlaakso,2008,tgl,Tagalog,21
Kymenlaakso,2008,tha,Thai,140
Kymenlaakso,2008,tur,Turkish,159
Kymenlaakso,2008,ukr,Ukrainian,21
Kymenlaakso,2009,als,Albanian,124
Kymenlaakso,2009,arb,Arabic,123
Kymenlaakso,2009,bul,Bulgarian,13
Kymenlaakso,2009,ckb,Kurdish,136
Kymenlaakso,2009,cmn,Chinese,220
Kymenlaakso,2009,deu,German,93
Kymenlaakso,2009,ekk,Estonian,594
Kymenlaakso,2009,eng,English,157
Kymenlaakso,2009,fin,Finnish,167707
Kymenlaakso,2009,fra,French,40
Kymenlaakso,2009,ita,Italian,15
Kymenlaakso,2009,kin,Kinyarwanda,19
Kymenlaakso,2009,lin,Lingala,21
Kymenlaakso,2009,lvs,Latvian,14
Kymenlaakso,2009,mya,Burmese,56
Kymenlaakso,2009,nld,Dutch,14
Kymenlaakso,2009,pan,Panjabi,15
Kymenlaakso,2009,pes,"Persian, Farsi",26
Kymenlaakso,2009,pol,Polish,32
Kymenlaakso,2009,por,Portuguese,29
Kymenlaakso,2009,ron,Romanian,16
Kymenlaakso,2009,rus,Russian,3498
Kymenlaakso,2009,som,Somali,96
Kymenlaakso,2009,spa,Spanish,67
Kymenlaakso,2009,srp,Serbian,68
Kymenlaakso,2009,swe,Swedish,1455
Kymenlaakso,2009,tgl,Tagalog,21
Kymenlaakso,2009,tha,Thai,154
Kymenlaakso,2009,tir,Tigrinya,11
Kymenlaakso,2009,tur,Turkish,170
Kymenlaakso,2009,ukr,Ukrainian,20
Kymenlaakso,2010,als,Albanian,118
Kymenlaakso,2010,arb,Arabic,139
Kymenlaakso,2010,bul,Bulgarian,12
Kymenlaakso,2010,ckb,Kurdish,168
Kymenlaakso,2010,cmn,Chinese,186
Kymenlaakso,2010,deu,German,95
Kymenlaakso,2010,ekk,Estonian,680
Kymenlaakso,2010,ell,Greek (modern),10
Kymenlaakso,2010,eng,English,171
Kymenlaakso,2010,fin,Finnish,166934
Kymenlaakso,2010,fra,French,53
Kymenlaakso,2010,ita,Italian,13
Kymenlaakso,2010,kin,Kinyarwanda,58
Kymenlaakso,2010,lin,Lingala,24
Kymenlaakso,2010,lvs,Latvian,14
Kymenlaakso,2010,mya,Burmese,57
Kymenlaakso,2010,nld,Dutch,14
Kymenlaakso,2010,pan,Panjabi,17
Kymenlaakso,2010,pes,"Persian, Farsi",57
Kymenlaakso,2010,pol,Polish,27
Kymenlaakso,2010,por,Portuguese,30
Kymenlaakso,2010,pst,Pushto,15
Kymenlaakso,2010,ron,Romanian,16
Kymenlaakso,2010,rus,Russian,3785
Kymenlaakso,2010,som,Somali,198
Kymenlaakso,2010,spa,Spanish,74
Kymenlaakso,2010,srp,Serbian,68
Kymenlaakso,2010,swe,Swedish,1422
Kymenlaakso,2010,swh,Swahili,11
Kymenlaakso,2010,tgl,Tagalog,22
Kymenlaakso,2010,tha,Thai,177
Kymenlaakso,2010,tir,Tigrinya,10
Kymenlaakso,2010,tur,Turkish,166
Kymenlaakso,2010,ukr,Ukrainian,24
Kymenlaakso,2011,als,Albanian,115
Kymenlaakso,2011,arb,Arabic,154
Kymenlaakso,2011,bul,Bulgarian,32
Kymenlaakso,2011,ckb,Kurdish,196
Kymenlaakso,2011,cmn,Chinese,184
Kymenlaakso,2011,deu,German,95
Kymenlaakso,2011,ekk,Estonian,749
Kymenlaakso,2011,ell,Greek (modern),10
Kymenlaakso,2011,eng,English,182
Kymenlaakso,2011,fin,Finnish,165793
Kymenlaakso,2011,fra,French,52
Kymenlaakso,2011,hun,Hungarian,24
Kymenlaakso,2011,ita,Italian,14
Kymenlaakso,2011,kin,Kinyarwanda,62
Kymenlaakso,2011,lin,Lingala,25
Kymenlaakso,2011,lvs,Latvian,23
Kymenlaakso,2011,mya,Burmese,57
Kymenlaakso,2011,nld,Dutch,16
Kymenlaakso,2011,pan,Panjabi,16
Kymenlaakso,2011,pes,"Persian, Farsi",76
Kymenlaakso,2011,pol,Polish,32
Kymenlaakso,2011,por,Portuguese,35
Kymenlaakso,2011,ron,Romanian,17
Kymenlaakso,2011,rus,Russian,4073
Kymenlaakso,2011,som,Somali,275
Kymenlaakso,2011,spa,Spanish,83
Kymenlaakso,2011,srp,Serbian,61
Kymenlaakso,2011,swe,Swedish,1397
Kymenlaakso,2011,swh,Swahili,23
Kymenlaakso,2011,tam,Tamil,11
Kymenlaakso,2011,tgl,Tagalog,21
Kymenlaakso,2011,tha,Thai,186
Kymenlaakso,2011,tur,Turkish,177
Kymenlaakso,2011,ukr,Ukrainian,29
Kymenlaakso,2012,als,Albanian,121
Kymenlaakso,2012,arb,Arabic,155
Kymenlaakso,2012,bul,Bulgarian,22
Kymenlaakso,2012,che,Chechen,11
Kymenlaakso,2012,ckb,Kurdish,197
Kymenlaakso,2012,cmn,Chinese,172
Kymenlaakso,2012,deu,German,94
Kymenlaakso,2012,ekk,Estonian,875
Kymenlaakso,2012,ell,Greek (modern),13
Kymenlaakso,2012,eng,English,197
Kymenlaakso,2012,fin,Finnish,164713
Kymenlaakso,2012,fra,French,61
Kymenlaakso,2012,hae,Oromo,11
Kymenlaakso,2012,hun,Hungarian,25
Kymenlaakso,2012,hye,Armenian,11
Kymenlaakso,2012,ita,Italian,26
Kymenlaakso,2012,kin,Kinyarwanda,74
Kymenlaakso,2012,lin,Lingala,31
Kymenlaakso,2012,lvs,Latvian,25
Kymenlaakso,2012,mya,Burmese,57
Kymenlaakso,2012,nld,Dutch,16
Kymenlaakso,2012,pan,Panjabi,13
Kymenlaakso,2012,pes,"Persian, Farsi",108
Kymenlaakso,2012,pol,Polish,32
Kymenlaakso,2012,por,Portuguese,34
Kymenlaakso,2012,pst,Pushto,18
Kymenlaakso,2012,ron,Romanian,20
Kymenlaakso,2012,rus,Russian,4412
Kymenlaakso,2012,som,Somali,353
Kymenlaakso,2012,spa,Spanish,101
Kymenlaakso,2012,srp,Serbian,62
Kymenlaakso,2012,swe,Swedish,1388
Kymenlaakso,2012,swh,Swahili,24
Kymenlaakso,2012,tam,Tamil,14
Kymenlaakso,2012,tgl,Tagalog,22
Kymenlaakso,2012,tha,Thai,204
Kymenlaakso,2012,tur,Turkish,192
Kymenlaakso,2012,ukr,Ukrainian,40
Kymenlaakso,2013,als,Albanian,121
Kymenlaakso,2013,amh,Amharic,10
Kymenlaakso,2013,arb,Arabic,190
Kymenlaakso,2013,bul,Bulgarian,22
Kymenlaakso,2013,ckb,Kurdish,222
Kymenlaakso,2013,cmn,Chinese,172
Kymenlaakso,2013,deu,German,99
Kymenlaakso,2013,ekk,Estonian,961
Kymenlaakso,2013,ell,Greek (modern),18
Kymenlaakso,2013,eng,English,211
Kymenlaakso,2013,fin,Finnish,163520
Kymenlaakso,2013,fra,French,69
Kymenlaakso,2013,hae,Oromo,13
Kymenlaakso,2013,hun,Hungarian,15
Kymenlaakso,2013,ita,Italian,31
Kymenlaakso,2013,kin,Kinyarwanda,86
Kymenlaakso,2013,lin,Lingala,39
Kymenlaakso,2013,lit,Lithuanian,22
Kymenlaakso,2013,lvs,Latvian,31
Kymenlaakso,2013,mya,Burmese,58
Kymenlaakso,2013,nld,Dutch,17
Kymenlaakso,2013,pan,Panjabi,16
Kymenlaakso,2013,pes,"Persian, Farsi",105
Kymenlaakso,2013,pol,Polish,34
Kymenlaakso,2013,por,Portuguese,40
Kymenlaakso,2013,ron,Romanian,21
Kymenlaakso,2013,run,Rundi,11
Kymenlaakso,2013,rus,Russian,4653
Kymenlaakso,2013,som,Somali,371
Kymenlaakso,2013,spa,Spanish,121
Kymenlaakso,2013,srp,Serbian,60
Kymenlaakso,2013,swe,Swedish,1362
Kymenlaakso,2013,swh,Swahili,24
Kymenlaakso,2013,tam,Tamil,17
Kymenlaakso,2013,tgl,Tagalog,27
Kymenlaakso,2013,tha,Thai,228
Kymenlaakso,2013,tur,Turkish,211
Kymenlaakso,2013,ukr,Ukrainian,45
Kymenlaakso,2014,als,Albanian,129
Kymenlaakso,2014,amh,Amharic,14
Kymenlaakso,2014,arb,Arabic,218
Kymenlaakso,2014,bul,Bulgarian,15
Kymenlaakso,2014,che,Chechen,14
Kymenlaakso,2014,ckb,Kurdish,226
Kymenlaakso,2014,cmn,Chinese,183
Kymenlaakso,2014,deu,German,97
Kymenlaakso,2014,ekk,Estonian,1021
Kymenlaakso,2014,ell,Greek (modern),30
Kymenlaakso,2014,eng,English,244
Kymenlaakso,2014,fin,Finnish,162095
Kymenlaakso,2014,fra,French,72
Kymenlaakso,2014,hae,Oromo,14
Kymenlaakso,2014,hun,Hungarian,17
Kymenlaakso,2014,ita,Italian,39
Kymenlaakso,2014,kin,Kinyarwanda,87
Kymenlaakso,2014,lin,Lingala,36
Kymenlaakso,2014,lit,Lithuanian,37
Kymenlaakso,2014,lvs,Latvian,31
Kymenlaakso,2014,mya,Burmese,58
Kymenlaakso,2014,nld,Dutch,19
Kymenlaakso,2014,pan,Panjabi,17
Kymenlaakso,2014,pes,"Persian, Farsi",101
Kymenlaakso,2014,pol,Polish,49
Kymenlaakso,2014,por,Portuguese,50
Kymenlaakso,2014,pst,Pushto,12
Kymenlaakso,2014,ron,Romanian,32
Kymenlaakso,2014,run,Rundi,12
Kymenlaakso,2014,rus,Russian,4858
Kymenlaakso,2014,som,Somali,369
Kymenlaakso,2014,spa,Spanish,122
Kymenlaakso,2014,srp,Serbian,57
Kymenlaakso,2014,swe,Swedish,1350
Kymenlaakso,2014,swh,Swahili,36
Kymenlaakso,2014,tam,Tamil,17
Kymenlaakso,2014,tgl,Tagalog,33
Kymenlaakso,2014,tha,Thai,243
Kymenlaakso,2014,tur,Turkish,210
Kymenlaakso,2014,ukr,Ukrainian,56
Kymenlaakso,2014,vie,Vietnamese,11
Kymenlaakso,2015,als,Albanian,134
Kymenlaakso,2015,arb,Arabic,222
Kymenlaakso,2015,bul,Bulgarian,18
Kymenlaakso,2015,che,Chechen,14
Kymenlaakso,2015,ckb,Kurdish,242
Kymenlaakso,2015,cmn,Chinese,149
Kymenlaakso,2015,deu,German,101
Kymenlaakso,2015,ekk,Estonian,1008
Kymenlaakso,2015,ell,Greek (modern),32
Kymenlaakso,2015,eng,English,254
Kymenlaakso,2015,fin,Finnish,160669
Kymenlaakso,2015,fra,French,77
Kymenlaakso,2015,hae,Oromo,17
Kymenlaakso,2015,hun,Hungarian,20
Kymenlaakso,2015,ita,Italian,42
Kymenlaakso,2015,kin,Kinyarwanda,90
Kymenlaakso,2015,lin,Lingala,31
Kymenlaakso,2015,lit,Lithuanian,47
Kymenlaakso,2015,lvs,Latvian,36
Kymenlaakso,2015,mya,Burmese,59
Kymenlaakso,2015,nld,Dutch,19
Kymenlaakso,2015,pan,Panjabi,16
Kymenlaakso,2015,pes,"Persian, Farsi",108
Kymenlaakso,2015,pol,Polish,51
Kymenlaakso,2015,por,Portuguese,52
Kymenlaakso,2015,ron,Romanian,32
Kymenlaakso,2015,run,Rundi,14
Kymenlaakso,2015,rus,Russian,4993
Kymenlaakso,2015,som,Somali,420
Kymenlaakso,2015,spa,Spanish,134
Kymenlaakso,2015,srp,Serbian,58
Kymenlaakso,2015,swe,Swedish,1332
Kymenlaakso,2015,swh,Swahili,55
Kymenlaakso,2015,tam,Tamil,18
Kymenlaakso,2015,tgl,Tagalog,44
Kymenlaakso,2015,tha,Thai,265
Kymenlaakso,2015,tur,Turkish,209
Kymenlaakso,2015,ukr,Ukrainian,64
Kymenlaakso,2015,vie,Vietnamese,19
Kymenlaakso,2016,als,Albanian,135
Kymenlaakso,2016,amh,Amharic,12
Kymenlaakso,2016,arb,Arabic,375
Kymenlaakso,2016,bul,Bulgarian,18
Kymenlaakso,2016,che,Chechen,13
Kymenlaakso,2016,ckb,Kurdish,244
Kymenlaakso,2016,cmn,Chinese,147
Kymenlaakso,2016,deu,German,97
Kymenlaakso,2016,ekk,Estonian,1004
Kymenlaakso,2016,ell,Greek (modern),30
Kymenlaakso,2016,eng,English,261
Kymenlaakso,2016,fin,Finnish,159075
Kymenlaakso,2016,fra,French,90
Kymenlaakso,2016,hae,Oromo,18
Kymenlaakso,2016,hun,Hungarian,32
Kymenlaakso,2016,ita,Italian,41
Kymenlaakso,2016,kin,Kinyarwanda,90
Kymenlaakso,2016,lin,Lingala,26
Kymenlaakso,2016,lit,Lithuanian,56
Kymenlaakso,2016,lvs,Latvian,42
Kymenlaakso,2016,mya,Burmese,54
Kymenlaakso,2016,nld,Dutch,20
Kymenlaakso,2016,npi,Nepali,11
Kymenlaakso,2016,pan,Panjabi,16
Kymenlaakso,2016,pes,"Persian, Farsi",170
Kymenlaakso,2016,pol,Polish,58
Kymenlaakso,2016,por,Portuguese,57
Kymenlaakso,2016,ron,Romanian,25
Kymenlaakso,2016,run,Rundi,14
Kymenlaakso,2016,rus,Russian,5205
Kymenlaakso,2016,som,Somali,451
Kymenlaakso,2016,spa,Spanish,126
Kymenlaakso,2016,srp,Serbian,58
Kymenlaakso,2016,swe,Swedish,1317
Kymenlaakso,2016,swh,Swahili,55
Kymenlaakso,2016,tam,Tamil,16
Kymenlaakso,2016,tgl,Tagalog,47
Kymenlaakso,2016,tha,Thai,281
Kymenlaakso,2016,tur,Turkish,204
Kymenlaakso,2016,ukr,Ukrainian,81
Kymenlaakso,2016,urd,Urdu,14
Kymenlaakso,2016,uzn,Uzbek,10
Kymenlaakso,2016,vie,Vietnamese,21
Kymenlaakso,2017,als,Albanian,124
Kymenlaakso,2017,amh,Amharic,14
Kymenlaakso,2017,arb,Arabic,409
Kymenlaakso,2017,bul,Bulgarian,17
Kymenlaakso,2017,che,Chechen,10
Kymenlaakso,2017,ckb,Kurdish,234
Kymenlaakso,2017,cmn,Chinese,140
Kymenlaakso,2017,deu,German,95
Kymenlaakso,2017,ekk,Estonian,977
Kymenlaakso,2017,ell,Greek (modern),17
Kymenlaakso,2017,eng,English,256
Kymenlaakso,2017,fin,Finnish,157204
Kymenlaakso,2017,fra,French,76
Kymenlaakso,2017,hae,Oromo,18
Kymenlaakso,2017,hun,Hungarian,21
Kymenlaakso,2017,ita,Italian,43
Kymenlaakso,2017,kin,Kinyarwanda,79
Kymenlaakso,2017,lin,Lingala,17
Kymenlaakso,2017,lit,Lithuanian,64
Kymenlaakso,2017,lvs,Latvian,37
Kymenlaakso,2017,mya,Burmese,53
Kymenlaakso,2017,nld,Dutch,30
Kymenlaakso,2017,npi,Nepali,15
Kymenlaakso,2017,pan,Panjabi,16
Kymenlaakso,2017,pes,"Persian, Farsi",161
Kymenlaakso,2017,pol,Polish,57
Kymenlaakso,2017,por,Portuguese,52
Kymenlaakso,2017,ron,Romanian,28
Kymenlaakso,2017,run,Rundi,14
Kymenlaakso,2017,rus,Russian,5075
Kymenlaakso,2017,som,Somali,426
Kymenlaakso,2017,spa,Spanish,111
Kymenlaakso,2017,srp,Serbian,58
Kymenlaakso,2017,swe,Swedish,1305
Kymenlaakso,2017,swh,Swahili,52
Kymenlaakso,2017,tam,Tamil,19
Kymenlaakso,2017,tgl,Tagalog,50
Kymenlaakso,2017,tha,Thai,291
Kymenlaakso,2017,tir,Tigrinya,45
Kymenlaakso,2017,tur,Turkish,218
Kymenlaakso,2017,ukr,Ukrainian,89
Kymenlaakso,2017,urd,Urdu,13
Kymenlaakso,2017,uzn,Uzbek,10
Kymenlaakso,2017,vie,Vietnamese,24
Kymenlaakso,2018,als,Albanian,128
Kymenlaakso,2018,amh,Amharic,16
Kymenlaakso,2018,arb,Arabic,413
Kymenlaakso,2018,bul,Bulgarian,20
Kymenlaakso,2018,ckb,Kurdish,245
Kymenlaakso,2018,cmn,Chinese,133
Kymenlaakso,2018,deu,German,95
Kymenlaakso,2018,ekk,Estonian,953
Kymenlaakso,2018,ell,Greek (modern),17
Kymenlaakso,2018,eng,English,257
Kymenlaakso,2018,fin,Finnish,155233
Kymenlaakso,2018,fra,French,63
Kymenlaakso,2018,hun,Hungarian,20
Kymenlaakso,2018,ita,Italian,43
Kymenlaakso,2018,kin,Kinyarwanda,69
Kymenlaakso,2018,lin,Lingala,14
Kymenlaakso,2018,lit,Lithuanian,79
Kymenlaakso,2018,lvs,Latvian,40
Kymenlaakso,2018,mya,Burmese,56
Kymenlaakso,2018,nld,Dutch,30
Kymenlaakso,2018,npi,Nepali,15
Kymenlaakso,2018,pan,Panjabi,18
Kymenlaakso,2018,pes,"Persian, Farsi",160
Kymenlaakso,2018,pol,Polish,62
Kymenlaakso,2018,por,Portuguese,47
Kymenlaakso,2018,ron,Romanian,31
Kymenlaakso,2018,rus,Russian,5078
Kymenlaakso,2018,som,Somali,327
Kymenlaakso,2018,spa,Spanish,117
Kymenlaakso,2018,srp,Serbian,55
Kymenlaakso,2018,swe,Swedish,1269
Kymenlaakso,2018,swh,Swahili,46
Kymenlaakso,2018,tam,Tamil,19
Kymenlaakso,2018,tgl,Tagalog,54
Kymenlaakso,2018,tha,Thai,292
Kymenlaakso,2018,tir,Tigrinya,120
Kymenlaakso,2018,tur,Turkish,216
Kymenlaakso,2018,ukr,Ukrainian,95
Kymenlaakso,2018,urd,Urdu,11
Kymenlaakso,2018,vie,Vietnamese,29
Kymenlaakso,2019,als,Albanian,131
Kymenlaakso,2019,amh,Amharic,13
Kymenlaakso,2019,arb,Arabic,423
Kymenlaakso,2019,bul,Bulgarian,24
Kymenlaakso,2019,ckb,Kurdish,228
Kymenlaakso,2019,cmn,Chinese,132
Kymenlaakso,2019,deu,German,94
Kymenlaakso,2019,ekk,Estonian,907
Kymenlaakso,2019,ell,Greek (modern),19
Kymenlaakso,2019,eng,English,295
Kymenlaakso,2019,fin,Finnish,153172
Kymenlaakso,2019,fra,French,70
Kymenlaakso,2019,hun,Hungarian,18
Kymenlaakso,2019,ita,Italian,36
Kymenlaakso,2019,kin,Kinyarwanda,59
Kymenlaakso,2019,lin,Lingala,14
Kymenlaakso,2019,lit,Lithuanian,85
Kymenlaakso,2019,lvs,Latvian,53
Kymenlaakso,2019,mya,Burmese,54
Kymenlaakso,2019,nld,Dutch,30
Kymenlaakso,2019,npi,Nepali,14
Kymenlaakso,2019,pan,Panjabi,19
Kymenlaakso,2019,pes,"Persian, Farsi",129
Kymenlaakso,2019,pol,Polish,63
Kymenlaakso,2019,por,Portuguese,57
Kymenlaakso,2019,ron,Romanian,49
Kymenlaakso,2019,rus,Russian,5052
Kymenlaakso,2019,som,Somali,285
Kymenlaakso,2019,spa,Spanish,121
Kymenlaakso,2019,srp,Serbian,56
Kymenlaakso,2019,swe,Swedish,1223
Kymenlaakso,2019,swh,Swahili,43
Kymenlaakso,2019,tam,Tamil,16
Kymenlaakso,2019,tgl,Tagalog,48
Kymenlaakso,2019,tha,Thai,303
Kymenlaakso,2019,tir,Tigrinya,123
Kymenlaakso,2019,tur,Turkish,218
Kymenlaakso,2019,ukr,Ukrainian,114
Kymenlaakso,2019,urd,Urdu,27
Kymenlaakso,2019,uzn,Uzbek,11
Kymenlaakso,2019,vie,Vietnamese,29
Kymenlaakso,2020,als,Albanian,126
Kymenlaakso,2020,amh,Amharic,10
Kymenlaakso,2020,arb,Arabic,430
Kymenlaakso,2020,bul,Bulgarian,23
Kymenlaakso,2020,ckb,Kurdish,221
Kymenlaakso,2020,cmn,Chinese,163
Kymenlaakso,2020,deu,German,90
Kymenlaakso,2020,ekk,Estonian,899
Kymenlaakso,2020,ell,Greek (modern),21
Kymenlaakso,2020,eng,English,352
Kymenlaakso,2020,fin,Finnish,151417
Kymenlaakso,2020,fra,French,70
Kymenlaakso,2020,hun,Hungarian,20
Kymenlaakso,2020,ita,Italian,34
Kymenlaakso,2020,kin,Kinyarwanda,54
Kymenlaakso,2020,lin,Lingala,16
Kymenlaakso,2020,lit,Lithuanian,98
Kymenlaakso,2020,lvs,Latvian,52
Kymenlaakso,2020,mya,Burmese,52
Kymenlaakso,2020,nld,Dutch,34
Kymenlaakso,2020,npi,Nepali,15
Kymenlaakso,2020,pan,Panjabi,16
Kymenlaakso,2020,pes,"Persian, Farsi",134
Kymenlaakso,2020,pol,Polish,59
Kymenlaakso,2020,por,Portuguese,59
Kymenlaakso,2020,ron,Romanian,55
Kymenlaakso,2020,run,Rundi,12
Kymenlaakso,2020,rus,Russian,5032
Kymenlaakso,2020,som,Somali,284
Kymenlaakso,2020,spa,Spanish,128
Kymenlaakso,2020,srp,Serbian,50
Kymenlaakso,2020,swe,Swedish,1231
Kymenlaakso,2020,swh,Swahili,29
Kymenlaakso,2020,tam,Tamil,17
Kymenlaakso,2020,tgl,Tagalog,51
Kymenlaakso,2020,tha,Thai,312
Kymenlaakso,2020,tir,Tigrinya,119
Kymenlaakso,2020,tur,Turkish,212
Kymenlaakso,2020,ukr,Ukrainian,128
Kymenlaakso,2020,urd,Urdu,39
Kymenlaakso,2020,vie,Vietnamese,31
Kymenlaakso,2021,als,Albanian,128
Kymenlaakso,2021,amh,Amharic,12
Kymenlaakso,2021,arb,Arabic,400
Kymenlaakso,2021,bul,Bulgarian,34
Kymenlaakso,2021,ckb,Kurdish,223
Kymenlaakso,2021,cmn,Chinese,153
Kymenlaakso,2021,deu,German,91
Kymenlaakso,2021,ekk,Estonian,882
Kymenlaakso,2021,ell,Greek (modern),18
Kymenlaakso,2021,eng,English,368
Kymenlaakso,2021,fin,Finnish,149966
Kymenlaakso,2021,fra,French,63
Kymenlaakso,2021,hun,Hungarian,31
Kymenlaakso,2021,ita,Italian,35
Kymenlaakso,2021,kin,Kinyarwanda,51
Kymenlaakso,2021,lin,Lingala,14
Kymenlaakso,2021,lit,Lithuanian,93
Kymenlaakso,2021,lvs,Latvian,50
Kymenlaakso,2021,mya,Burmese,55
Kymenlaakso,2021,nld,Dutch,35
Kymenlaakso,2021,npi,Nepali,20
Kymenlaakso,2021,pan,Panjabi,16
Kymenlaakso,2021,pes,"Persian, Farsi",143
Kymenlaakso,2021,pol,Polish,58
Kymenlaakso,2021,por,Portuguese,58
Kymenlaakso,2021,ron,Romanian,57
Kymenlaakso,2021,run,Rundi,12
Kymenlaakso,2021,rus,Russian,5080
Kymenlaakso,2021,som,Somali,245
Kymenlaakso,2021,spa,Spanish,138
Kymenlaakso,2021,srp,Serbian,52
Kymenlaakso,2021,swe,Swedish,1213
Kymenlaakso,2021,swh,Swahili,29
Kymenlaakso,2021,tam,Tamil,13
Kymenlaakso,2021,tgl,Tagalog,67
Kymenlaakso,2021,tha,Thai,314
Kymenlaakso,2021,tir,Tigrinya,116
Kymenlaakso,2021,tuk,Turkmen,14
Kymenlaakso,2021,tur,Turkish,217
Kymenlaakso,2021,ukr,Ukrainian,124
Kymenlaakso,2021,urd,Urdu,45
Kymenlaakso,2021,vie,Vietnamese,33
Kymenlaakso,2022,als,Albanian,131
Kymenlaakso,2022,amh,Amharic,11
Kymenlaakso,2022,arb,Arabic,402
Kymenlaakso,2022,bul,Bulgarian,35
Kymenlaakso,2022,ckb,Kurdish,233
Kymenlaakso,2022,cmn,Chinese,141
Kymenlaakso,2022,deu,German,99
Kymenlaakso,2022,ekk,Estonian,891
Kymenlaakso,2022,ell,Greek (modern),17
Kymenlaakso,2022,eng,English,415
Kymenlaakso,2022,fin,Finnish,147890
Kymenlaakso,2022,fra,French,60
Kymenlaakso,2022,hun,Hungarian,20
Kymenlaakso,2022,ind,Indonesian,10
Kymenlaakso,2022,ita,Italian,36
Kymenlaakso,2022,kin,Kinyarwanda,53
Kymenlaakso,2022,lin,Lingala,15
Kymenlaakso,2022,lit,Lithuanian,108
Kymenlaakso,2022,lvs,Latvian,59
Kymenlaakso,2022,mya,Burmese,55
Kymenlaakso,2022,nld,Dutch,35
Kymenlaakso,2022,npi,Nepali,29
Kymenlaakso,2022,pan,Panjabi,16
Kymenlaakso,2022,pes,"Persian, Farsi",140
Kymenlaakso,2022,pol,Polish,62
Kymenlaakso,2022,por,Portuguese,50
Kymenlaakso,2022,ron,Romanian,57
Kymenlaakso,2022,run,Rundi,12
Kymenlaakso,2022,rus,Russian,5152
Kymenlaakso,2022,sin,Sinhala,21
Kymenlaakso,2022,som,Somali,231
Kymenlaakso,2022,spa,Spanish,133
Kymenlaakso,2022,srp,Serbian,47
Kymenlaakso,2022,swe,Swedish,1193
Kymenlaakso,2022,swh,Swahili,31
Kymenlaakso,2022,tam,Tamil,10
Kymenlaakso,2022,tgl,Tagalog,72
Kymenlaakso,2022,tha,Thai,315
Kymenlaakso,2022,tir,Tigrinya,99
Kymenlaakso,2022,tuk,Turkmen,15
Kymenlaakso,2022,tur,Turkish,234
Kymenlaakso,2022,ukr,Ukrainian,144
Kymenlaakso,2022,urd,Urdu,55
Kymenlaakso,2022,vie,Vietnamese,38
Kymenlaakso,2023,als,Albanian,116
Kymenlaakso,2023,amh,Amharic,12
Kymenlaakso,2023,arb,Arabic,430
Kymenlaakso,2023,azj,Azerbaijani,10
Kymenlaakso,2023,ben,"Bengali, (Bangla)",37
Kymenlaakso,2023,bul,Bulgarian,35
Kymenlaakso,2023,ckb,Kurdish,220
Kymenlaakso,2023,cmn,Chinese,182
Kymenlaakso,2023,deu,German,106
Kymenlaakso,2023,ekk,Estonian,894
Kymenlaakso,2023,ell,Greek (modern),17
Kymenlaakso,2023,eng,English,461
Kymenlaakso,2023,fin,Finnish,145899
Kymenlaakso,2023,fra,French,58
Kymenlaakso,2023,hin,Hindi,25
Kymenlaakso,2023,hun,Hungarian,21
Kymenlaakso,2023,ind,Indonesian,11
Kymenlaakso,2023,ita,Italian,34
Kymenlaakso,2023,kin,Kinyarwanda,59
Kymenlaakso,2023,lin,Lingala,13
Kymenlaakso,2023,lit,Lithuanian,106
Kymenlaakso,2023,lvs,Latvian,72
Kymenlaakso,2023,mya,Burmese,47
Kymenlaakso,2023,nld,Dutch,37
Kymenlaakso,2023,npi,Nepali,51
Kymenlaakso,2023,pan,Panjabi,17
Kymenlaakso,2023,pes,"Persian, Farsi",166
Kymenlaakso,2023,pol,Polish,64
Kymenlaakso,2023,por,Portuguese,56
Kymenlaakso,2023,ron,Romanian,58
Kymenlaakso,2023,run,Rundi,12
Kymenlaakso,2023,rus,Russian,5368
Kymenlaakso,2023,sin,Sinhala,64
Kymenlaakso,2023,som,Somali,212
Kymenlaakso,2023,spa,Spanish,143
Kymenlaakso,2023,srp,Serbian,37
Kymenlaakso,2023,swe,Swedish,1173
Kymenlaakso,2023,swh,Swahili,36
Kymenlaakso,2023,tam,Tamil,11
Kymenlaakso,2023,tgl,Tagalog,130
Kymenlaakso,2023,tha,Thai,319
Kymenlaakso,2023,tir,Tigrinya,91
Kymenlaakso,2023,tuk,Turkmen,15
Kymenlaakso,2023,tur,Turkish,256
Kymenlaakso,2023,ukr,Ukrainian,723
Kymenlaakso,2023,urd,Urdu,62
Kymenlaakso,2023,uzn,Uzbek,10
Kymenlaakso,2023,vie,Vietnamese,48
Kymenlaakso,2024,als,Albanian,108
Kymenlaakso,2024,amh,Amharic,12
Kymenlaakso,2024,arb,Arabic,437
Kymenlaakso,2024,azj,Azerbaijani,10
Kymenlaakso,2024,ben,"Bengali, (Bangla)",53
Kymenlaakso,2024,bul,Bulgarian,19
Kymenlaakso,2024,ckb,Kurdish,232
Kymenlaakso,2024,cmn,Chinese,188
Kymenlaakso,2024,deu,German,106
Kymenlaakso,2024,ekk,Estonian,892
Kymenlaakso,2024,ell,Greek (modern),17
Kymenlaakso,2024,eng,English,471
Kymenlaakso,2024,fin,Finnish,143885
Kymenlaakso,2024,fra,French,59
Kymenlaakso,2024,hin,Hindi,28
Kymenlaakso,2024,hun,Hungarian,37
Kymenlaakso,2024,hye,Armenian,12
Kymenlaakso,2024,ita,Italian,42
Kymenlaakso,2024,kin,Kinyarwanda,66
Kymenlaakso,2024,lin,Lingala,14
Kymenlaakso,2024,lit,Lithuanian,117
Kymenlaakso,2024,lvs,Latvian,76
Kymenlaakso,2024,mal,Malayalam,10
Kymenlaakso,2024,mya,Burmese,64
Kymenlaakso,2024,nld,Dutch,40
Kymenlaakso,2024,npi,Nepali,136
Kymenlaakso,2024,pan,Panjabi,17
Kymenlaakso,2024,pes,"Persian, Farsi",168
Kymenlaakso,2024,pol,Polish,67
Kymenlaakso,2024,por,Portuguese,57
Kymenlaakso,2024,ron,Romanian,62
Kymenlaakso,2024,rus,Russian,5442
Kymenlaakso,2024,sin,Sinhala,113
Kymenlaakso,2024,som,Somali,234
Kymenlaakso,2024,spa,Spanish,146
Kymenlaakso,2024,srp,Serbian,37
Kymenlaakso,2024,swe,Swedish,1156
Kymenlaakso,2024,swh,Swahili,36
Kymenlaakso,2024,tam,Tamil,12
Kymenlaakso,2024,tgl,Tagalog,158
Kymenlaakso,2024,tha,Thai,338
Kymenlaakso,2024,tir,Tigrinya,87
Kymenlaakso,2024,tuk,Turkmen,15
Kymenlaakso,2024,tur,Turkish,283
Kymenlaakso,2024,ukr,Ukrainian,1064
Kymenlaakso,2024,urd,Urdu,73
Kymenlaakso,2024,vie,Vietnamese,52
Kymenlaakso,2025,als,Albanian,102
Kymenlaakso,2025,amh,Amharic,29
Kymenlaakso,2025,arb,Arabic,451
Kymenlaakso,2025,azj,Azerbaijani,15
Kymenlaakso,2025,ben,"Bengali, (Bangla)",85
Kymenlaakso,2025,bul,Bulgarian,13
Kymenlaakso,2025,ckb,Kurdish,234
Kymenlaakso,2025,cmn,Chinese,237
Kymenlaakso,2025,deu,German,96
Kymenlaakso,2025,ekk,Estonian,882
Kymenlaakso,2025,ell,Greek (modern),17
Kymenlaakso,2025,eng,English,507
Kymenlaakso,2025,fin,Finnish,142065
Kymenlaakso,2025,fra,French,60
Kymenlaakso,2025,hin,Hindi,31
Kymenlaakso,2025,hun,Hungarian,44
Kymenlaakso,2025,ibo,Igbo,11
Kymenlaakso,2025,ita,Italian,37
Kymenlaakso,2025,kan,Kannada,12
Kymenlaakso,2025,kin,Kinyarwanda,75
Kymenlaakso,2025,lin,Lingala,15
Kymenlaakso,2025,lit,Lithuanian,131
Kymenlaakso,2025,lvs,Latvian,80
Kymenlaakso,2025,mal,Malayalam,15
Kymenlaakso,2025,mya,Burmese,75
Kymenlaakso,2025,nld,Dutch,42
Kymenlaakso,2025,npi,Nepali,134
Kymenlaakso,2025,pan,Panjabi,19
Kymenlaakso,2025,pes,"Persian, Farsi",177
Kymenlaakso,2025,pol,Polish,63
Kymenlaakso,2025,por,Portuguese,61
Kymenlaakso,2025,ron,Romanian,62
Kymenlaakso,2025,run,Rundi,10
Kymenlaakso,2025,rus,Russian,5382
Kymenlaakso,2025,sin,Sinhala,152
Kymenlaakso,2025,som,Somali,259
Kymenlaakso,2025,spa,Spanish,161
Kymenlaakso,2025,srp,Serbian,35
Kymenlaakso,2025,swe,Swedish,1131
Kymenlaakso,2025,swh,Swahili,31
Kymenlaakso,2025,tam,Tamil,12
Kymenlaakso,2025,tgl,Tagalog,175
Kymenlaakso,2025,tha,Thai,342
Kymenlaakso,2025,tir,Tigrinya,90
Kymenlaakso,2025,tuk,Turkmen,28
Kymenlaakso,2025,tur,Turkish,297
Kymenlaakso,2025,ukr,Ukrainian,1296
Kymenlaakso,2025,urd,Urdu,96
Kymenlaakso,2025,vie,Vietnamese,64
Lapland,1990,cmn,Chinese,13
Lapland,1990,ekk,Estonian,15
Lapland,1990,eng,English,35
Lapland,1990,fin,Finnish,198370
Lapland,1990,nor,Norwegian,10
Lapland,1990,pol,Polish,13
Lapland,1990,rus,Russian,26
Lapland,1990,sme,Sami,1596
Lapland,1990,swe,Swedish,206
Lapland,1990,vie,Vietnamese,67
Lapland,1991,arb,Arabic,14
Lapland,1991,deu,German,21
Lapland,1991,ekk,Estonian,38
Lapland,1991,eng,English,36
Lapland,1991,fin,Finnish,199139
Lapland,1991,pol,Polish,10
Lapland,1991,rus,Russian,75
Lapland,1991,sme,Sami,1593
Lapland,1991,som,Somali,30
Lapland,1991,swe,Swedish,235
Lapland,1991,vie,Vietnamese,89
Lapland,1992,arb,Arabic,17
Lapland,1992,deu,German,26
Lapland,1992,ekk,Estonian,44
Lapland,1992,eng,English,44
Lapland,1992,fin,Finnish,199708
Lapland,1992,rus,Russian,114
Lapland,1992,sme,Sami,1588
Lapland,1992,som,Somali,40
Lapland,1992,swe,Swedish,246
Lapland,1992,vie,Vietnamese,114
Lapland,1993,als,Albanian,113
Lapland,1993,arb,Arabic,19
Lapland,1993,deu,German,27
Lapland,1993,ekk,Estonian,35
Lapland,1993,eng,English,48
Lapland,1993,fin,Finnish,199963
Lapland,1993,nor,Norwegian,30
Lapland,1993,rus,Russian,132
Lapland,1993,sme,Sami,1586
Lapland,1993,som,Somali,22
Lapland,1993,srp,Serbian,12
Lapland,1993,swe,Swedish,248
Lapland,1993,tur,Turkish,11
Lapland,1993,vie,Vietnamese,129
Lapland,1994,als,Albanian,129
Lapland,1994,arb,Arabic,17
Lapland,1994,ckb,Kurdish,41
Lapland,1994,cmn,Chinese,15
Lapland,1994,deu,German,32
Lapland,1994,ekk,Estonian,40
Lapland,1994,eng,English,49
Lapland,1994,fin,Finnish,199303
Lapland,1994,nor,Norwegian,11
Lapland,1994,rus,Russian,139
Lapland,1994,sme,Sami,1565
Lapland,1994,som,Somali,12
Lapland,1994,srp,Serbian,13
Lapland,1994,swe,Swedish,243
Lapland,1994,tam,Tamil,18
Lapland,1994,tur,Turkish,20
Lapland,1994,vie,Vietnamese,152
Lapland,1995,als,Albanian,135
Lapland,1995,arb,Arabic,14
Lapland,1995,ckb,Kurdish,33
Lapland,1995,cmn,Chinese,12
Lapland,1995,deu,German,27
Lapland,1995,ekk,Estonian,41
Lapland,1995,eng,English,43
Lapland,1995,fin,Finnish,198374
Lapland,1995,nor,Norwegian,31
Lapland,1995,rus,Russian,161
Lapland,1995,sme,Sami,1561
Lapland,1995,srp,Serbian,27
Lapland,1995,swe,Swedish,269
Lapland,1995,tam,Tamil,24
Lapland,1995,tur,Turkish,23
Lapland,1995,vie,Vietnamese,137
Lapland,1996,als,Albanian,162
Lapland,1996,arb,Arabic,15
Lapland,1996,ckb,Kurdish,74
Lapland,1996,cmn,Chinese,13
Lapland,1996,deu,German,40
Lapland,1996,ekk,Estonian,36
Lapland,1996,eng,English,66
Lapland,1996,fin,Finnish,197474
Lapland,1996,nor,Norwegian,10
Lapland,1996,rus,Russian,215
Lapland,1996,sme,Sami,1547
Lapland,1996,srp,Serbian,30
Lapland,1996,swe,Swedish,248
Lapland,1996,tam,Tamil,36
Lapland,1996,tur,Turkish,25
Lapland,1996,vie,Vietnamese,151
Lapland,1997,als,Albanian,103
Lapland,1997,arb,Arabic,10
Lapland,1997,ckb,Kurdish,90
Lapland,1997,cmn,Chinese,16
Lapland,1997,deu,German,42
Lapland,1997,ekk,Estonian,36
Lapland,1997,eng,English,73
Lapland,1997,fin,Finnish,195959
Lapland,1997,fra,French,11
Lapland,1997,rus,Russian,236
Lapland,1997,sme,Sami,1535
Lapland,1997,srp,Serbian,26
Lapland,1997,swe,Swedish,251
Lapland,1997,tam,Tamil,38
Lapland,1997,tur,Turkish,22
Lapland,1997,vie,Vietnamese,150
Lapland,1998,als,Albanian,33
Lapland,1998,arb,Arabic,16
Lapland,1998,ckb,Kurdish,92
Lapland,1998,cmn,Chinese,31
Lapland,1998,deu,German,49
Lapland,1998,ekk,Estonian,32
Lapland,1998,eng,English,79
Lapland,1998,fin,Finnish,193600
Lapland,1998,fra,French,13
Lapland,1998,nor,Norwegian,10
Lapland,1998,rus,Russian,282
Lapland,1998,sme,Sami,1489
Lapland,1998,srp,Serbian,19
Lapland,1998,swe,Swedish,250
Lapland,1998,tam,Tamil,50
Lapland,1998,tur,Turkish,13
Lapland,1998,vie,Vietnamese,133
Lapland,1999,als,Albanian,31
Lapland,1999,arb,Arabic,15
Lapland,1999,ckb,Kurdish,168
Lapland,1999,cmn,Chinese,28
Lapland,1999,deu,German,52
Lapland,1999,ekk,Estonian,47
Lapland,1999,eng,English,94
Lapland,1999,fin,Finnish,191169
Lapland,1999,fra,French,12
Lapland,1999,pes,"Persian, Farsi",17
Lapland,1999,rus,Russian,316
Lapland,1999,sme,Sami,1476
Lapland,1999,srp,Serbian,10
Lapland,1999,swe,Swedish,230
Lapland,1999,tam,Tamil,52
Lapland,1999,tur,Turkish,15
Lapland,1999,vie,Vietnamese,131
Lapland,2000,als,Albanian,53
Lapland,2000,ckb,Kurdish,149
Lapland,2000,cmn,Chinese,31
Lapland,2000,deu,German,41
Lapland,2000,ekk,Estonian,43
Lapland,2000,eng,English,87
Lapland,2000,fin,Finnish,188568
Lapland,2000,fra,French,15
Lapland,2000,pes,"Persian, Farsi",33
Lapland,2000,rus,Russian,319
Lapland,2000,sme,Sami,1503
Lapland,2000,swe,Swedish,246
Lapland,2000,tam,Tamil,58
Lapland,2000,tur,Turkish,14
Lapland,2000,vie,Vietnamese,128
Lapland,2001,als,Albanian,16
Lapland,2001,ckb,Kurdish,154
Lapland,2001,cmn,Chinese,39
Lapland,2001,deu,German,41
Lapland,2001,ekk,Estonian,45
Lapland,2001,eng,English,95
Lapland,2001,fin,Finnish,186039
Lapland,2001,fra,French,14
Lapland,2001,lvs,Latvian,10
Lapland,2001,pes,"Persian, Farsi",33
Lapland,2001,rus,Russian,372
Lapland,2001,sme,Sami,1474
Lapland,2001,swe,Swedish,250
Lapland,2001,tam,Tamil,57
Lapland,2001,tha,Thai,11
Lapland,2001,tur,Turkish,15
Lapland,2001,vie,Vietnamese,110
Lapland,2002,als,Albanian,11
Lapland,2002,ckb,Kurdish,142
Lapland,2002,cmn,Chinese,42
Lapland,2002,deu,German,63
Lapland,2002,ekk,Estonian,44
Lapland,2002,eng,English,92
Lapland,2002,fin,Finnish,184501
Lapland,2002,fra,French,20
Lapland,2002,hun,Hungarian,11
Lapland,2002,pes,"Persian, Farsi",56
Lapland,2002,rus,Russian,423
Lapland,2002,sme,Sami,1454
Lapland,2002,swe,Swedish,226
Lapland,2002,tam,Tamil,45
Lapland,2002,tha,Thai,13
Lapland,2002,tur,Turkish,15
Lapland,2002,vie,Vietnamese,95
Lapland,2003,als,Albanian,11
Lapland,2003,arb,Arabic,10
Lapland,2003,ckb,Kurdish,137
Lapland,2003,cmn,Chinese,50
Lapland,2003,deu,German,77
Lapland,2003,ekk,Estonian,44
Lapland,2003,eng,English,93
Lapland,2003,fin,Finnish,183577
Lapland,2003,fra,French,22
Lapland,2003,lvs,Latvian,10
Lapland,2003,pes,"Persian, Farsi",50
Lapland,2003,rus,Russian,461
Lapland,2003,sme,Sami,1419
Lapland,2003,spa,Spanish,12
Lapland,2003,swe,Swedish,242
Lapland,2003,tam,Tamil,48
Lapland,2003,tha,Thai,17
Lapland,2003,tur,Turkish,26
Lapland,2003,vie,Vietnamese,91
Lapland,2004,als,Albanian,27
Lapland,2004,arb,Arabic,17
Lapland,2004,bos,Bosnian,12
Lapland,2004,ckb,Kurdish,130
Lapland,2004,cmn,Chinese,52
Lapland,2004,deu,German,85
Lapland,2004,ekk,Estonian,62
Lapland,2004,eng,English,83
Lapland,2004,fin,Finnish,182908
Lapland,2004,fra,French,30
Lapland,2004,lvs,Latvian,13
Lapland,2004,nld,Dutch,10
Lapland,2004,pes,"Persian, Farsi",76
Lapland,2004,rus,Russian,515
Lapland,2004,sme,Sami,1435
Lapland,2004,spa,Spanish,15
Lapland,2004,swe,Swedish,260
Lapland,2004,tam,Tamil,43
Lapland,2004,tha,Thai,30
Lapland,2004,tur,Turkish,30
Lapland,2004,vie,Vietnamese,90
Lapland,2005,als,Albanian,29
Lapland,2005,arb,Arabic,28
Lapland,2005,ckb,Kurdish,101
Lapland,2005,cmn,Chinese,73
Lapland,2005,deu,German,88
Lapland,2005,ekk,Estonian,66
Lapland,2005,eng,English,88
Lapland,2005,fin,Finnish,182144
Lapland,2005,fra,French,26
Lapland,2005,lvs,Latvian,13
Lapland,2005,mya,Burmese,14
Lapland,2005,nor,Norwegian,11
Lapland,2005,pes,"Persian, Farsi",123
Lapland,2005,pol,Polish,10
Lapland,2005,rus,Russian,565
Lapland,2005,sme,Sami,1441
Lapland,2005,spa,Spanish,16
Lapland,2005,swe,Swedish,256
Lapland,2005,tam,Tamil,24
Lapland,2005,tha,Thai,34
Lapland,2005,tur,Turkish,18
Lapland,2005,vie,Vietnamese,91
Lapland,2006,als,Albanian,34
Lapland,2006,arb,Arabic,33
Lapland,2006,ckb,Kurdish,64
Lapland,2006,cmn,Chinese,60
Lapland,2006,deu,German,88
Lapland,2006,ekk,Estonian,66
Lapland,2006,eng,English,100
Lapland,2006,fin,Finnish,181159
Lapland,2006,fra,French,22
Lapland,2006,lvs,Latvian,10
Lapland,2006,mya,Burmese,15
Lapland,2006,nld,Dutch,10
Lapland,2006,pes,"Persian, Farsi",161
Lapland,2006,pol,Polish,10
Lapland,2006,rus,Russian,574
Lapland,2006,sme,Sami,1446
Lapland,2006,spa,Spanish,17
Lapland,2006,swe,Swedish,278
Lapland,2006,tam,Tamil,11
Lapland,2006,tha,Thai,39
Lapland,2006,tur,Turkish,32
Lapland,2006,vie,Vietnamese,91
Lapland,2007,als,Albanian,37
Lapland,2007,arb,Arabic,38
Lapland,2007,ckb,Kurdish,42
Lapland,2007,cmn,Chinese,70
Lapland,2007,deu,German,103
Lapland,2007,ekk,Estonian,73
Lapland,2007,eng,English,124
Lapland,2007,fin,Finnish,180337
Lapland,2007,fra,French,25
Lapland,2007,hun,Hungarian,11
Lapland,2007,lvs,Latvian,11
Lapland,2007,mya,Burmese,16
Lapland,2007,pes,"Persian, Farsi",162
Lapland,2007,pol,Polish,24
Lapland,2007,por,Portuguese,11
Lapland,2007,rus,Russian,603
Lapland,2007,sme,Sami,1437
Lapland,2007,som,Somali,27
Lapland,2007,spa,Spanish,20
Lapland,2007,swe,Swedish,288
Lapland,2007,tam,Tamil,11
Lapland,2007,tha,Thai,51
Lapland,2007,tur,Turkish,37
Lapland,2007,vie,Vietnamese,91
Lapland,2008,als,Albanian,30
Lapland,2008,amh,Amharic,16
Lapland,2008,arb,Arabic,42
Lapland,2008,ben,"Bengali, (Bangla)",11
Lapland,2008,ckb,Kurdish,85
Lapland,2008,cmn,Chinese,84
Lapland,2008,deu,German,125
Lapland,2008,ekk,Estonian,92
Lapland,2008,eng,English,124
Lapland,2008,fin,Finnish,179592
Lapland,2008,fra,French,25
Lapland,2008,hun,Hungarian,12
Lapland,2008,jpn,Japanese,14
Lapland,2008,lvs,Latvian,17
Lapland,2008,mkd,Macedonian,15
Lapland,2008,mya,Burmese,18
Lapland,2008,pes,"Persian, Farsi",160
Lapland,2008,pol,Polish,10
Lapland,2008,por,Portuguese,13
Lapland,2008,rus,Russian,635
Lapland,2008,sme,Sami,1435
Lapland,2008,som,Somali,56
Lapland,2008,spa,Spanish,19
Lapland,2008,swe,Swedish,293
Lapland,2008,tam,Tamil,11
Lapland,2008,tha,Thai,72
Lapland,2008,tur,Turkish,56
Lapland,2008,vie,Vietnamese,84
Lapland,2009,als,Albanian,28
Lapland,2009,amh,Amharic,12
Lapland,2009,arb,Arabic,101
Lapland,2009,ben,"Bengali, (Bangla)",15
Lapland,2009,ckb,Kurdish,98
Lapland,2009,cmn,Chinese,116
Lapland,2009,deu,German,130
Lapland,2009,ekk,Estonian,81
Lapland,2009,eng,English,130
Lapland,2009,fin,Finnish,179070
Lapland,2009,fra,French,28
Lapland,2009,hun,Hungarian,12
Lapland,2009,jpn,Japanese,14
Lapland,2009,lvs,Latvian,12
Lapland,2009,mkd,Macedonian,15
Lapland,2009,mya,Burmese,18
Lapland,2009,pes,"Persian, Farsi",131
Lapland,2009,pol,Polish,11
Lapland,2009,por,Portuguese,13
Lapland,2009,rus,Russian,646
Lapland,2009,sme,Sami,1428
Lapland,2009,som,Somali,114
Lapland,2009,spa,Spanish,22
Lapland,2009,swe,Swedish,298
Lapland,2009,tha,Thai,92
Lapland,2009,tur,Turkish,60
Lapland,2009,vie,Vietnamese,96
Lapland,2010,als,Albanian,24
Lapland,2010,amh,Amharic,11
Lapland,2010,arb,Arabic,138
Lapland,2010,ben,"Bengali, (Bangla)",15
Lapland,2010,ckb,Kurdish,150
Lapland,2010,cmn,Chinese,131
Lapland,2010,deu,German,137
Lapland,2010,ekk,Estonian,116
Lapland,2010,eng,English,145
Lapland,2010,fin,Finnish,178456
Lapland,2010,fra,French,30
Lapland,2010,hun,Hungarian,13
Lapland,2010,jpn,Japanese,13
Lapland,2010,lvs,Latvian,15
Lapland,2010,mkd,Macedonian,15
Lapland,2010,mya,Burmese,21
Lapland,2010,npi,Nepali,13
Lapland,2010,pes,"Persian, Farsi",126
Lapland,2010,pol,Polish,13
Lapland,2010,por,Portuguese,14
Lapland,2010,rus,Russian,660
Lapland,2010,sme,Sami,1460
Lapland,2010,som,Somali,115
Lapland,2010,spa,Spanish,30
Lapland,2010,swe,Swedish,328
Lapland,2010,tha,Thai,99
Lapland,2010,tur,Turkish,63
Lapland,2010,vie,Vietnamese,100
Lapland,2011,als,Albanian,26
Lapland,2011,amh,Amharic,15
Lapland,2011,arb,Arabic,185
Lapland,2011,ben,"Bengali, (Bangla)",15
Lapland,2011,ckb,Kurdish,135
Lapland,2011,cmn,Chinese,157
Lapland,2011,deu,German,151
Lapland,2011,ekk,Estonian,126
Lapland,2011,eng,English,147
Lapland,2011,fin,Finnish,177950
Lapland,2011,fra,French,35
Lapland,2011,hun,Hungarian,14
Lapland,2011,ita,Italian,10
Lapland,2011,jpn,Japanese,14
Lapland,2011,lvs,Latvian,16
Lapland,2011,mkd,Macedonian,15
Lapland,2011,mya,Burmese,28
Lapland,2011,npi,Nepali,36
Lapland,2011,pes,"Persian, Farsi",112
Lapland,2011,pol,Polish,13
Lapland,2011,por,Portuguese,18
Lapland,2011,rus,Russian,709
Lapland,2011,sme,Sami,1478
Lapland,2011,som,Somali,95
Lapland,2011,spa,Spanish,28
Lapland,2011,swe,Swedish,359
Lapland,2011,tha,Thai,106
Lapland,2011,tur,Turkish,66
Lapland,2011,urd,Urdu,11
Lapland,2011,vie,Vietnamese,115
Lapland,2012,als,Albanian,31
Lapland,2012,amh,Amharic,13
Lapland,2012,arb,Arabic,143
Lapland,2012,ben,"Bengali, (Bangla)",19
Lapland,2012,bul,Bulgarian,10
Lapland,2012,ckb,Kurdish,122
Lapland,2012,cmn,Chinese,165
Lapland,2012,deu,German,161
Lapland,2012,ekk,Estonian,135
Lapland,2012,eng,English,175
Lapland,2012,fin,Finnish,177227
Lapland,2012,fra,French,36
Lapland,2012,hun,Hungarian,15
Lapland,2012,ita,Italian,13
Lapland,2012,jpn,Japanese,14
Lapland,2012,lvs,Latvian,17
Lapland,2012,mkd,Macedonian,15
Lapland,2012,mya,Burmese,34
Lapland,2012,nld,Dutch,11
Lapland,2012,npi,Nepali,21
Lapland,2012,pes,"Persian, Farsi",159
Lapland,2012,pol,Polish,15
Lapland,2012,por,Portuguese,21
Lapland,2012,rus,Russian,765
Lapland,2012,sme,Sami,1489
Lapland,2012,som,Somali,74
Lapland,2012,spa,Spanish,34
Lapland,2012,swe,Swedish,368
Lapland,2012,tha,Thai,113
Lapland,2012,tur,Turkish,64
Lapland,2012,urd,Urdu,13
Lapland,2012,vie,Vietnamese,113
Lapland,2013,als,Albanian,27
Lapland,2013,amh,Amharic,11
Lapland,2013,arb,Arabic,131
Lapland,2013,ben,"Bengali, (Bangla)",20
Lapland,2013,bul,Bulgarian,11
Lapland,2013,ckb,Kurdish,136
Lapland,2013,cmn,Chinese,160
Lapland,2013,deu,German,176
Lapland,2013,ekk,Estonian,149
Lapland,2013,eng,English,208
Lapland,2013,fin,Finnish,176576
Lapland,2013,fra,French,41
Lapland,2013,hun,Hungarian,14
Lapland,2013,ita,Italian,13
Lapland,2013,jpn,Japanese,13
Lapland,2013,lvs,Latvian,16
Lapland,2013,mkd,Macedonian,15
Lapland,2013,mya,Burmese,34
Lapland,2013,nld,Dutch,12
Lapland,2013,npi,Nepali,12
Lapland,2013,pes,"Persian, Farsi",216
Lapland,2013,pol,Polish,17
Lapland,2013,por,Portuguese,19
Lapland,2013,pst,Pushto,13
Lapland,2013,rus,Russian,843
Lapland,2013,sme,Sami,1519
Lapland,2013,som,Somali,79
Lapland,2013,spa,Spanish,34
Lapland,2013,swe,Swedish,378
Lapland,2013,tha,Thai,121
Lapland,2013,tur,Turkish,76
Lapland,2013,ukr,Ukrainian,14
Lapland,2013,urd,Urdu,13
Lapland,2013,vie,Vietnamese,118
Lapland,2014,als,Albanian,30
Lapland,2014,amh,Amharic,10
Lapland,2014,arb,Arabic,182
Lapland,2014,ben,"Bengali, (Bangla)",22
Lapland,2014,bul,Bulgarian,11
Lapland,2014,ckb,Kurdish,133
Lapland,2014,cmn,Chinese,162
Lapland,2014,deu,German,181
Lapland,2014,ekk,Estonian,154
Lapland,2014,eng,English,238
Lapland,2014,fin,Finnish,175552
Lapland,2014,fra,French,38
Lapland,2014,hun,Hungarian,15
Lapland,2014,ita,Italian,15
Lapland,2014,jpn,Japanese,12
Lapland,2014,lvs,Latvian,13
Lapland,2014,mkd,Macedonian,15
Lapland,2014,mya,Burmese,32
Lapland,2014,nld,Dutch,13
Lapland,2014,pes,"Persian, Farsi",244
Lapland,2014,pol,Polish,17
Lapland,2014,por,Portuguese,18
Lapland,2014,pst,Pushto,13
Lapland,2014,rus,Russian,875
Lapland,2014,sme,Sami,1521
Lapland,2014,som,Somali,111
Lapland,2014,spa,Spanish,42
Lapland,2014,swe,Swedish,378
Lapland,2014,tha,Thai,131
Lapland,2014,tur,Turkish,83
Lapland,2014,ukr,Ukrainian,14
Lapland,2014,urd,Urdu,10
Lapland,2014,vie,Vietnamese,124
Lapland,2015,als,Albanian,34
Lapland,2015,arb,Arabic,239
Lapland,2015,ben,"Bengali, (Bangla)",28
Lapland,2015,ckb,Kurdish,121
Lapland,2015,cmn,Chinese,169
Lapland,2015,deu,German,184
Lapland,2015,ekk,Estonian,166
Lapland,2015,eng,English,252
Lapland,2015,fin,Finnish,174515
Lapland,2015,fra,French,37
Lapland,2015,hun,Hungarian,18
Lapland,2015,ita,Italian,15
Lapland,2015,jpn,Japanese,15
Lapland,2015,lvs,Latvian,16
Lapland,2015,mkd,Macedonian,15
Lapland,2015,mya,Burmese,31
Lapland,2015,nld,Dutch,16
Lapland,2015,npi,Nepali,12
Lapland,2015,pes,"Persian, Farsi",218
Lapland,2015,pol,Polish,30
Lapland,2015,por,Portuguese,18
Lapland,2015,rus,Russian,866
Lapland,2015,sme,Sami,1520
Lapland,2015,som,Somali,117
Lapland,2015,spa,Spanish,47
Lapland,2015,swe,Swedish,391
Lapland,2015,tha,Thai,155
Lapland,2015,tur,Turkish,94
Lapland,2015,ukr,Ukrainian,16
Lapland,2015,urd,Urdu,11
Lapland,2015,vie,Vietnamese,125
Lapland,2016,als,Albanian,35
Lapland,2016,arb,Arabic,330
Lapland,2016,ben,"Bengali, (Bangla)",26
Lapland,2016,ckb,Kurdish,113
Lapland,2016,cmn,Chinese,173
Lapland,2016,deu,German,179
Lapland,2016,ekk,Estonian,183
Lapland,2016,ell,Greek (modern),11
Lapland,2016,eng,English,244
Lapland,2016,fin,Finnish,173550
Lapland,2016,fra,French,60
Lapland,2016,hun,Hungarian,17
Lapland,2016,ita,Italian,19
Lapland,2016,jpn,Japanese,18
Lapland,2016,lvs,Latvian,18
Lapland,2016,mkd,Macedonian,15
Lapland,2016,mya,Burmese,26
Lapland,2016,nld,Dutch,17
Lapland,2016,npi,Nepali,14
Lapland,2016,pes,"Persian, Farsi",286
Lapland,2016,pol,Polish,18
Lapland,2016,por,Portuguese,23
Lapland,2016,rus,Russian,882
Lapland,2016,sme,Sami,1527
Lapland,2016,som,Somali,157
Lapland,2016,spa,Spanish,50
Lapland,2016,swe,Swedish,407
Lapland,2016,tha,Thai,169
Lapland,2016,tur,Turkish,102
Lapland,2016,ukr,Ukrainian,16
Lapland,2016,urd,Urdu,19
Lapland,2016,vie,Vietnamese,148
Lapland,2017,als,Albanian,31
Lapland,2017,arb,Arabic,426
Lapland,2017,ben,"Bengali, (Bangla)",28
Lapland,2017,bul,Bulgarian,21
Lapland,2017,ckb,Kurdish,126
Lapland,2017,cmn,Chinese,183
Lapland,2017,deu,German,167
Lapland,2017,ekk,Estonian,194
Lapland,2017,ell,Greek (modern),13
Lapland,2017,eng,English,253
Lapland,2017,fin,Finnish,172386
Lapland,2017,fra,French,53
Lapland,2017,hun,Hungarian,20
Lapland,2017,ita,Italian,20
Lapland,2017,jpn,Japanese,17
Lapland,2017,lvs,Latvian,17
Lapland,2017,mkd,Macedonian,15
Lapland,2017,mya,Burmese,26
Lapland,2017,nld,Dutch,20
Lapland,2017,npi,Nepali,14
Lapland,2017,pes,"Persian, Farsi",234
Lapland,2017,pol,Polish,20
Lapland,2017,por,Portuguese,29
Lapland,2017,rus,Russian,889
Lapland,2017,sme,Sami,1527
Lapland,2017,som,Somali,173
Lapland,2017,spa,Spanish,58
Lapland,2017,swe,Swedish,398
Lapland,2017,tha,Thai,193
Lapland,2017,tur,Turkish,100
Lapland,2017,ukr,Ukrainian,18
Lapland,2017,urd,Urdu,19
Lapland,2017,vie,Vietnamese,165
Lapland,2018,als,Albanian,32
Lapland,2018,arb,Arabic,463
Lapland,2018,ben,"Bengali, (Bangla)",30
Lapland,2018,bul,Bulgarian,28
Lapland,2018,ckb,Kurdish,170
Lapland,2018,cmn,Chinese,202
Lapland,2018,deu,German,187
Lapland,2018,ekk,Estonian,198
Lapland,2018,ell,Greek (modern),15
Lapland,2018,eng,English,274
Lapland,2018,fin,Finnish,171482
Lapland,2018,fra,French,56
Lapland,2018,hun,Hungarian,21
Lapland,2018,ita,Italian,19
Lapland,2018,jpn,Japanese,19
Lapland,2018,lvs,Latvian,16
Lapland,2018,mkd,Macedonian,12
Lapland,2018,mya,Burmese,24
Lapland,2018,nld,Dutch,19
Lapland,2018,npi,Nepali,13
Lapland,2018,pes,"Persian, Farsi",227
Lapland,2018,pol,Polish,20
Lapland,2018,por,Portuguese,26
Lapland,2018,rus,Russian,895
Lapland,2018,sme,Sami,1516
Lapland,2018,som,Somali,166
Lapland,2018,spa,Spanish,69
Lapland,2018,swe,Swedish,433
Lapland,2018,tam,Tamil,11
Lapland,2018,tgl,Tagalog,10
Lapland,2018,tha,Thai,200
Lapland,2018,tur,Turkish,95
Lapland,2018,ukr,Ukrainian,24
Lapland,2018,urd,Urdu,11
Lapland,2018,vie,Vietnamese,160
Lapland,2019,als,Albanian,31
Lapland,2019,arb,Arabic,491
Lapland,2019,ben,"Bengali, (Bangla)",27
Lapland,2019,bul,Bulgarian,20
Lapland,2019,cat,Catalan,10
Lapland,2019,ckb,Kurdish,135
Lapland,2019,cmn,Chinese,182
Lapland,2019,deu,German,208
Lapland,2019,ekk,Estonian,209
Lapland,2019,ell,Greek (modern),14
Lapland,2019,eng,English,279
Lapland,2019,fin,Finnish,170108
Lapland,2019,fra,French,70
Lapland,2019,hun,Hungarian,24
Lapland,2019,ita,Italian,16
Lapland,2019,jpn,Japanese,18
Lapland,2019,lvs,Latvian,19
Lapland,2019,mkd,Macedonian,12
Lapland,2019,mya,Burmese,23
Lapland,2019,nld,Dutch,20
Lapland,2019,nor,Norwegian,10
Lapland,2019,npi,Nepali,13
Lapland,2019,pes,"Persian, Farsi",219
Lapland,2019,pol,Polish,23
Lapland,2019,por,Portuguese,30
Lapland,2019,rus,Russian,907
Lapland,2019,sme,Sami,1522
Lapland,2019,som,Somali,148
Lapland,2019,spa,Spanish,87
Lapland,2019,swe,Swedish,427
Lapland,2019,swh,Swahili,10
Lapland,2019,tam,Tamil,10
Lapland,2019,tgl,Tagalog,14
Lapland,2019,tha,Thai,200
Lapland,2019,tir,Tigrinya,10
Lapland,2019,tur,Turkish,95
Lapland,2019,ukr,Ukrainian,32
Lapland,2019,urd,Urdu,12
Lapland,2019,vie,Vietnamese,148
Lapland,2020,als,Albanian,33
Lapland,2020,arb,Arabic,421
Lapland,2020,ben,"Bengali, (Bangla)",35
Lapland,2020,bul,Bulgarian,24
Lapland,2020,ckb,Kurdish,119
Lapland,2020,cmn,Chinese,197
Lapland,2020,deu,German,214
Lapland,2020,ekk,Estonian,210
Lapland,2020,ell,Greek (modern),11
Lapland,2020,eng,English,319
Lapland,2020,fin,Finnish,169482
Lapland,2020,fra,French,77
Lapland,2020,heb,Hebrew,10
Lapland,2020,hun,Hungarian,23
Lapland,2020,ita,Italian,26
Lapland,2020,jpn,Japanese,18
Lapland,2020,lvs,Latvian,20
Lapland,2020,mya,Burmese,21
Lapland,2020,nld,Dutch,22
Lapland,2020,npi,Nepali,11
Lapland,2020,pes,"Persian, Farsi",198
Lapland,2020,pol,Polish,38
Lapland,2020,por,Portuguese,28
Lapland,2020,rus,Russian,923
Lapland,2020,sme,Sami,1513
Lapland,2020,som,Somali,159
Lapland,2020,spa,Spanish,83
Lapland,2020,swe,Swedish,453
Lapland,2020,swh,Swahili,20
Lapland,2020,tam,Tamil,11
Lapland,2020,tgl,Tagalog,13
Lapland,2020,tha,Thai,217
Lapland,2020,tir,Tigrinya,12
Lapland,2020,tur,Turkish,113
Lapland,2020,ukr,Ukrainian,23
Lapland,2020,urd,Urdu,13
Lapland,2020,vie,Vietnamese,133
Lapland,2021,als,Albanian,33
Lapland,2021,arb,Arabic,467
Lapland,2021,ben,"Bengali, (Bangla)",35
Lapland,2021,bul,Bulgarian,46
Lapland,2021,cat,Catalan,11
Lapland,2021,ces,Czech,10
Lapland,2021,ckb,Kurdish,116
Lapland,2021,cmn,Chinese,199
Lapland,2021,deu,German,223
Lapland,2021,ekk,Estonian,216
Lapland,2021,ell,Greek (modern),14
Lapland,2021,eng,English,318
Lapland,2021,fin,Finnish,169071
Lapland,2021,fra,French,82
Lapland,2021,heb,Hebrew,10
Lapland,2021,hun,Hungarian,21
Lapland,2021,ita,Italian,28
Lapland,2021,jpn,Japanese,19
Lapland,2021,lit,Lithuanian,15
Lapland,2021,lvs,Latvian,23
Lapland,2021,mya,Burmese,20
Lapland,2021,nld,Dutch,42
Lapland,2021,npi,Nepali,13
Lapland,2021,pes,"Persian, Farsi",203
Lapland,2021,pol,Polish,38
Lapland,2021,por,Portuguese,34
Lapland,2021,pst,Pushto,10
Lapland,2021,ron,Romanian,13
Lapland,2021,rus,Russian,927
Lapland,2021,sme,Sami,1512
Lapland,2021,som,Somali,133
Lapland,2021,spa,Spanish,99
Lapland,2021,swe,Swedish,470
Lapland,2021,swh,Swahili,23
Lapland,2021,tam,Tamil,10
Lapland,2021,tgl,Tagalog,15
Lapland,2021,tha,Thai,205
Lapland,2021,tir,Tigrinya,13
Lapland,2021,tur,Turkish,121
Lapland,2021,ukr,Ukrainian,36
Lapland,2021,urd,Urdu,12
Lapland,2021,vie,Vietnamese,117
Lapland,2022,als,Albanian,35
Lapland,2022,arb,Arabic,546
Lapland,2022,ben,"Bengali, (Bangla)",38
Lapland,2022,bul,Bulgarian,48
Lapland,2022,ces,Czech,12
Lapland,2022,ckb,Kurdish,129
Lapland,2022,cmn,Chinese,190
Lapland,2022,deu,German,221
Lapland,2022,ekk,Estonian,191
Lapland,2022,ell,Greek (modern),15
Lapland,2022,eng,English,346
Lapland,2022,fin,Finnish,167882
Lapland,2022,fra,French,85
Lapland,2022,hun,Hungarian,37
Lapland,2022,ita,Italian,34
Lapland,2022,jpn,Japanese,20
Lapland,2022,lit,Lithuanian,25
Lapland,2022,lvs,Latvian,25
Lapland,2022,mya,Burmese,33
Lapland,2022,nld,Dutch,44
Lapland,2022,nor,Norwegian,10
Lapland,2022,npi,Nepali,18
Lapland,2022,pes,"Persian, Farsi",226
Lapland,2022,pol,Polish,57
Lapland,2022,por,Portuguese,36
Lapland,2022,ron,Romanian,14
Lapland,2022,rus,Russian,983
Lapland,2022,slk,Slovak,10
Lapland,2022,sme,Sami,1525
Lapland,2022,som,Somali,115
Lapland,2022,spa,Spanish,120
Lapland,2022,swe,Swedish,469
Lapland,2022,swh,Swahili,44
Lapland,2022,tam,Tamil,11
Lapland,2022,tgl,Tagalog,104
Lapland,2022,tha,Thai,229
Lapland,2022,tir,Tigrinya,37
Lapland,2022,tur,Turkish,118
Lapland,2022,ukr,Ukrainian,43
Lapland,2022,urd,Urdu,19
Lapland,2022,vie,Vietnamese,101
Lapland,2023,als,Albanian,38
Lapland,2023,amh,Amharic,10
Lapland,2023,arb,Arabic,583
Lapland,2023,ben,"Bengali, (Bangla)",56
Lapland,2023,bul,Bulgarian,53
Lapland,2023,ces,Czech,14
Lapland,2023,ckb,Kurdish,127
Lapland,2023,cmn,Chinese,213
Lapland,2023,deu,German,223
Lapland,2023,ekk,Estonian,210
Lapland,2023,ell,Greek (modern),16
Lapland,2023,eng,English,479
Lapland,2023,fin,Finnish,166986
Lapland,2023,fra,French,93
Lapland,2023,guj,Gujarati,37
Lapland,2023,hun,Hungarian,41
Lapland,2023,ita,Italian,42
Lapland,2023,jpn,Japanese,20
Lapland,2023,kor,Korean,14
Lapland,2023,lit,Lithuanian,19
Lapland,2023,lvs,Latvian,39
Lapland,2023,mya,Burmese,72
Lapland,2023,nld,Dutch,47
Lapland,2023,npi,Nepali,22
Lapland,2023,pes,"Persian, Farsi",214
Lapland,2023,pol,Polish,45
Lapland,2023,por,Portuguese,39
Lapland,2023,ron,Romanian,44
Lapland,2023,rus,Russian,1114
Lapland,2023,slk,Slovak,12
Lapland,2023,sme,Sami,1521
Lapland,2023,som,Somali,149
Lapland,2023,spa,Spanish,127
Lapland,2023,swe,Swedish,481
Lapland,2023,swh,Swahili,75
Lapland,2023,tam,Tamil,12
Lapland,2023,tgl,Tagalog,194
Lapland,2023,tha,Thai,252
Lapland,2023,tir,Tigrinya,42
Lapland,2023,tur,Turkish,124
Lapland,2023,ukr,Ukrainian,465
Lapland,2023,urd,Urdu,29
Lapland,2023,uzn,Uzbek,14
Lapland,2023,vie,Vietnamese,94
Lapland,2024,als,Albanian,62
Lapland,2024,amh,Amharic,17
Lapland,2024,arb,Arabic,644
Lapland,2024,ben,"Bengali, (Bangla)",63
Lapland,2024,bul,Bulgarian,53
Lapland,2024,ces,Czech,11
Lapland,2024,ckb,Kurdish,136
Lapland,2024,cmn,Chinese,263
Lapland,2024,deu,German,238
Lapland,2024,ekk,Estonian,207
Lapland,2024,ell,Greek (modern),31
Lapland,2024,eng,English,550
Lapland,2024,fin,Finnish,165705
Lapland,2024,fra,French,113
Lapland,2024,guj,Gujarati,40
Lapland,2024,hin,Hindi,10
Lapland,2024,hun,Hungarian,48
Lapland,2024,ita,Italian,49
Lapland,2024,jpn,Japanese,20
Lapland,2024,kin,Kinyarwanda,10
Lapland,2024,kor,Korean,14
Lapland,2024,lit,Lithuanian,22
Lapland,2024,lvs,Latvian,39
Lapland,2024,mya,Burmese,183
Lapland,2024,nld,Dutch,52
Lapland,2024,npi,Nepali,58
Lapland,2024,pes,"Persian, Farsi",220
Lapland,2024,pol,Polish,53
Lapland,2024,por,Portuguese,37
Lapland,2024,ron,Romanian,48
Lapland,2024,rus,Russian,1192
Lapland,2024,sin,Sinhala,26
Lapland,2024,slk,Slovak,15
Lapland,2024,sme,Sami,1564
Lapland,2024,som,Somali,156
Lapland,2024,spa,Spanish,161
Lapland,2024,swe,Swedish,490
Lapland,2024,swh,Swahili,87
Lapland,2024,tam,Tamil,14
Lapland,2024,tgl,Tagalog,249
Lapland,2024,tha,Thai,288
Lapland,2024,tir,Tigrinya,46
Lapland,2024,tur,Turkish,131
Lapland,2024,ukr,Ukrainian,867
Lapland,2024,urd,Urdu,36
Lapland,2024,uzn,Uzbek,13
Lapland,2024,vie,Vietnamese,90
Lapland,2024,yor,Yoruba,11
Lapland,2025,als,Albanian,52
Lapland,2025,amh,Amharic,22
Lapland,2025,arb,Arabic,595
Lapland,2025,ben,"Bengali, (Bangla)",103
Lapland,2025,bul,Bulgarian,46
Lapland,2025,ces,Czech,15
Lapland,2025,ckb,Kurdish,134
Lapland,2025,cmn,Chinese,297
Lapland,2025,deu,German,240
Lapland,2025,ekk,Estonian,227
Lapland,2025,ell,Greek (modern),32
Lapland,2025,eng,English,577
Lapland,2025,fin,Finnish,164945
Lapland,2025,fra,French,139
Lapland,2025,guj,Gujarati,42
Lapland,2025,hun,Hungarian,48
Lapland,2025,ita,Italian,43
Lapland,2025,jpn,Japanese,23
Lapland,2025,kin,Kinyarwanda,10
Lapland,2025,kor,Korean,14
Lapland,2025,lit,Lithuanian,15
Lapland,2025,lvs,Latvian,38
Lapland,2025,mal,Malayalam,10
Lapland,2025,mya,Burmese,306
Lapland,2025,nld,Dutch,67
Lapland,2025,npi,Nepali,113
Lapland,2025,pes,"Persian, Farsi",231
Lapland,2025,pol,Polish,66
Lapland,2025,por,Portuguese,50
Lapland,2025,ron,Romanian,49
Lapland,2025,rus,Russian,1210
Lapland,2025,sin,Sinhala,84
Lapland,2025,slk,Slovak,17
Lapland,2025,sme,Sami,1552
Lapland,2025,som,Somali,155
Lapland,2025,spa,Spanish,172
Lapland,2025,swe,Swedish,476
Lapland,2025,swh,Swahili,88
Lapland,2025,tam,Tamil,17
Lapland,2025,tgl,Tagalog,275
Lapland,2025,tha,Thai,318
Lapland,2025,tir,Tigrinya,48
Lapland,2025,tur,Turkish,148
Lapland,2025,ukr,Ukrainian,1048
Lapland,2025,urd,Urdu,46
Lapland,2025,uzn,Uzbek,10
Lapland,2025,vie,Vietnamese,97
Lapland,2025,yor,Yoruba,27
North Karelia,1990,deu,German,16
North Karelia,1990,eng,English,51
North Karelia,1990,fin,Finnish,181676
North Karelia,1990,hun,Hungarian,10
North Karelia,1990,pol,Polish,13
North Karelia,1990,rus,Russian,41
North Karelia,1990,swe,Swedish,59
North Karelia,1990,vie,Vietnamese,39
North Karelia,1991,arb,Arabic,11
North Karelia,1991,ces,Czech,12
North Karelia,1991,deu,German,15
North Karelia,1991,ekk,Estonian,21
North Karelia,1991,eng,English,53
North Karelia,1991,fin,Finnish,181893
North Karelia,1991,hun,Hungarian,14
North Karelia,1991,pol,Polish,16
North Karelia,1991,rus,Russian,115
North Karelia,1991,som,Somali,122
North Karelia,1991,spa,Spanish,10
North Karelia,1991,swe,Swedish,60
North Karelia,1991,vie,Vietnamese,53
North Karelia,1992,arb,Arabic,29
North Karelia,1992,deu,German,18
North Karelia,1992,ekk,Estonian,33
North Karelia,1992,eng,English,55
North Karelia,1992,fin,Finnish,182120
North Karelia,1992,pol,Polish,13
North Karelia,1992,ron,Romanian,10
North Karelia,1992,rus,Russian,242
North Karelia,1992,som,Somali,62
North Karelia,1992,srp,Serbian,50
North Karelia,1992,swe,Swedish,63
North Karelia,1992,vie,Vietnamese,62
North Karelia,1993,als,Albanian,86
North Karelia,1993,arb,Arabic,26
North Karelia,1993,cmn,Chinese,14
North Karelia,1993,deu,German,18
North Karelia,1993,ekk,Estonian,50
North Karelia,1993,eng,English,56
North Karelia,1993,fin,Finnish,182009
North Karelia,1993,npi,Nepali,18
North Karelia,1993,pol,Polish,10
North Karelia,1993,ron,Romanian,16
North Karelia,1993,rus,Russian,328
North Karelia,1993,som,Somali,47
North Karelia,1993,spa,Spanish,18
North Karelia,1993,srp,Serbian,90
North Karelia,1993,swe,Swedish,65
North Karelia,1993,tur,Turkish,13
North Karelia,1993,vie,Vietnamese,68
North Karelia,1994,als,Albanian,79
North Karelia,1994,arb,Arabic,26
North Karelia,1994,cmn,Chinese,23
North Karelia,1994,deu,German,23
North Karelia,1994,ekk,Estonian,41
North Karelia,1994,eng,English,55
North Karelia,1994,fin,Finnish,181682
North Karelia,1994,npi,Nepali,19
North Karelia,1994,pol,Polish,15
North Karelia,1994,ron,Romanian,12
North Karelia,1994,rus,Russian,411
North Karelia,1994,som,Somali,27
North Karelia,1994,spa,Spanish,21
North Karelia,1994,srp,Serbian,112
North Karelia,1994,swe,Swedish,70
North Karelia,1994,tur,Turkish,11
North Karelia,1994,vie,Vietnamese,68
North Karelia,1995,als,Albanian,30
North Karelia,1995,arb,Arabic,20
North Karelia,1995,cmn,Chinese,25
North Karelia,1995,deu,German,24
North Karelia,1995,ekk,Estonian,58
North Karelia,1995,eng,English,53
North Karelia,1995,fin,Finnish,180886
North Karelia,1995,pol,Polish,12
North Karelia,1995,ron,Romanian,12
North Karelia,1995,rus,Russian,488
North Karelia,1995,som,Somali,28
North Karelia,1995,spa,Spanish,20
North Karelia,1995,srp,Serbian,185
North Karelia,1995,swe,Swedish,94
North Karelia,1995,vie,Vietnamese,63
North Karelia,1996,als,Albanian,21
North Karelia,1996,arb,Arabic,17
North Karelia,1996,cmn,Chinese,26
North Karelia,1996,deu,German,19
North Karelia,1996,ekk,Estonian,56
North Karelia,1996,eng,English,54
North Karelia,1996,fin,Finnish,179598
North Karelia,1996,pol,Polish,13
North Karelia,1996,ron,Romanian,13
North Karelia,1996,rus,Russian,574
North Karelia,1996,som,Somali,23
North Karelia,1996,spa,Spanish,20
North Karelia,1996,srp,Serbian,219
North Karelia,1996,swe,Swedish,93
North Karelia,1996,vie,Vietnamese,69
North Karelia,1997,als,Albanian,21
North Karelia,1997,arb,Arabic,22
North Karelia,1997,cmn,Chinese,18
North Karelia,1997,deu,German,25
North Karelia,1997,ekk,Estonian,56
North Karelia,1997,eng,English,51
North Karelia,1997,fin,Finnish,178382
North Karelia,1997,fra,French,10
North Karelia,1997,pol,Polish,12
North Karelia,1997,ron,Romanian,13
North Karelia,1997,rus,Russian,636
North Karelia,1997,som,Somali,19
North Karelia,1997,spa,Spanish,19
North Karelia,1997,srp,Serbian,190
North Karelia,1997,swe,Swedish,85
North Karelia,1997,vie,Vietnamese,66
North Karelia,1998,als,Albanian,37
North Karelia,1998,arb,Arabic,19
North Karelia,1998,cmn,Chinese,21
North Karelia,1998,deu,German,28
North Karelia,1998,ekk,Estonian,59
North Karelia,1998,eng,English,51
North Karelia,1998,fin,Finnish,176760
North Karelia,1998,pol,Polish,12
North Karelia,1998,ron,Romanian,13
North Karelia,1998,rus,Russian,776
North Karelia,1998,som,Somali,12
North Karelia,1998,spa,Spanish,19
North Karelia,1998,srp,Serbian,102
North Karelia,1998,swe,Swedish,92
North Karelia,1998,vie,Vietnamese,71
North Karelia,1999,als,Albanian,22
North Karelia,1999,arb,Arabic,17
North Karelia,1999,cmn,Chinese,20
North Karelia,1999,deu,German,28
North Karelia,1999,ekk,Estonian,74
North Karelia,1999,eng,English,52
North Karelia,1999,fin,Finnish,175457
North Karelia,1999,pol,Polish,12
North Karelia,1999,rus,Russian,887
North Karelia,1999,som,Somali,16
North Karelia,1999,spa,Spanish,18
North Karelia,1999,srp,Serbian,73
North Karelia,1999,swe,Swedish,94
North Karelia,1999,tha,Thai,10
North Karelia,1999,vie,Vietnamese,75
North Karelia,2000,als,Albanian,26
North Karelia,2000,arb,Arabic,20
North Karelia,2000,cmn,Chinese,26
North Karelia,2000,deu,German,35
North Karelia,2000,ekk,Estonian,86
North Karelia,2000,eng,English,48
North Karelia,2000,fin,Finnish,174268
North Karelia,2000,pol,Polish,12
North Karelia,2000,rus,Russian,1042
North Karelia,2000,som,Somali,21
North Karelia,2000,spa,Spanish,19
North Karelia,2000,srp,Serbian,33
North Karelia,2000,swe,Swedish,88
North Karelia,2000,vie,Vietnamese,76
North Karelia,2001,als,Albanian,21
North Karelia,2001,arb,Arabic,23
North Karelia,2001,cmn,Chinese,29
North Karelia,2001,deu,German,39
North Karelia,2001,ekk,Estonian,89
North Karelia,2001,eng,English,52
North Karelia,2001,fin,Finnish,173211
North Karelia,2001,pol,Polish,14
North Karelia,2001,rus,Russian,1199
North Karelia,2001,som,Somali,30
North Karelia,2001,spa,Spanish,19
North Karelia,2001,srp,Serbian,22
North Karelia,2001,swe,Swedish,100
North Karelia,2001,tha,Thai,10
North Karelia,2001,vie,Vietnamese,77
North Karelia,2002,als,Albanian,14
North Karelia,2002,arb,Arabic,18
North Karelia,2002,ben,"Bengali, (Bangla)",10
North Karelia,2002,bos,Bosnian,10
North Karelia,2002,cmn,Chinese,32
North Karelia,2002,deu,German,42
North Karelia,2002,ekk,Estonian,86
North Karelia,2002,eng,English,57
North Karelia,2002,fin,Finnish,171977
North Karelia,2002,pol,Polish,16
North Karelia,2002,rus,Russian,1333
North Karelia,2002,som,Somali,23
North Karelia,2002,spa,Spanish,18
North Karelia,2002,srp,Serbian,11
North Karelia,2002,swe,Swedish,96
North Karelia,2002,tha,Thai,13
North Karelia,2002,tur,Turkish,14
North Karelia,2002,vie,Vietnamese,74
North Karelia,2003,als,Albanian,10
North Karelia,2003,arb,Arabic,20
North Karelia,2003,ben,"Bengali, (Bangla)",10
North Karelia,2003,cmn,Chinese,28
North Karelia,2003,deu,German,52
North Karelia,2003,ekk,Estonian,70
North Karelia,2003,eng,English,62
North Karelia,2003,fin,Finnish,171227
North Karelia,2003,pol,Polish,16
North Karelia,2003,rus,Russian,1420
North Karelia,2003,som,Somali,16
North Karelia,2003,spa,Spanish,20
North Karelia,2003,srp,Serbian,11
North Karelia,2003,swe,Swedish,82
North Karelia,2003,tha,Thai,13
North Karelia,2003,tur,Turkish,18
North Karelia,2003,vie,Vietnamese,76
North Karelia,2004,arb,Arabic,20
North Karelia,2004,ben,"Bengali, (Bangla)",11
North Karelia,2004,cmn,Chinese,33
North Karelia,2004,deu,German,64
North Karelia,2004,ekk,Estonian,65
North Karelia,2004,eng,English,62
North Karelia,2004,fin,Finnish,170464
North Karelia,2004,fra,French,12
North Karelia,2004,hun,Hungarian,12
North Karelia,2004,nld,Dutch,12
North Karelia,2004,pol,Polish,18
North Karelia,2004,ron,Romanian,12
North Karelia,2004,rus,Russian,1544
North Karelia,2004,som,Somali,25
North Karelia,2004,spa,Spanish,21
North Karelia,2004,srp,Serbian,11
North Karelia,2004,swe,Swedish,81
North Karelia,2004,tha,Thai,17
North Karelia,2004,tur,Turkish,14
North Karelia,2004,vie,Vietnamese,66
North Karelia,2005,als,Albanian,11
North Karelia,2005,arb,Arabic,23
North Karelia,2005,ben,"Bengali, (Bangla)",15
North Karelia,2005,cmn,Chinese,36
North Karelia,2005,deu,German,63
North Karelia,2005,ekk,Estonian,75
North Karelia,2005,eng,English,61
North Karelia,2005,fin,Finnish,169867
North Karelia,2005,fra,French,18
North Karelia,2005,nld,Dutch,15
North Karelia,2005,pol,Polish,14
North Karelia,2005,ron,Romanian,12
North Karelia,2005,rus,Russian,1703
North Karelia,2005,som,Somali,50
North Karelia,2005,spa,Spanish,22
North Karelia,2005,srp,Serbian,11
North Karelia,2005,swe,Swedish,85
North Karelia,2005,tha,Thai,18
North Karelia,2005,vie,Vietnamese,71
North Karelia,2006,als,Albanian,20
North Karelia,2006,arb,Arabic,23
North Karelia,2006,ben,"Bengali, (Bangla)",19
North Karelia,2006,cmn,Chinese,29
North Karelia,2006,deu,German,69
North Karelia,2006,ekk,Estonian,103
North Karelia,2006,eng,English,62
North Karelia,2006,fin,Finnish,168777
North Karelia,2006,fra,French,20
North Karelia,2006,nld,Dutch,15
North Karelia,2006,pol,Polish,15
North Karelia,2006,ron,Romanian,11
North Karelia,2006,rus,Russian,1849
North Karelia,2006,som,Somali,39
North Karelia,2006,spa,Spanish,23
North Karelia,2006,srp,Serbian,11
North Karelia,2006,swe,Swedish,95
North Karelia,2006,tha,Thai,20
North Karelia,2006,tur,Turkish,10
North Karelia,2006,vie,Vietnamese,74
North Karelia,2007,als,Albanian,22
North Karelia,2007,arb,Arabic,30
North Karelia,2007,ben,"Bengali, (Bangla)",27
North Karelia,2007,cmn,Chinese,29
North Karelia,2007,deu,German,94
North Karelia,2007,ekk,Estonian,114
North Karelia,2007,eng,English,64
North Karelia,2007,fin,Finnish,167686
North Karelia,2007,fra,French,18
North Karelia,2007,hun,Hungarian,11
North Karelia,2007,ita,Italian,11
North Karelia,2007,nld,Dutch,14
North Karelia,2007,pol,Polish,15
North Karelia,2007,ron,Romanian,12
North Karelia,2007,rus,Russian,1936
North Karelia,2007,som,Somali,82
North Karelia,2007,spa,Spanish,27
North Karelia,2007,srp,Serbian,11
North Karelia,2007,swe,Swedish,84
North Karelia,2007,tha,Thai,26
North Karelia,2007,tur,Turkish,13
North Karelia,2007,vie,Vietnamese,76
North Karelia,2008,als,Albanian,21
North Karelia,2008,arb,Arabic,37
North Karelia,2008,ben,"Bengali, (Bangla)",35
North Karelia,2008,cmn,Chinese,34
North Karelia,2008,deu,German,94
North Karelia,2008,ekk,Estonian,122
North Karelia,2008,eng,English,67
North Karelia,2008,fin,Finnish,166683
North Karelia,2008,fra,French,22
North Karelia,2008,ita,Italian,11
North Karelia,2008,nld,Dutch,14
North Karelia,2008,npi,Nepali,10
North Karelia,2008,pol,Polish,16
North Karelia,2008,ron,Romanian,12
North Karelia,2008,rus,Russian,2092
North Karelia,2008,som,Somali,128
North Karelia,2008,spa,Spanish,25
North Karelia,2008,srp,Serbian,11
North Karelia,2008,swe,Swedish,85
North Karelia,2008,tha,Thai,38
North Karelia,2008,tur,Turkish,12
North Karelia,2008,vie,Vietnamese,74
North Karelia,2009,als,Albanian,13
North Karelia,2009,arb,Arabic,38
North Karelia,2009,ben,"Bengali, (Bangla)",50
North Karelia,2009,ckb,Kurdish,35
North Karelia,2009,cmn,Chinese,40
North Karelia,2009,deu,German,100
North Karelia,2009,ekk,Estonian,134
North Karelia,2009,eng,English,68
North Karelia,2009,fin,Finnish,166103
North Karelia,2009,fra,French,21
North Karelia,2009,ita,Italian,12
North Karelia,2009,nld,Dutch,13
North Karelia,2009,npi,Nepali,10
North Karelia,2009,pes,"Persian, Farsi",11
North Karelia,2009,pol,Polish,17
North Karelia,2009,por,Portuguese,11
North Karelia,2009,ron,Romanian,12
North Karelia,2009,rus,Russian,2213
North Karelia,2009,som,Somali,184
North Karelia,2009,spa,Spanish,26
North Karelia,2009,srp,Serbian,11
North Karelia,2009,swe,Swedish,92
North Karelia,2009,tha,Thai,50
North Karelia,2009,tur,Turkish,39
North Karelia,2009,vie,Vietnamese,70
North Karelia,2010,als,Albanian,13
North Karelia,2010,arb,Arabic,46
North Karelia,2010,ben,"Bengali, (Bangla)",60
North Karelia,2010,ckb,Kurdish,50
North Karelia,2010,cmn,Chinese,45
North Karelia,2010,deu,German,118
North Karelia,2010,ekk,Estonian,133
North Karelia,2010,eng,English,87
North Karelia,2010,fin,Finnish,165626
North Karelia,2010,fra,French,21
North Karelia,2010,hun,Hungarian,10
North Karelia,2010,ita,Italian,12
North Karelia,2010,nld,Dutch,13
North Karelia,2010,npi,Nepali,10
North Karelia,2010,pes,"Persian, Farsi",12
North Karelia,2010,pol,Polish,17
North Karelia,2010,ron,Romanian,14
North Karelia,2010,rus,Russian,2315
North Karelia,2010,som,Somali,290
North Karelia,2010,spa,Spanish,27
North Karelia,2010,srp,Serbian,11
North Karelia,2010,swe,Swedish,107
North Karelia,2010,tha,Thai,81
North Karelia,2010,tur,Turkish,38
North Karelia,2010,vie,Vietnamese,67
North Karelia,2011,als,Albanian,17
North Karelia,2011,arb,Arabic,51
North Karelia,2011,ben,"Bengali, (Bangla)",63
North Karelia,2011,ckb,Kurdish,53
North Karelia,2011,cmn,Chinese,51
North Karelia,2011,deu,German,109
North Karelia,2011,ekk,Estonian,170
North Karelia,2011,ell,Greek (modern),10
North Karelia,2011,eng,English,98
North Karelia,2011,fin,Finnish,165202
North Karelia,2011,fra,French,23
North Karelia,2011,hun,Hungarian,10
North Karelia,2011,ita,Italian,12
North Karelia,2011,nld,Dutch,14
North Karelia,2011,npi,Nepali,14
North Karelia,2011,pes,"Persian, Farsi",11
North Karelia,2011,pol,Polish,23
North Karelia,2011,por,Portuguese,11
North Karelia,2011,ron,Romanian,15
North Karelia,2011,rus,Russian,2445
North Karelia,2011,som,Somali,406
North Karelia,2011,spa,Spanish,32
North Karelia,2011,srp,Serbian,11
North Karelia,2011,swe,Swedish,105
North Karelia,2011,tha,Thai,81
North Karelia,2011,tur,Turkish,25
North Karelia,2011,vie,Vietnamese,68
North Karelia,2012,als,Albanian,21
North Karelia,2012,arb,Arabic,44
North Karelia,2012,ben,"Bengali, (Bangla)",77
North Karelia,2012,ckb,Kurdish,67
North Karelia,2012,cmn,Chinese,63
North Karelia,2012,deu,German,111
North Karelia,2012,ekk,Estonian,205
North Karelia,2012,ell,Greek (modern),10
North Karelia,2012,eng,English,104
North Karelia,2012,fin,Finnish,164619
North Karelia,2012,fra,French,24
North Karelia,2012,hun,Hungarian,15
North Karelia,2012,ita,Italian,14
North Karelia,2012,nld,Dutch,14
North Karelia,2012,npi,Nepali,20
North Karelia,2012,pes,"Persian, Farsi",22
North Karelia,2012,pol,Polish,45
North Karelia,2012,por,Portuguese,10
North Karelia,2012,ron,Romanian,18
North Karelia,2012,rus,Russian,2570
North Karelia,2012,som,Somali,440
North Karelia,2012,spa,Spanish,41
North Karelia,2012,swe,Swedish,99
North Karelia,2012,tha,Thai,99
North Karelia,2012,tur,Turkish,36
North Karelia,2012,vie,Vietnamese,63
North Karelia,2013,als,Albanian,23
North Karelia,2013,arb,Arabic,47
North Karelia,2013,ben,"Bengali, (Bangla)",86
North Karelia,2013,ckb,Kurdish,61
North Karelia,2013,cmn,Chinese,74
North Karelia,2013,deu,German,109
North Karelia,2013,ekk,Estonian,202
North Karelia,2013,ell,Greek (modern),11
North Karelia,2013,eng,English,134
North Karelia,2013,fin,Finnish,163805
North Karelia,2013,fra,French,25
North Karelia,2013,hun,Hungarian,28
North Karelia,2013,ita,Italian,16
North Karelia,2013,jpn,Japanese,10
North Karelia,2013,nld,Dutch,13
North Karelia,2013,npi,Nepali,21
North Karelia,2013,pes,"Persian, Farsi",31
North Karelia,2013,pol,Polish,52
North Karelia,2013,ron,Romanian,18
North Karelia,2013,rus,Russian,2760
North Karelia,2013,som,Somali,522
North Karelia,2013,spa,Spanish,52
North Karelia,2013,swe,Swedish,76
North Karelia,2013,swh,Swahili,11
North Karelia,2013,tha,Thai,116
North Karelia,2013,tur,Turkish,51
North Karelia,2013,urd,Urdu,13
North Karelia,2013,vie,Vietnamese,64
North Karelia,2014,als,Albanian,32
North Karelia,2014,arb,Arabic,62
North Karelia,2014,ben,"Bengali, (Bangla)",92
North Karelia,2014,ckb,Kurdish,68
North Karelia,2014,cmn,Chinese,92
North Karelia,2014,deu,German,109
North Karelia,2014,ekk,Estonian,216
North Karelia,2014,ell,Greek (modern),12
North Karelia,2014,eng,English,147
North Karelia,2014,fin,Finnish,163234
North Karelia,2014,fra,French,27
North Karelia,2014,hun,Hungarian,20
North Karelia,2014,ita,Italian,32
North Karelia,2014,jpn,Japanese,15
North Karelia,2014,mal,Malayalam,11
North Karelia,2014,nld,Dutch,14
North Karelia,2014,npi,Nepali,22
North Karelia,2014,pes,"Persian, Farsi",28
North Karelia,2014,pol,Polish,50
North Karelia,2014,ron,Romanian,19
North Karelia,2014,rus,Russian,2902
North Karelia,2014,som,Somali,555
North Karelia,2014,spa,Spanish,69
North Karelia,2014,swe,Swedish,86
North Karelia,2014,swh,Swahili,12
North Karelia,2014,tha,Thai,123
North Karelia,2014,tur,Turkish,45
North Karelia,2014,urd,Urdu,16
North Karelia,2014,vie,Vietnamese,66
North Karelia,2015,als,Albanian,39
North Karelia,2015,arb,Arabic,88
North Karelia,2015,ben,"Bengali, (Bangla)",105
North Karelia,2015,ckb,Kurdish,73
North Karelia,2015,cmn,Chinese,95
North Karelia,2015,deu,German,117
North Karelia,2015,ekk,Estonian,202
North Karelia,2015,ell,Greek (modern),13
North Karelia,2015,eng,English,169
North Karelia,2015,fin,Finnish,162601
North Karelia,2015,fra,French,25
North Karelia,2015,hun,Hungarian,20
North Karelia,2015,ibo,Igbo,10
North Karelia,2015,ita,Italian,43
North Karelia,2015,jpn,Japanese,17
North Karelia,2015,mal,Malayalam,11
North Karelia,2015,nld,Dutch,16
North Karelia,2015,npi,Nepali,32
North Karelia,2015,pes,"Persian, Farsi",28
North Karelia,2015,pol,Polish,53
North Karelia,2015,ron,Romanian,20
North Karelia,2015,rus,Russian,3002
North Karelia,2015,som,Somali,394
North Karelia,2015,spa,Spanish,76
North Karelia,2015,swe,Swedish,97
North Karelia,2015,swh,Swahili,14
North Karelia,2015,tha,Thai,131
North Karelia,2015,tur,Turkish,35
North Karelia,2015,urd,Urdu,24
North Karelia,2015,vie,Vietnamese,66
North Karelia,2016,aka,Akan,11
North Karelia,2016,als,Albanian,40
North Karelia,2016,arb,Arabic,219
North Karelia,2016,ben,"Bengali, (Bangla)",129
North Karelia,2016,ckb,Kurdish,88
North Karelia,2016,cmn,Chinese,84
North Karelia,2016,deu,German,113
North Karelia,2016,ekk,Estonian,201
North Karelia,2016,ell,Greek (modern),11
North Karelia,2016,eng,English,179
North Karelia,2016,fin,Finnish,161495
North Karelia,2016,fra,French,26
North Karelia,2016,hun,Hungarian,20
North Karelia,2016,ibo,Igbo,11
North Karelia,2016,ita,Italian,49
North Karelia,2016,jpn,Japanese,13
North Karelia,2016,mal,Malayalam,13
North Karelia,2016,nld,Dutch,18
North Karelia,2016,npi,Nepali,25
North Karelia,2016,pes,"Persian, Farsi",71
North Karelia,2016,pol,Polish,51
North Karelia,2016,ron,Romanian,18
North Karelia,2016,rus,Russian,3187
North Karelia,2016,som,Somali,292
North Karelia,2016,spa,Spanish,77
North Karelia,2016,srp,Serbian,16
North Karelia,2016,swe,Swedish,99
North Karelia,2016,swh,Swahili,15
North Karelia,2016,tam,Tamil,11
North Karelia,2016,tgl,Tagalog,12
North Karelia,2016,tha,Thai,134
North Karelia,2016,tur,Turkish,46
North Karelia,2016,urd,Urdu,30
North Karelia,2016,vie,Vietnamese,68
North Karelia,2016,yor,Yoruba,17
North Karelia,2017,als,Albanian,48
North Karelia,2017,arb,Arabic,277
North Karelia,2017,ben,"Bengali, (Bangla)",125
North Karelia,2017,ckb,Kurdish,115
North Karelia,2017,cmn,Chinese,70
North Karelia,2017,deu,German,100
North Karelia,2017,ekk,Estonian,193
North Karelia,2017,ell,Greek (modern),11
North Karelia,2017,eng,English,186
North Karelia,2017,fin,Finnish,160207
North Karelia,2017,fra,French,24
North Karelia,2017,hun,Hungarian,18
North Karelia,2017,ita,Italian,50
North Karelia,2017,mal,Malayalam,14
North Karelia,2017,ndo,Ndonga,14
North Karelia,2017,nld,Dutch,19
North Karelia,2017,npi,Nepali,22
North Karelia,2017,pes,"Persian, Farsi",71
North Karelia,2017,pol,Polish,50
North Karelia,2017,por,Portuguese,12
North Karelia,2017,ron,Romanian,20
North Karelia,2017,rus,Russian,3229
North Karelia,2017,som,Somali,237
North Karelia,2017,spa,Spanish,74
North Karelia,2017,srp,Serbian,16
North Karelia,2017,swe,Swedish,109
North Karelia,2017,swh,Swahili,16
North Karelia,2017,tgl,Tagalog,15
North Karelia,2017,tha,Thai,133
North Karelia,2017,tir,Tigrinya,10
North Karelia,2017,tur,Turkish,55
North Karelia,2017,urd,Urdu,30
North Karelia,2017,vie,Vietnamese,84
North Karelia,2017,yor,Yoruba,20
North Karelia,2018,als,Albanian,50
North Karelia,2018,arb,Arabic,217
North Karelia,2018,azj,Azerbaijani,10
North Karelia,2018,ben,"Bengali, (Bangla)",135
North Karelia,2018,ckb,Kurdish,119
North Karelia,2018,cmn,Chinese,58
North Karelia,2018,deu,German,104
North Karelia,2018,ekk,Estonian,186
North Karelia,2018,ell,Greek (modern),11
North Karelia,2018,eng,English,187
North Karelia,2018,fin,Finnish,159308
North Karelia,2018,fra,French,25
North Karelia,2018,hun,Hungarian,18
North Karelia,2018,ita,Italian,45
North Karelia,2018,jpn,Japanese,10
North Karelia,2018,mal,Malayalam,11
North Karelia,2018,ndo,Ndonga,14
North Karelia,2018,nld,Dutch,18
North Karelia,2018,npi,Nepali,23
North Karelia,2018,pes,"Persian, Farsi",71
North Karelia,2018,pol,Polish,47
North Karelia,2018,por,Portuguese,13
North Karelia,2018,ron,Romanian,18
North Karelia,2018,rus,Russian,3334
North Karelia,2018,som,Somali,191
North Karelia,2018,spa,Spanish,76
North Karelia,2018,srp,Serbian,15
North Karelia,2018,swe,Swedish,113
North Karelia,2018,swh,Swahili,13
North Karelia,2018,tgl,Tagalog,15
North Karelia,2018,tha,Thai,135
North Karelia,2018,tir,Tigrinya,29
North Karelia,2018,tur,Turkish,70
North Karelia,2018,ukr,Ukrainian,10
North Karelia,2018,urd,Urdu,36
North Karelia,2018,vie,Vietnamese,80
North Karelia,2018,yor,Yoruba,16
North Karelia,2019,als,Albanian,51
North Karelia,2019,arb,Arabic,241
North Karelia,2019,azj,Azerbaijani,12
North Karelia,2019,ben,"Bengali, (Bangla)",137
North Karelia,2019,ckb,Kurdish,128
North Karelia,2019,cmn,Chinese,71
North Karelia,2019,deu,German,116
North Karelia,2019,ekk,Estonian,188
North Karelia,2019,ell,Greek (modern),13
North Karelia,2019,eng,English,185
North Karelia,2019,fin,Finnish,157983
North Karelia,2019,fra,French,33
North Karelia,2019,hun,Hungarian,18
North Karelia,2019,ita,Italian,47
North Karelia,2019,jpn,Japanese,10
North Karelia,2019,mal,Malayalam,12
North Karelia,2019,ndo,Ndonga,13
North Karelia,2019,nld,Dutch,19
North Karelia,2019,npi,Nepali,23
North Karelia,2019,pes,"Persian, Farsi",58
North Karelia,2019,pol,Polish,59
North Karelia,2019,por,Portuguese,20
North Karelia,2019,ron,Romanian,18
North Karelia,2019,rus,Russian,3464
North Karelia,2019,som,Somali,106
North Karelia,2019,spa,Spanish,71
North Karelia,2019,srp,Serbian,16
North Karelia,2019,swe,Swedish,99
North Karelia,2019,swh,Swahili,12
North Karelia,2019,tam,Tamil,10
North Karelia,2019,tgl,Tagalog,18
North Karelia,2019,tha,Thai,168
North Karelia,2019,tir,Tigrinya,38
North Karelia,2019,tur,Turkish,96
North Karelia,2019,ukr,Ukrainian,22
North Karelia,2019,urd,Urdu,44
North Karelia,2019,vie,Vietnamese,87
North Karelia,2019,yor,Yoruba,14
North Karelia,2020,aka,Akan,10
North Karelia,2020,als,Albanian,54
North Karelia,2020,arb,Arabic,268
North Karelia,2020,azj,Azerbaijani,11
North Karelia,2020,ben,"Bengali, (Bangla)",135
North Karelia,2020,ckb,Kurdish,119
North Karelia,2020,cmn,Chinese,80
North Karelia,2020,deu,German,119
North Karelia,2020,ekk,Estonian,191
North Karelia,2020,ell,Greek (modern),13
North Karelia,2020,eng,English,207
North Karelia,2020,fin,Finnish,156829
North Karelia,2020,fra,French,32
North Karelia,2020,hin,Hindi,11
North Karelia,2020,hun,Hungarian,19
North Karelia,2020,ind,Indonesian,12
North Karelia,2020,ita,Italian,48
North Karelia,2020,jpn,Japanese,11
North Karelia,2020,mal,Malayalam,12
North Karelia,2020,ndo,Ndonga,13
North Karelia,2020,nld,Dutch,22
North Karelia,2020,npi,Nepali,15
North Karelia,2020,pes,"Persian, Farsi",61
North Karelia,2020,pol,Polish,48
North Karelia,2020,por,Portuguese,24
North Karelia,2020,ron,Romanian,17
North Karelia,2020,rus,Russian,3630
North Karelia,2020,som,Somali,99
North Karelia,2020,spa,Spanish,76
North Karelia,2020,srp,Serbian,16
North Karelia,2020,swe,Swedish,101
North Karelia,2020,swh,Swahili,10
North Karelia,2020,tgl,Tagalog,17
North Karelia,2020,tha,Thai,187
North Karelia,2020,tir,Tigrinya,37
North Karelia,2020,tur,Turkish,87
North Karelia,2020,ukr,Ukrainian,27
North Karelia,2020,urd,Urdu,32
North Karelia,2020,vie,Vietnamese,84
North Karelia,2020,yor,Yoruba,23
North Karelia,2021,aka,Akan,20
North Karelia,2021,als,Albanian,47
North Karelia,2021,arb,Arabic,277
North Karelia,2021,azj,Azerbaijani,10
North Karelia,2021,ben,"Bengali, (Bangla)",136
North Karelia,2021,ckb,Kurdish,117
North Karelia,2021,cmn,Chinese,115
North Karelia,2021,deu,German,123
North Karelia,2021,ekk,Estonian,194
North Karelia,2021,ell,Greek (modern),13
North Karelia,2021,eng,English,238
North Karelia,2021,fin,Finnish,156004
North Karelia,2021,fra,French,37
North Karelia,2021,hin,Hindi,12
North Karelia,2021,hun,Hungarian,19
North Karelia,2021,ibo,Igbo,13
North Karelia,2021,ind,Indonesian,17
North Karelia,2021,ita,Italian,50
North Karelia,2021,jpn,Japanese,12
North Karelia,2021,kor,Korean,10
North Karelia,2021,mal,Malayalam,12
North Karelia,2021,ndo,Ndonga,13
North Karelia,2021,nld,Dutch,21
North Karelia,2021,npi,Nepali,25
North Karelia,2021,pes,"Persian, Farsi",68
North Karelia,2021,pol,Polish,58
North Karelia,2021,por,Portuguese,27
North Karelia,2021,ron,Romanian,20
North Karelia,2021,rus,Russian,3949
North Karelia,2021,som,Somali,100
North Karelia,2021,spa,Spanish,77
North Karelia,2021,srp,Serbian,16
North Karelia,2021,swe,Swedish,102
North Karelia,2021,swh,Swahili,10
North Karelia,2021,tgl,Tagalog,26
North Karelia,2021,tha,Thai,188
North Karelia,2021,tir,Tigrinya,41
North Karelia,2021,tur,Turkish,89
North Karelia,2021,ukr,Ukrainian,33
North Karelia,2021,urd,Urdu,38
North Karelia,2021,vie,Vietnamese,81
North Karelia,2021,yor,Yoruba,27
North Karelia,2022,aka,Akan,10
North Karelia,2022,als,Albanian,46
North Karelia,2022,arb,Arabic,341
North Karelia,2022,azj,Azerbaijani,10
North Karelia,2022,ben,"Bengali, (Bangla)",181
North Karelia,2022,ckb,Kurdish,118
North Karelia,2022,cmn,Chinese,130
North Karelia,2022,deu,German,140
North Karelia,2022,ekk,Estonian,206
North Karelia,2022,ell,Greek (modern),16
North Karelia,2022,eng,English,278
North Karelia,2022,fin,Finnish,154480
North Karelia,2022,fra,French,33
North Karelia,2022,hin,Hindi,10
North Karelia,2022,hun,Hungarian,19
North Karelia,2022,ibo,Igbo,17
North Karelia,2022,ind,Indonesian,17
North Karelia,2022,ita,Italian,49
North Karelia,2022,jpn,Japanese,19
North Karelia,2022,mal,Malayalam,10
North Karelia,2022,mya,Burmese,26
North Karelia,2022,ndo,Ndonga,12
North Karelia,2022,nld,Dutch,27
North Karelia,2022,npi,Nepali,33
North Karelia,2022,pes,"Persian, Farsi",77
North Karelia,2022,pol,Polish,51
North Karelia,2022,por,Portuguese,30
North Karelia,2022,pst,Pushto,10
North Karelia,2022,ron,Romanian,26
North Karelia,2022,rus,Russian,4335
North Karelia,2022,sin,Sinhala,24
North Karelia,2022,som,Somali,95
North Karelia,2022,spa,Spanish,84
North Karelia,2022,srp,Serbian,17
North Karelia,2022,swe,Swedish,128
North Karelia,2022,swh,Swahili,13
North Karelia,2022,tam,Tamil,10
North Karelia,2022,tgl,Tagalog,40
North Karelia,2022,tha,Thai,188
North Karelia,2022,tir,Tigrinya,34
North Karelia,2022,tur,Turkish,99
North Karelia,2022,ukr,Ukrainian,40
North Karelia,2022,urd,Urdu,69
North Karelia,2022,vie,Vietnamese,83
North Karelia,2022,yor,Yoruba,32
North Karelia,2023,aka,Akan,30
North Karelia,2023,als,Albanian,42
North Karelia,2023,amh,Amharic,14
North Karelia,2023,arb,Arabic,422
North Karelia,2023,ben,"Bengali, (Bangla)",211
North Karelia,2023,ckb,Kurdish,109
North Karelia,2023,cmn,Chinese,157
North Karelia,2023,deu,German,152
North Karelia,2023,ekk,Estonian,186
North Karelia,2023,ell,Greek (modern),22
North Karelia,2023,eng,English,394
North Karelia,2023,fin,Finnish,152848
North Karelia,2023,fra,French,39
North Karelia,2023,hin,Hindi,13
North Karelia,2023,hun,Hungarian,22
North Karelia,2023,ibo,Igbo,20
North Karelia,2023,ind,Indonesian,11
North Karelia,2023,ita,Italian,52
North Karelia,2023,jpn,Japanese,25
North Karelia,2023,mya,Burmese,91
North Karelia,2023,ndo,Ndonga,12
North Karelia,2023,nld,Dutch,22
North Karelia,2023,npi,Nepali,47
North Karelia,2023,pan,Panjabi,12
North Karelia,2023,pes,"Persian, Farsi",108
North Karelia,2023,pol,Polish,51
North Karelia,2023,por,Portuguese,31
North Karelia,2023,ron,Romanian,22
North Karelia,2023,rus,Russian,4596
North Karelia,2023,sin,Sinhala,66
North Karelia,2023,som,Somali,78
North Karelia,2023,spa,Spanish,99
North Karelia,2023,srp,Serbian,20
North Karelia,2023,swe,Swedish,95
North Karelia,2023,swh,Swahili,13
North Karelia,2023,tam,Tamil,14
North Karelia,2023,tgl,Tagalog,55
North Karelia,2023,tha,Thai,194
North Karelia,2023,tir,Tigrinya,30
North Karelia,2023,tur,Turkish,110
North Karelia,2023,ukr,Ukrainian,586
North Karelia,2023,urd,Urdu,101
North Karelia,2023,vie,Vietnamese,105
North Karelia,2023,yor,Yoruba,39
North Karelia,2024,aka,Akan,38
North Karelia,2024,als,Albanian,67
North Karelia,2024,amh,Amharic,22
North Karelia,2024,arb,Arabic,425
North Karelia,2024,ben,"Bengali, (Bangla)",242
North Karelia,2024,ces,Czech,11
North Karelia,2024,ckb,Kurdish,108
North Karelia,2024,cmn,Chinese,194
North Karelia,2024,deu,German,145
North Karelia,2024,ekk,Estonian,186
North Karelia,2024,ell,Greek (modern),25
North Karelia,2024,eng,English,445
North Karelia,2024,fin,Finnish,151254
North Karelia,2024,fra,French,42
North Karelia,2024,hin,Hindi,81
North Karelia,2024,hun,Hungarian,24
North Karelia,2024,ibo,Igbo,27
North Karelia,2024,ind,Indonesian,11
North Karelia,2024,ita,Italian,54
North Karelia,2024,jpn,Japanese,34
North Karelia,2024,mal,Malayalam,17
North Karelia,2024,mya,Burmese,182
North Karelia,2024,ndo,Ndonga,13
North Karelia,2024,nld,Dutch,22
North Karelia,2024,npi,Nepali,77
North Karelia,2024,pan,Panjabi,52
North Karelia,2024,pes,"Persian, Farsi",104
North Karelia,2024,pol,Polish,54
North Karelia,2024,por,Portuguese,32
North Karelia,2024,pst,Pushto,14
North Karelia,2024,ron,Romanian,23
North Karelia,2024,rus,Russian,4570
North Karelia,2024,sin,Sinhala,133
North Karelia,2024,snd,Sindhi,10
North Karelia,2024,som,Somali,74
North Karelia,2024,spa,Spanish,102
North Karelia,2024,srp,Serbian,21
North Karelia,2024,swe,Swedish,121
North Karelia,2024,swh,Swahili,16
North Karelia,2024,tam,Tamil,10
North Karelia,2024,tgl,Tagalog,114
North Karelia,2024,tha,Thai,213
North Karelia,2024,tir,Tigrinya,17
North Karelia,2024,tur,Turkish,136
North Karelia,2024,ukr,Ukrainian,1057
North Karelia,2024,urd,Urdu,156
North Karelia,2024,vie,Vietnamese,177
North Karelia,2024,yor,Yoruba,54
North Karelia,2025,aka,Akan,32
North Karelia,2025,als,Albanian,54
North Karelia,2025,amh,Amharic,41
North Karelia,2025,arb,Arabic,400
North Karelia,2025,ben,"Bengali, (Bangla)",283
North Karelia,2025,ces,Czech,11
North Karelia,2025,ckb,Kurdish,122
North Karelia,2025,cmn,Chinese,213
North Karelia,2025,deu,German,145
North Karelia,2025,ekk,Estonian,183
North Karelia,2025,ell,Greek (modern),22
North Karelia,2025,eng,English,474
North Karelia,2025,fin,Finnish,149779
North Karelia,2025,fra,French,44
North Karelia,2025,guj,Gujarati,11
North Karelia,2025,hin,Hindi,116
North Karelia,2025,hun,Hungarian,28
North Karelia,2025,ibo,Igbo,37
North Karelia,2025,ind,Indonesian,14
North Karelia,2025,ita,Italian,58
North Karelia,2025,jpn,Japanese,35
North Karelia,2025,kin,Kinyarwanda,15
North Karelia,2025,kor,Korean,12
North Karelia,2025,mal,Malayalam,21
North Karelia,2025,mya,Burmese,216
North Karelia,2025,ndo,Ndonga,12
North Karelia,2025,nld,Dutch,26
North Karelia,2025,npi,Nepali,284
North Karelia,2025,pan,Panjabi,63
North Karelia,2025,pes,"Persian, Farsi",139
North Karelia,2025,pol,Polish,55
North Karelia,2025,por,Portuguese,30
North Karelia,2025,pst,Pushto,21
North Karelia,2025,ron,Romanian,24
North Karelia,2025,rus,Russian,4445
North Karelia,2025,sin,Sinhala,201
North Karelia,2025,som,Somali,73
North Karelia,2025,spa,Spanish,111
North Karelia,2025,srp,Serbian,21
North Karelia,2025,swe,Swedish,92
North Karelia,2025,swh,Swahili,22
North Karelia,2025,tam,Tamil,11
North Karelia,2025,tgl,Tagalog,107
North Karelia,2025,tha,Thai,212
North Karelia,2025,tir,Tigrinya,17
North Karelia,2025,tur,Turkish,153
North Karelia,2025,ukr,Ukrainian,1255
North Karelia,2025,urd,Urdu,192
North Karelia,2025,uzn,Uzbek,14
North Karelia,2025,vie,Vietnamese,207
North Karelia,2025,yor,Yoruba,66
North Ostrobothnia,1990,arb,Arabic,18
North Ostrobothnia,1990,cmn,Chinese,18
North Ostrobothnia,1990,deu,German,52
North Ostrobothnia,1990,ekk,Estonian,22
North Ostrobothnia,1990,eng,English,87
North Ostrobothnia,1990,fin,Finnish,349567
North Ostrobothnia,1990,hun,Hungarian,10
North Ostrobothnia,1990,ita,Italian,20
North Ostrobothnia,1990,pes,"Persian, Farsi",15
North Ostrobothnia,1990,pol,Polish,37
North Ostrobothnia,1990,rus,Russian,36
North Ostrobothnia,1990,sme,Sami,18
North Ostrobothnia,1990,swe,Swedish,360
North Ostrobothnia,1990,tur,Turkish,10
North Ostrobothnia,1990,vie,Vietnamese,115
North Ostrobothnia,1991,arb,Arabic,29
North Ostrobothnia,1991,ben,"Bengali, (Bangla)",10
North Ostrobothnia,1991,cmn,Chinese,38
North Ostrobothnia,1991,deu,German,49
North Ostrobothnia,1991,ekk,Estonian,51
North Ostrobothnia,1991,eng,English,79
North Ostrobothnia,1991,fin,Finnish,352514
North Ostrobothnia,1991,fra,French,10
North Ostrobothnia,1991,hun,Hungarian,10
North Ostrobothnia,1991,ita,Italian,20
North Ostrobothnia,1991,pes,"Persian, Farsi",16
North Ostrobothnia,1991,pol,Polish,39
North Ostrobothnia,1991,rus,Russian,136
North Ostrobothnia,1991,sme,Sami,20
North Ostrobothnia,1991,som,Somali,47
North Ostrobothnia,1991,spa,Spanish,11
North Ostrobothnia,1991,swe,Swedish,366
North Ostrobothnia,1991,tur,Turkish,23
North Ostrobothnia,1991,vie,Vietnamese,120
North Ostrobothnia,1992,amh,Amharic,10
North Ostrobothnia,1992,arb,Arabic,42
North Ostrobothnia,1992,ben,"Bengali, (Bangla)",20
North Ostrobothnia,1992,ckb,Kurdish,25
North Ostrobothnia,1992,cmn,Chinese,55
North Ostrobothnia,1992,deu,German,54
North Ostrobothnia,1992,ekk,Estonian,90
North Ostrobothnia,1992,eng,English,87
North Ostrobothnia,1992,fin,Finnish,355191
North Ostrobothnia,1992,fra,French,14
North Ostrobothnia,1992,hun,Hungarian,10
North Ostrobothnia,1992,ita,Italian,22
North Ostrobothnia,1992,nor,Norwegian,11
North Ostrobothnia,1992,pes,"Persian, Farsi",16
North Ostrobothnia,1992,pol,Polish,42
North Ostrobothnia,1992,rus,Russian,200
North Ostrobothnia,1992,sme,Sami,20
North Ostrobothnia,1992,som,Somali,45
North Ostrobothnia,1992,spa,Spanish,15
North Ostrobothnia,1992,swe,Swedish,374
North Ostrobothnia,1992,tur,Turkish,23
North Ostrobothnia,1992,vie,Vietnamese,131
North Ostrobothnia,1993,als,Albanian,86
North Ostrobothnia,1993,amh,Amharic,11
North Ostrobothnia,1993,arb,Arabic,41
North Ostrobothnia,1993,ben,"Bengali, (Bangla)",27
North Ostrobothnia,1993,ckb,Kurdish,29
North Ostrobothnia,1993,cmn,Chinese,74
North Ostrobothnia,1993,deu,German,49
North Ostrobothnia,1993,ekk,Estonian,101
North Ostrobothnia,1993,eng,English,106
North Ostrobothnia,1993,fin,Finnish,357271
North Ostrobothnia,1993,fra,French,15
North Ostrobothnia,1993,hun,Hungarian,11
North Ostrobothnia,1993,ita,Italian,23
North Ostrobothnia,1993,pes,"Persian, Farsi",12
North Ostrobothnia,1993,pol,Polish,39
North Ostrobothnia,1993,rus,Russian,249
North Ostrobothnia,1993,sme,Sami,24
North Ostrobothnia,1993,som,Somali,31
North Ostrobothnia,1993,spa,Spanish,18
North Ostrobothnia,1993,srp,Serbian,36
North Ostrobothnia,1993,swe,Swedish,359
North Ostrobothnia,1993,tur,Turkish,29
North Ostrobothnia,1993,vie,Vietnamese,156
North Ostrobothnia,1994,als,Albanian,79
North Ostrobothnia,1994,amh,Amharic,12
North Ostrobothnia,1994,arb,Arabic,56
North Ostrobothnia,1994,ben,"Bengali, (Bangla)",31
North Ostrobothnia,1994,ckb,Kurdish,32
North Ostrobothnia,1994,cmn,Chinese,81
North Ostrobothnia,1994,deu,German,48
North Ostrobothnia,1994,ekk,Estonian,110
North Ostrobothnia,1994,eng,English,122
North Ostrobothnia,1994,fin,Finnish,359449
North Ostrobothnia,1994,fra,French,19
North Ostrobothnia,1994,ita,Italian,23
North Ostrobothnia,1994,nld,Dutch,10
North Ostrobothnia,1994,pes,"Persian, Farsi",13
North Ostrobothnia,1994,pol,Polish,29
North Ostrobothnia,1994,rus,Russian,259
North Ostrobothnia,1994,sme,Sami,25
North Ostrobothnia,1994,som,Somali,37
North Ostrobothnia,1994,spa,Spanish,21
North Ostrobothnia,1994,srp,Serbian,37
North Ostrobothnia,1994,swe,Swedish,368
North Ostrobothnia,1994,tur,Turkish,35
North Ostrobothnia,1994,vie,Vietnamese,157
North Ostrobothnia,1995,als,Albanian,72
North Ostrobothnia,1995,amh,Amharic,12
North Ostrobothnia,1995,arb,Arabic,60
North Ostrobothnia,1995,ben,"Bengali, (Bangla)",36
North Ostrobothnia,1995,ckb,Kurdish,32
North Ostrobothnia,1995,cmn,Chinese,73
North Ostrobothnia,1995,deu,German,62
North Ostrobothnia,1995,ekk,Estonian,109
North Ostrobothnia,1995,eng,English,124
North Ostrobothnia,1995,fin,Finnish,362060
North Ostrobothnia,1995,fra,French,17
North Ostrobothnia,1995,hun,Hungarian,14
North Ostrobothnia,1995,ita,Italian,24
North Ostrobothnia,1995,nld,Dutch,10
North Ostrobothnia,1995,pes,"Persian, Farsi",13
North Ostrobothnia,1995,pol,Polish,25
North Ostrobothnia,1995,rus,Russian,259
North Ostrobothnia,1995,sme,Sami,24
North Ostrobothnia,1995,som,Somali,33
North Ostrobothnia,1995,spa,Spanish,24
North Ostrobothnia,1995,srp,Serbian,54
North Ostrobothnia,1995,swe,Swedish,357
North Ostrobothnia,1995,tur,Turkish,34
North Ostrobothnia,1995,vie,Vietnamese,167
North Ostrobothnia,1996,als,Albanian,75
North Ostrobothnia,1996,amh,Amharic,13
North Ostrobothnia,1996,arb,Arabic,85
North Ostrobothnia,1996,ben,"Bengali, (Bangla)",33
North Ostrobothnia,1996,ckb,Kurdish,44
North Ostrobothnia,1996,cmn,Chinese,72
North Ostrobothnia,1996,deu,German,63
North Ostrobothnia,1996,ekk,Estonian,107
North Ostrobothnia,1996,ell,Greek (modern),12
North Ostrobothnia,1996,eng,English,143
North Ostrobothnia,1996,fin,Finnish,363729
North Ostrobothnia,1996,fra,French,17
North Ostrobothnia,1996,hun,Hungarian,14
North Ostrobothnia,1996,ita,Italian,32
North Ostrobothnia,1996,nld,Dutch,12
North Ostrobothnia,1996,pes,"Persian, Farsi",14
North Ostrobothnia,1996,pol,Polish,25
North Ostrobothnia,1996,rus,Russian,290
North Ostrobothnia,1996,sme,Sami,23
North Ostrobothnia,1996,som,Somali,48
North Ostrobothnia,1996,spa,Spanish,24
North Ostrobothnia,1996,srp,Serbian,54
North Ostrobothnia,1996,swe,Swedish,353
North Ostrobothnia,1996,tur,Turkish,33
North Ostrobothnia,1996,vie,Vietnamese,158
North Ostrobothnia,1997,als,Albanian,78
North Ostrobothnia,1997,amh,Amharic,20
North Ostrobothnia,1997,arb,Arabic,89
North Ostrobothnia,1997,ben,"Bengali, (Bangla)",30
North Ostrobothnia,1997,ckb,Kurdish,60
North Ostrobothnia,1997,cmn,Chinese,66
North Ostrobothnia,1997,deu,German,62
North Ostrobothnia,1997,ekk,Estonian,108
North Ostrobothnia,1997,ell,Greek (modern),12
North Ostrobothnia,1997,eng,English,146
North Ostrobothnia,1997,fin,Finnish,364709
North Ostrobothnia,1997,fra,French,26
North Ostrobothnia,1997,hun,Hungarian,14
North Ostrobothnia,1997,ita,Italian,36
North Ostrobothnia,1997,nld,Dutch,14
North Ostrobothnia,1997,pes,"Persian, Farsi",13
North Ostrobothnia,1997,pol,Polish,29
North Ostrobothnia,1997,rus,Russian,372
North Ostrobothnia,1997,sme,Sami,33
North Ostrobothnia,1997,som,Somali,28
North Ostrobothnia,1997,spa,Spanish,19
North Ostrobothnia,1997,srp,Serbian,54
North Ostrobothnia,1997,swe,Swedish,374
North Ostrobothnia,1997,tam,Tamil,13
North Ostrobothnia,1997,tha,Thai,15
North Ostrobothnia,1997,tur,Turkish,39
North Ostrobothnia,1997,vie,Vietnamese,155
North Ostrobothnia,1998,als,Albanian,84
North Ostrobothnia,1998,amh,Amharic,22
North Ostrobothnia,1998,arb,Arabic,91
North Ostrobothnia,1998,ben,"Bengali, (Bangla)",21
North Ostrobothnia,1998,ckb,Kurdish,56
North Ostrobothnia,1998,cmn,Chinese,89
North Ostrobothnia,1998,deu,German,67
North Ostrobothnia,1998,ekk,Estonian,90
North Ostrobothnia,1998,ell,Greek (modern),17
North Ostrobothnia,1998,eng,English,151
North Ostrobothnia,1998,fin,Finnish,365479
North Ostrobothnia,1998,fra,French,35
North Ostrobothnia,1998,ita,Italian,37
North Ostrobothnia,1998,nld,Dutch,17
North Ostrobothnia,1998,pes,"Persian, Farsi",14
North Ostrobothnia,1998,pol,Polish,25
North Ostrobothnia,1998,rus,Russian,459
North Ostrobothnia,1998,sme,Sami,37
North Ostrobothnia,1998,som,Somali,43
North Ostrobothnia,1998,spa,Spanish,21
North Ostrobothnia,1998,srp,Serbian,55
North Ostrobothnia,1998,swe,Swedish,376
North Ostrobothnia,1998,tam,Tamil,15
North Ostrobothnia,1998,tha,Thai,19
North Ostrobothnia,1998,tur,Turkish,42
North Ostrobothnia,1998,vie,Vietnamese,164
North Ostrobothnia,1999,als,Albanian,137
North Ostrobothnia,1999,amh,Amharic,26
North Ostrobothnia,1999,arb,Arabic,95
North Ostrobothnia,1999,ben,"Bengali, (Bangla)",21
North Ostrobothnia,1999,ckb,Kurdish,60
North Ostrobothnia,1999,cmn,Chinese,88
North Ostrobothnia,1999,deu,German,77
North Ostrobothnia,1999,ekk,Estonian,90
North Ostrobothnia,1999,ell,Greek (modern),18
North Ostrobothnia,1999,eng,English,168
North Ostrobothnia,1999,fin,Finnish,366698
North Ostrobothnia,1999,fra,French,43
North Ostrobothnia,1999,hun,Hungarian,10
North Ostrobothnia,1999,ita,Italian,39
North Ostrobothnia,1999,nld,Dutch,19
North Ostrobothnia,1999,pes,"Persian, Farsi",17
North Ostrobothnia,1999,pol,Polish,25
North Ostrobothnia,1999,rus,Russian,552
North Ostrobothnia,1999,sme,Sami,44
North Ostrobothnia,1999,som,Somali,44
North Ostrobothnia,1999,spa,Spanish,19
North Ostrobothnia,1999,srp,Serbian,59
North Ostrobothnia,1999,swe,Swedish,382
North Ostrobothnia,1999,tam,Tamil,19
North Ostrobothnia,1999,tha,Thai,20
North Ostrobothnia,1999,tur,Turkish,41
North Ostrobothnia,1999,vie,Vietnamese,162
North Ostrobothnia,2000,als,Albanian,152
North Ostrobothnia,2000,amh,Amharic,21
North Ostrobothnia,2000,arb,Arabic,101
North Ostrobothnia,2000,ben,"Bengali, (Bangla)",28
North Ostrobothnia,2000,ckb,Kurdish,73
North Ostrobothnia,2000,cmn,Chinese,80
North Ostrobothnia,2000,deu,German,78
North Ostrobothnia,2000,ekk,Estonian,120
North Ostrobothnia,2000,ell,Greek (modern),20
North Ostrobothnia,2000,eng,English,196
North Ostrobothnia,2000,fin,Finnish,369266
North Ostrobothnia,2000,fra,French,42
North Ostrobothnia,2000,hun,Hungarian,10
North Ostrobothnia,2000,ita,Italian,43
North Ostrobothnia,2000,jpn,Japanese,11
North Ostrobothnia,2000,nld,Dutch,21
North Ostrobothnia,2000,pes,"Persian, Farsi",17
North Ostrobothnia,2000,pol,Polish,26
North Ostrobothnia,2000,rus,Russian,674
North Ostrobothnia,2000,sme,Sami,47
North Ostrobothnia,2000,som,Somali,41
North Ostrobothnia,2000,spa,Spanish,17
North Ostrobothnia,2000,srp,Serbian,63
North Ostrobothnia,2000,swe,Swedish,425
North Ostrobothnia,2000,tam,Tamil,23
North Ostrobothnia,2000,tha,Thai,29
North Ostrobothnia,2000,tur,Turkish,51
North Ostrobothnia,2000,vie,Vietnamese,155
North Ostrobothnia,2001,als,Albanian,217
North Ostrobothnia,2001,amh,Amharic,23
North Ostrobothnia,2001,arb,Arabic,96
North Ostrobothnia,2001,ben,"Bengali, (Bangla)",28
North Ostrobothnia,2001,ckb,Kurdish,72
North Ostrobothnia,2001,cmn,Chinese,103
North Ostrobothnia,2001,deu,German,97
North Ostrobothnia,2001,ekk,Estonian,104
North Ostrobothnia,2001,ell,Greek (modern),20
North Ostrobothnia,2001,eng,English,202
North Ostrobothnia,2001,fin,Finnish,371486
North Ostrobothnia,2001,fra,French,34
North Ostrobothnia,2001,hun,Hungarian,15
North Ostrobothnia,2001,ita,Italian,49
North Ostrobothnia,2001,jpn,Japanese,13
North Ostrobothnia,2001,nld,Dutch,25
North Ostrobothnia,2001,pes,"Persian, Farsi",18
North Ostrobothnia,2001,pol,Polish,31
North Ostrobothnia,2001,ron,Romanian,14
North Ostrobothnia,2001,rus,Russian,763
North Ostrobothnia,2001,sme,Sami,60
North Ostrobothnia,2001,som,Somali,25
North Ostrobothnia,2001,spa,Spanish,34
North Ostrobothnia,2001,srp,Serbian,66
North Ostrobothnia,2001,swe,Swedish,397
North Ostrobothnia,2001,tam,Tamil,24
North Ostrobothnia,2001,tha,Thai,38
North Ostrobothnia,2001,tur,Turkish,68
North Ostrobothnia,2001,vie,Vietnamese,163
North Ostrobothnia,2002,als,Albanian,215
North Ostrobothnia,2002,amh,Amharic,23
North Ostrobothnia,2002,arb,Arabic,115
North Ostrobothnia,2002,ben,"Bengali, (Bangla)",25
North Ostrobothnia,2002,bos,Bosnian,40
North Ostrobothnia,2002,bul,Bulgarian,10
North Ostrobothnia,2002,ckb,Kurdish,77
North Ostrobothnia,2002,cmn,Chinese,116
North Ostrobothnia,2002,deu,German,103
North Ostrobothnia,2002,ekk,Estonian,112
North Ostrobothnia,2002,ell,Greek (modern),22
North Ostrobothnia,2002,eng,English,245
North Ostrobothnia,2002,fin,Finnish,373102
North Ostrobothnia,2002,fra,French,30
North Ostrobothnia,2002,hun,Hungarian,19
North Ostrobothnia,2002,ita,Italian,49
North Ostrobothnia,2002,jpn,Japanese,14
North Ostrobothnia,2002,nld,Dutch,25
North Ostrobothnia,2002,pes,"Persian, Farsi",20
North Ostrobothnia,2002,pol,Polish,33
North Ostrobothnia,2002,ron,Romanian,13
North Ostrobothnia,2002,rus,Russian,854
North Ostrobothnia,2002,sme,Sami,61
North Ostrobothnia,2002,som,Somali,22
North Ostrobothnia,2002,spa,Spanish,37
North Ostrobothnia,2002,srp,Serbian,21
North Ostrobothnia,2002,swe,Swedish,424
North Ostrobothnia,2002,tam,Tamil,35
North Ostrobothnia,2002,tha,Thai,46
North Ostrobothnia,2002,tur,Turkish,58
North Ostrobothnia,2002,vie,Vietnamese,182
North Ostrobothnia,2003,als,Albanian,189
North Ostrobothnia,2003,amh,Amharic,17
North Ostrobothnia,2003,arb,Arabic,141
North Ostrobothnia,2003,ben,"Bengali, (Bangla)",25
North Ostrobothnia,2003,bos,Bosnian,37
North Ostrobothnia,2003,bul,Bulgarian,13
North Ostrobothnia,2003,ckb,Kurdish,74
North Ostrobothnia,2003,cmn,Chinese,145
North Ostrobothnia,2003,dan,Danish,11
North Ostrobothnia,2003,deu,German,98
North Ostrobothnia,2003,ekk,Estonian,111
North Ostrobothnia,2003,ell,Greek (modern),24
North Ostrobothnia,2003,eng,English,258
North Ostrobothnia,2003,fin,Finnish,374805
North Ostrobothnia,2003,fra,French,28
North Ostrobothnia,2003,hun,Hungarian,21
North Ostrobothnia,2003,ita,Italian,46
North Ostrobothnia,2003,jpn,Japanese,18
North Ostrobothnia,2003,nld,Dutch,26
North Ostrobothnia,2003,pes,"Persian, Farsi",26
North Ostrobothnia,2003,pol,Polish,36
North Ostrobothnia,2003,por,Portuguese,16
North Ostrobothnia,2003,ron,Romanian,17
North Ostrobothnia,2003,rus,Russian,815
North Ostrobothnia,2003,sme,Sami,66
North Ostrobothnia,2003,som,Somali,41
North Ostrobothnia,2003,spa,Spanish,44
North Ostrobothnia,2003,srp,Serbian,15
North Ostrobothnia,2003,swe,Swedish,423
North Ostrobothnia,2003,tam,Tamil,24
North Ostrobothnia,2003,tha,Thai,51
North Ostrobothnia,2003,tur,Turkish,72
North Ostrobothnia,2003,vie,Vietnamese,189
North Ostrobothnia,2004,als,Albanian,180
North Ostrobothnia,2004,amh,Amharic,17
North Ostrobothnia,2004,arb,Arabic,166
North Ostrobothnia,2004,ben,"Bengali, (Bangla)",20
North Ostrobothnia,2004,bos,Bosnian,37
North Ostrobothnia,2004,bul,Bulgarian,14
North Ostrobothnia,2004,ckb,Kurdish,76
North Ostrobothnia,2004,cmn,Chinese,159
North Ostrobothnia,2004,dan,Danish,11
North Ostrobothnia,2004,deu,German,110
North Ostrobothnia,2004,ekk,Estonian,111
North Ostrobothnia,2004,ell,Greek (modern),23
North Ostrobothnia,2004,eng,English,269
North Ostrobothnia,2004,fin,Finnish,377382
North Ostrobothnia,2004,fra,French,33
North Ostrobothnia,2004,hun,Hungarian,27
North Ostrobothnia,2004,ita,Italian,50
North Ostrobothnia,2004,jpn,Japanese,21
North Ostrobothnia,2004,nld,Dutch,26
North Ostrobothnia,2004,pes,"Persian, Farsi",33
North Ostrobothnia,2004,pol,Polish,27
North Ostrobothnia,2004,por,Portuguese,17
North Ostrobothnia,2004,ron,Romanian,21
North Ostrobothnia,2004,rus,Russian,910
North Ostrobothnia,2004,sme,Sami,65
North Ostrobothnia,2004,som,Somali,43
North Ostrobothnia,2004,spa,Spanish,53
North Ostrobothnia,2004,srp,Serbian,16
North Ostrobothnia,2004,swe,Swedish,459
North Ostrobothnia,2004,tha,Thai,60
North Ostrobothnia,2004,tur,Turkish,77
North Ostrobothnia,2004,vie,Vietnamese,213
North Ostrobothnia,2005,als,Albanian,185
North Ostrobothnia,2005,amh,Amharic,18
North Ostrobothnia,2005,arb,Arabic,165
North Ostrobothnia,2005,ben,"Bengali, (Bangla)",24
North Ostrobothnia,2005,bos,Bosnian,31
North Ostrobothnia,2005,bul,Bulgarian,14
North Ostrobothnia,2005,ckb,Kurdish,96
North Ostrobothnia,2005,cmn,Chinese,174
North Ostrobothnia,2005,dan,Danish,11
North Ostrobothnia,2005,deu,German,117
North Ostrobothnia,2005,ekk,Estonian,166
North Ostrobothnia,2005,ell,Greek (modern),23
North Ostrobothnia,2005,eng,English,281
North Ostrobothnia,2005,fin,Finnish,380034
North Ostrobothnia,2005,fra,French,44
North Ostrobothnia,2005,hin,Hindi,12
North Ostrobothnia,2005,hun,Hungarian,31
North Ostrobothnia,2005,ita,Italian,53
North Ostrobothnia,2005,jpn,Japanese,21
North Ostrobothnia,2005,kor,Korean,11
North Ostrobothnia,2005,lit,Lithuanian,11
North Ostrobothnia,2005,nld,Dutch,31
North Ostrobothnia,2005,nor,Norwegian,10
North Ostrobothnia,2005,pes,"Persian, Farsi",37
North Ostrobothnia,2005,pol,Polish,27
North Ostrobothnia,2005,por,Portuguese,20
North Ostrobothnia,2005,ron,Romanian,28
North Ostrobothnia,2005,rus,Russian,988
North Ostrobothnia,2005,sme,Sami,65
North Ostrobothnia,2005,som,Somali,57
North Ostrobothnia,2005,spa,Spanish,58
North Ostrobothnia,2005,srp,Serbian,29
North Ostrobothnia,2005,swe,Swedish,472
North Ostrobothnia,2005,swh,Swahili,10
North Ostrobothnia,2005,tha,Thai,85
North Ostrobothnia,2005,tur,Turkish,88
North Ostrobothnia,2005,vie,Vietnamese,207
North Ostrobothnia,2006,als,Albanian,214
North Ostrobothnia,2006,amh,Amharic,20
North Ostrobothnia,2006,arb,Arabic,175
North Ostrobothnia,2006,ben,"Bengali, (Bangla)",27
North Ostrobothnia,2006,bos,Bosnian,33
North Ostrobothnia,2006,bul,Bulgarian,16
North Ostrobothnia,2006,ces,Czech,13
North Ostrobothnia,2006,ckb,Kurdish,85
North Ostrobothnia,2006,cmn,Chinese,208
North Ostrobothnia,2006,dan,Danish,11
North Ostrobothnia,2006,deu,German,112
North Ostrobothnia,2006,ekk,Estonian,174
North Ostrobothnia,2006,ell,Greek (modern),22
North Ostrobothnia,2006,eng,English,304
North Ostrobothnia,2006,fin,Finnish,382183
North Ostrobothnia,2006,fra,French,46
North Ostrobothnia,2006,hun,Hungarian,27
North Ostrobothnia,2006,ita,Italian,58
North Ostrobothnia,2006,jpn,Japanese,28
North Ostrobothnia,2006,lit,Lithuanian,13
North Ostrobothnia,2006,nld,Dutch,29
North Ostrobothnia,2006,nor,Norwegian,10
North Ostrobothnia,2006,pes,"Persian, Farsi",42
North Ostrobothnia,2006,pol,Polish,33
North Ostrobothnia,2006,por,Portuguese,22
North Ostrobothnia,2006,ron,Romanian,31
North Ostrobothnia,2006,rus,Russian,1064
North Ostrobothnia,2006,sme,Sami,68
North Ostrobothnia,2006,som,Somali,69
North Ostrobothnia,2006,spa,Spanish,64
North Ostrobothnia,2006,srp,Serbian,18
North Ostrobothnia,2006,swe,Swedish,505
North Ostrobothnia,2006,swh,Swahili,30
North Ostrobothnia,2006,tam,Tamil,12
North Ostrobothnia,2006,tgl,Tagalog,11
North Ostrobothnia,2006,tha,Thai,108
North Ostrobothnia,2006,tir,Tigrinya,18
North Ostrobothnia,2006,tur,Turkish,92
North Ostrobothnia,2006,vie,Vietnamese,205
North Ostrobothnia,2007,als,Albanian,217
North Ostrobothnia,2007,amh,Amharic,18
North Ostrobothnia,2007,arb,Arabic,187
North Ostrobothnia,2007,ben,"Bengali, (Bangla)",31
North Ostrobothnia,2007,bos,Bosnian,35
North Ostrobothnia,2007,bul,Bulgarian,17
North Ostrobothnia,2007,ckb,Kurdish,94
North Ostrobothnia,2007,cmn,Chinese,206
North Ostrobothnia,2007,dan,Danish,12
North Ostrobothnia,2007,deu,German,119
North Ostrobothnia,2007,ekk,Estonian,194
North Ostrobothnia,2007,ell,Greek (modern),22
North Ostrobothnia,2007,eng,English,310
North Ostrobothnia,2007,fin,Finnish,384468
North Ostrobothnia,2007,fra,French,54
North Ostrobothnia,2007,hin,Hindi,13
North Ostrobothnia,2007,hun,Hungarian,56
North Ostrobothnia,2007,ita,Italian,58
North Ostrobothnia,2007,jpn,Japanese,29
North Ostrobothnia,2007,kor,Korean,10
North Ostrobothnia,2007,lin,Lingala,10
North Ostrobothnia,2007,lit,Lithuanian,12
North Ostrobothnia,2007,nld,Dutch,32
North Ostrobothnia,2007,nor,Norwegian,11
North Ostrobothnia,2007,pes,"Persian, Farsi",92
North Ostrobothnia,2007,pol,Polish,24
North Ostrobothnia,2007,por,Portuguese,27
North Ostrobothnia,2007,ron,Romanian,39
North Ostrobothnia,2007,rus,Russian,1093
North Ostrobothnia,2007,slk,Slovak,15
North Ostrobothnia,2007,sme,Sami,78
North Ostrobothnia,2007,som,Somali,93
North Ostrobothnia,2007,spa,Spanish,75
North Ostrobothnia,2007,srp,Serbian,29
North Ostrobothnia,2007,swe,Swedish,550
North Ostrobothnia,2007,swh,Swahili,30
North Ostrobothnia,2007,tam,Tamil,18
North Ostrobothnia,2007,tgl,Tagalog,12
North Ostrobothnia,2007,tha,Thai,127
North Ostrobothnia,2007,tir,Tigrinya,17
North Ostrobothnia,2007,tur,Turkish,106
North Ostrobothnia,2007,urd,Urdu,11
North Ostrobothnia,2007,vie,Vietnamese,203
North Ostrobothnia,2008,als,Albanian,224
North Ostrobothnia,2008,amh,Amharic,20
North Ostrobothnia,2008,arb,Arabic,197
North Ostrobothnia,2008,ben,"Bengali, (Bangla)",33
North Ostrobothnia,2008,bos,Bosnian,30
North Ostrobothnia,2008,bul,Bulgarian,29
North Ostrobothnia,2008,ckb,Kurdish,100
North Ostrobothnia,2008,cmn,Chinese,231
North Ostrobothnia,2008,deu,German,120
North Ostrobothnia,2008,ekk,Estonian,202
North Ostrobothnia,2008,ell,Greek (modern),22
North Ostrobothnia,2008,eng,English,310
North Ostrobothnia,2008,fin,Finnish,386597
North Ostrobothnia,2008,fra,French,54
North Ostrobothnia,2008,hin,Hindi,16
North Ostrobothnia,2008,hun,Hungarian,93
North Ostrobothnia,2008,ita,Italian,55
North Ostrobothnia,2008,jpn,Japanese,33
North Ostrobothnia,2008,kor,Korean,10
North Ostrobothnia,2008,lit,Lithuanian,11
North Ostrobothnia,2008,nld,Dutch,33
North Ostrobothnia,2008,nor,Norwegian,11
North Ostrobothnia,2008,pes,"Persian, Farsi",88
North Ostrobothnia,2008,pol,Polish,51
North Ostrobothnia,2008,por,Portuguese,35
North Ostrobothnia,2008,ron,Romanian,35
North Ostrobothnia,2008,rus,Russian,1183
North Ostrobothnia,2008,slk,Slovak,13
North Ostrobothnia,2008,sme,Sami,84
North Ostrobothnia,2008,som,Somali,105
North Ostrobothnia,2008,spa,Spanish,82
North Ostrobothnia,2008,srp,Serbian,18
North Ostrobothnia,2008,swe,Swedish,576
North Ostrobothnia,2008,swh,Swahili,26
North Ostrobothnia,2008,tam,Tamil,17
North Ostrobothnia,2008,tgl,Tagalog,19
North Ostrobothnia,2008,tha,Thai,173
North Ostrobothnia,2008,tir,Tigrinya,17
North Ostrobothnia,2008,tur,Turkish,138
North Ostrobothnia,2008,urd,Urdu,12
North Ostrobothnia,2008,vie,Vietnamese,215
North Ostrobothnia,2009,als,Albanian,226
North Ostrobothnia,2009,amh,Amharic,32
North Ostrobothnia,2009,arb,Arabic,221
North Ostrobothnia,2009,ben,"Bengali, (Bangla)",43
North Ostrobothnia,2009,bos,Bosnian,28
North Ostrobothnia,2009,bul,Bulgarian,34
North Ostrobothnia,2009,che,Chechen,13
North Ostrobothnia,2009,ckb,Kurdish,157
North Ostrobothnia,2009,cmn,Chinese,265
North Ostrobothnia,2009,deu,German,132
North Ostrobothnia,2009,ekk,Estonian,224
North Ostrobothnia,2009,ell,Greek (modern),22
North Ostrobothnia,2009,eng,English,350
North Ostrobothnia,2009,fin,Finnish,388833
North Ostrobothnia,2009,fra,French,53
North Ostrobothnia,2009,hin,Hindi,21
North Ostrobothnia,2009,hun,Hungarian,101
North Ostrobothnia,2009,ita,Italian,62
North Ostrobothnia,2009,jpn,Japanese,39
North Ostrobothnia,2009,kor,Korean,11
North Ostrobothnia,2009,lit,Lithuanian,10
North Ostrobothnia,2009,nld,Dutch,31
North Ostrobothnia,2009,nor,Norwegian,13
North Ostrobothnia,2009,pes,"Persian, Farsi",111
North Ostrobothnia,2009,pol,Polish,61
North Ostrobothnia,2009,por,Portuguese,44
North Ostrobothnia,2009,ron,Romanian,39
North Ostrobothnia,2009,rus,Russian,1240
North Ostrobothnia,2009,slk,Slovak,14
North Ostrobothnia,2009,sme,Sami,88
North Ostrobothnia,2009,som,Somali,210
North Ostrobothnia,2009,spa,Spanish,84
North Ostrobothnia,2009,srp,Serbian,15
North Ostrobothnia,2009,swe,Swedish,586
North Ostrobothnia,2009,swh,Swahili,21
North Ostrobothnia,2009,tam,Tamil,20
North Ostrobothnia,2009,tel,Telugu,13
North Ostrobothnia,2009,tgl,Tagalog,24
North Ostrobothnia,2009,tha,Thai,199
North Ostrobothnia,2009,tir,Tigrinya,13
North Ostrobothnia,2009,tur,Turkish,160
North Ostrobothnia,2009,urd,Urdu,14
North Ostrobothnia,2009,vie,Vietnamese,220
North Ostrobothnia,2010,als,Albanian,244
North Ostrobothnia,2010,amh,Amharic,19
North Ostrobothnia,2010,arb,Arabic,237
North Ostrobothnia,2010,ben,"Bengali, (Bangla)",44
North Ostrobothnia,2010,bos,Bosnian,29
North Ostrobothnia,2010,bul,Bulgarian,42
North Ostrobothnia,2010,che,Chechen,13
North Ostrobothnia,2010,ckb,Kurdish,237
North Ostrobothnia,2010,cmn,Chinese,297
North Ostrobothnia,2010,deu,German,137
North Ostrobothnia,2010,ekk,Estonian,265
North Ostrobothnia,2010,ell,Greek (modern),22
North Ostrobothnia,2010,eng,English,358
North Ostrobothnia,2010,fin,Finnish,391050
North Ostrobothnia,2010,fra,French,63
North Ostrobothnia,2010,hin,Hindi,28
North Ostrobothnia,2010,hun,Hungarian,105
North Ostrobothnia,2010,ita,Italian,64
North Ostrobothnia,2010,jpn,Japanese,41
North Ostrobothnia,2010,kan,Kannada,11
North Ostrobothnia,2010,lit,Lithuanian,12
North Ostrobothnia,2010,nld,Dutch,26
North Ostrobothnia,2010,nor,Norwegian,13
North Ostrobothnia,2010,pes,"Persian, Farsi",145
North Ostrobothnia,2010,pol,Polish,62
North Ostrobothnia,2010,por,Portuguese,59
North Ostrobothnia,2010,pst,Pushto,10
North Ostrobothnia,2010,ron,Romanian,41
North Ostrobothnia,2010,rus,Russian,1287
North Ostrobothnia,2010,sin,Sinhala,10
North Ostrobothnia,2010,slk,Slovak,10
North Ostrobothnia,2010,sme,Sami,88
North Ostrobothnia,2010,som,Somali,308
North Ostrobothnia,2010,spa,Spanish,91
North Ostrobothnia,2010,srp,Serbian,15
North Ostrobothnia,2010,swe,Swedish,610
North Ostrobothnia,2010,swh,Swahili,20
North Ostrobothnia,2010,tam,Tamil,30
North Ostrobothnia,2010,tel,Telugu,14
North Ostrobothnia,2010,tgl,Tagalog,25
North Ostrobothnia,2010,tha,Thai,212
North Ostrobothnia,2010,tir,Tigrinya,14
North Ostrobothnia,2010,tur,Turkish,195
North Ostrobothnia,2010,urd,Urdu,20
North Ostrobothnia,2010,vie,Vietnamese,234
North Ostrobothnia,2011,als,Albanian,263
North Ostrobothnia,2011,amh,Amharic,22
North Ostrobothnia,2011,arb,Arabic,259
North Ostrobothnia,2011,ben,"Bengali, (Bangla)",48
North Ostrobothnia,2011,bos,Bosnian,30
North Ostrobothnia,2011,bul,Bulgarian,46
North Ostrobothnia,2011,che,Chechen,11
North Ostrobothnia,2011,ckb,Kurdish,279
North Ostrobothnia,2011,cmn,Chinese,332
North Ostrobothnia,2011,deu,German,143
North Ostrobothnia,2011,ekk,Estonian,293
North Ostrobothnia,2011,ell,Greek (modern),25
North Ostrobothnia,2011,eng,English,384
North Ostrobothnia,2011,fin,Finnish,393254
North Ostrobothnia,2011,fra,French,63
North Ostrobothnia,2011,hin,Hindi,29
North Ostrobothnia,2011,hun,Hungarian,159
North Ostrobothnia,2011,ita,Italian,65
North Ostrobothnia,2011,jpn,Japanese,46
North Ostrobothnia,2011,kan,Kannada,11
North Ostrobothnia,2011,kor,Korean,14
North Ostrobothnia,2011,lit,Lithuanian,12
North Ostrobothnia,2011,lvs,Latvian,12
North Ostrobothnia,2011,nld,Dutch,30
North Ostrobothnia,2011,nor,Norwegian,14
North Ostrobothnia,2011,npi,Nepali,21
North Ostrobothnia,2011,pes,"Persian, Farsi",157
North Ostrobothnia,2011,pol,Polish,70
North Ostrobothnia,2011,por,Portuguese,78
North Ostrobothnia,2011,pst,Pushto,12
North Ostrobothnia,2011,ron,Romanian,39
North Ostrobothnia,2011,rus,Russian,1384
North Ostrobothnia,2011,sin,Sinhala,17
North Ostrobothnia,2011,slk,Slovak,15
North Ostrobothnia,2011,sme,Sami,93
North Ostrobothnia,2011,som,Somali,333
North Ostrobothnia,2011,spa,Spanish,105
North Ostrobothnia,2011,srp,Serbian,26
North Ostrobothnia,2011,swe,Swedish,628
North Ostrobothnia,2011,swh,Swahili,23
North Ostrobothnia,2011,tam,Tamil,33
North Ostrobothnia,2011,tel,Telugu,16
North Ostrobothnia,2011,tgl,Tagalog,28
North Ostrobothnia,2011,tha,Thai,250
North Ostrobothnia,2011,tir,Tigrinya,13
North Ostrobothnia,2011,tur,Turkish,184
North Ostrobothnia,2011,ukr,Ukrainian,10
North Ostrobothnia,2011,urd,Urdu,38
North Ostrobothnia,2011,vie,Vietnamese,260
North Ostrobothnia,2011,yor,Yoruba,11
North Ostrobothnia,2012,als,Albanian,263
North Ostrobothnia,2012,amh,Amharic,28
North Ostrobothnia,2012,arb,Arabic,296
North Ostrobothnia,2012,ben,"Bengali, (Bangla)",49
North Ostrobothnia,2012,bos,Bosnian,31
North Ostrobothnia,2012,bul,Bulgarian,50
North Ostrobothnia,2012,che,Chechen,17
North Ostrobothnia,2012,ckb,Kurdish,274
North Ostrobothnia,2012,cmn,Chinese,374
North Ostrobothnia,2012,deu,German,135
North Ostrobothnia,2012,ekk,Estonian,288
North Ostrobothnia,2012,ell,Greek (modern),25
North Ostrobothnia,2012,eng,English,398
North Ostrobothnia,2012,fin,Finnish,395411
North Ostrobothnia,2012,fra,French,65
North Ostrobothnia,2012,hin,Hindi,35
North Ostrobothnia,2012,hun,Hungarian,144
North Ostrobothnia,2012,ita,Italian,73
North Ostrobothnia,2012,jpn,Japanese,54
North Ostrobothnia,2012,kin,Kinyarwanda,30
North Ostrobothnia,2012,kor,Korean,16
North Ostrobothnia,2012,lit,Lithuanian,11
North Ostrobothnia,2012,lvs,Latvian,12
North Ostrobothnia,2012,nld,Dutch,31
North Ostrobothnia,2012,nor,Norwegian,13
North Ostrobothnia,2012,npi,Nepali,39
North Ostrobothnia,2012,pan,Panjabi,11
North Ostrobothnia,2012,pes,"Persian, Farsi",222
North Ostrobothnia,2012,pol,Polish,63
North Ostrobothnia,2012,por,Portuguese,81
North Ostrobothnia,2012,pst,Pushto,11
North Ostrobothnia,2012,ron,Romanian,39
North Ostrobothnia,2012,rus,Russian,1468
North Ostrobothnia,2012,sin,Sinhala,23
North Ostrobothnia,2012,slk,Slovak,18
North Ostrobothnia,2012,sme,Sami,93
North Ostrobothnia,2012,som,Somali,326
North Ostrobothnia,2012,spa,Spanish,112
North Ostrobothnia,2012,srp,Serbian,15
North Ostrobothnia,2012,swe,Swedish,643
North Ostrobothnia,2012,swh,Swahili,27
North Ostrobothnia,2012,tam,Tamil,40
North Ostrobothnia,2012,tel,Telugu,21
North Ostrobothnia,2012,tgl,Tagalog,29
North Ostrobothnia,2012,tha,Thai,290
North Ostrobothnia,2012,tir,Tigrinya,15
North Ostrobothnia,2012,tur,Turkish,186
North Ostrobothnia,2012,ukr,Ukrainian,19
North Ostrobothnia,2012,urd,Urdu,49
North Ostrobothnia,2012,vie,Vietnamese,292
North Ostrobothnia,2012,yor,Yoruba,17
North Ostrobothnia,2013,aar,Afar,14
North Ostrobothnia,2013,als,Albanian,269
North Ostrobothnia,2013,amh,Amharic,32
North Ostrobothnia,2013,arb,Arabic,362
North Ostrobothnia,2013,ben,"Bengali, (Bangla)",58
North Ostrobothnia,2013,bos,Bosnian,24
North Ostrobothnia,2013,bul,Bulgarian,58
North Ostrobothnia,2013,che,Chechen,14
North Ostrobothnia,2013,ckb,Kurdish,296
North Ostrobothnia,2013,cmn,Chinese,396
North Ostrobothnia,2013,deu,German,143
North Ostrobothnia,2013,ekk,Estonian,338
North Ostrobothnia,2013,ell,Greek (modern),30
North Ostrobothnia,2013,eng,English,414
North Ostrobothnia,2013,fin,Finnish,397255
North Ostrobothnia,2013,fra,French,75
North Ostrobothnia,2013,hin,Hindi,42
North Ostrobothnia,2013,hun,Hungarian,171
North Ostrobothnia,2013,hye,Armenian,10
North Ostrobothnia,2013,ind,Indonesian,13
North Ostrobothnia,2013,ita,Italian,76
North Ostrobothnia,2013,jpn,Japanese,57
North Ostrobothnia,2013,kan,Kannada,10
North Ostrobothnia,2013,kin,Kinyarwanda,43
North Ostrobothnia,2013,kor,Korean,15
North Ostrobothnia,2013,lin,Lingala,12
North Ostrobothnia,2013,lit,Lithuanian,15
North Ostrobothnia,2013,lvs,Latvian,15
North Ostrobothnia,2013,nld,Dutch,33
North Ostrobothnia,2013,nor,Norwegian,13
North Ostrobothnia,2013,npi,Nepali,48
North Ostrobothnia,2013,pan,Panjabi,12
North Ostrobothnia,2013,pes,"Persian, Farsi",270
North Ostrobothnia,2013,pol,Polish,80
North Ostrobothnia,2013,por,Portuguese,90
North Ostrobothnia,2013,pst,Pushto,16
North Ostrobothnia,2013,ron,Romanian,41
North Ostrobothnia,2013,rus,Russian,1546
North Ostrobothnia,2013,sin,Sinhala,27
North Ostrobothnia,2013,slk,Slovak,20
North Ostrobothnia,2013,sme,Sami,102
North Ostrobothnia,2013,som,Somali,367
North Ostrobothnia,2013,spa,Spanish,129
North Ostrobothnia,2013,srp,Serbian,16
North Ostrobothnia,2013,swe,Swedish,675
North Ostrobothnia,2013,swh,Swahili,25
North Ostrobothnia,2013,tam,Tamil,47
North Ostrobothnia,2013,tel,Telugu,27
North Ostrobothnia,2013,tgl,Tagalog,36
North Ostrobothnia,2013,tha,Thai,318
North Ostrobothnia,2013,tir,Tigrinya,21
North Ostrobothnia,2013,tur,Turkish,211
North Ostrobothnia,2013,ukr,Ukrainian,22
North Ostrobothnia,2013,urd,Urdu,63
North Ostrobothnia,2013,vie,Vietnamese,324
North Ostrobothnia,2013,yor,Yoruba,18
North Ostrobothnia,2014,aar,Afar,14
North Ostrobothnia,2014,als,Albanian,246
North Ostrobothnia,2014,amh,Amharic,36
North Ostrobothnia,2014,arb,Arabic,426
North Ostrobothnia,2014,ben,"Bengali, (Bangla)",62
North Ostrobothnia,2014,bos,Bosnian,20
North Ostrobothnia,2014,bul,Bulgarian,59
North Ostrobothnia,2014,che,Chechen,20
North Ostrobothnia,2014,ckb,Kurdish,270
North Ostrobothnia,2014,cmn,Chinese,427
North Ostrobothnia,2014,dan,Danish,10
North Ostrobothnia,2014,deu,German,140
North Ostrobothnia,2014,ekk,Estonian,323
North Ostrobothnia,2014,ell,Greek (modern),43
North Ostrobothnia,2014,eng,English,455
North Ostrobothnia,2014,fin,Finnish,398719
North Ostrobothnia,2014,fra,French,84
North Ostrobothnia,2014,hin,Hindi,56
North Ostrobothnia,2014,hun,Hungarian,194
North Ostrobothnia,2014,ind,Indonesian,19
North Ostrobothnia,2014,ita,Italian,76
North Ostrobothnia,2014,jpn,Japanese,59
North Ostrobothnia,2014,kan,Kannada,10
North Ostrobothnia,2014,kin,Kinyarwanda,61
North Ostrobothnia,2014,kor,Korean,20
North Ostrobothnia,2014,lin,Lingala,17
North Ostrobothnia,2014,lit,Lithuanian,16
North Ostrobothnia,2014,lvs,Latvian,18
North Ostrobothnia,2014,nld,Dutch,34
North Ostrobothnia,2014,nor,Norwegian,13
North Ostrobothnia,2014,npi,Nepali,83
North Ostrobothnia,2014,pan,Panjabi,14
North Ostrobothnia,2014,pes,"Persian, Farsi",284
North Ostrobothnia,2014,pol,Polish,99
North Ostrobothnia,2014,por,Portuguese,93
North Ostrobothnia,2014,pst,Pushto,25
North Ostrobothnia,2014,ron,Romanian,41
North Ostrobothnia,2014,rus,Russian,1631
North Ostrobothnia,2014,sin,Sinhala,32
North Ostrobothnia,2014,slk,Slovak,17
North Ostrobothnia,2014,sme,Sami,111
North Ostrobothnia,2014,som,Somali,388
North Ostrobothnia,2014,spa,Spanish,133
North Ostrobothnia,2014,srp,Serbian,25
North Ostrobothnia,2014,swe,Swedish,697
North Ostrobothnia,2014,swh,Swahili,51
North Ostrobothnia,2014,tam,Tamil,44
North Ostrobothnia,2014,tel,Telugu,27
North Ostrobothnia,2014,tgl,Tagalog,43
North Ostrobothnia,2014,tha,Thai,363
North Ostrobothnia,2014,tir,Tigrinya,15
North Ostrobothnia,2014,tur,Turkish,221
North Ostrobothnia,2014,uig,Uighur,10
North Ostrobothnia,2014,ukr,Ukrainian,24
North Ostrobothnia,2014,urd,Urdu,60
North Ostrobothnia,2014,vie,Vietnamese,363
North Ostrobothnia,2014,yor,Yoruba,25
North Ostrobothnia,2015,aar,Afar,14
North Ostrobothnia,2015,als,Albanian,262
North Ostrobothnia,2015,amh,Amharic,36
North Ostrobothnia,2015,arb,Arabic,467
North Ostrobothnia,2015,ben,"Bengali, (Bangla)",77
North Ostrobothnia,2015,bos,Bosnian,22
North Ostrobothnia,2015,bul,Bulgarian,69
North Ostrobothnia,2015,ces,Czech,13
North Ostrobothnia,2015,che,Chechen,19
North Ostrobothnia,2015,ckb,Kurdish,296
North Ostrobothnia,2015,cmn,Chinese,475
North Ostrobothnia,2015,dan,Danish,10
North Ostrobothnia,2015,deu,German,148
North Ostrobothnia,2015,ekk,Estonian,323
North Ostrobothnia,2015,ell,Greek (modern),49
North Ostrobothnia,2015,eng,English,525
North Ostrobothnia,2015,fin,Finnish,399629
North Ostrobothnia,2015,fra,French,94
North Ostrobothnia,2015,hin,Hindi,56
North Ostrobothnia,2015,hun,Hungarian,189
North Ostrobothnia,2015,hye,Armenian,10
North Ostrobothnia,2015,ibo,Igbo,11
North Ostrobothnia,2015,ind,Indonesian,18
North Ostrobothnia,2015,ita,Italian,81
North Ostrobothnia,2015,jpn,Japanese,60
North Ostrobothnia,2015,kan,Kannada,11
North Ostrobothnia,2015,kin,Kinyarwanda,62
North Ostrobothnia,2015,kor,Korean,25
North Ostrobothnia,2015,lit,Lithuanian,20
North Ostrobothnia,2015,lvs,Latvian,20
North Ostrobothnia,2015,mal,Malayalam,13
North Ostrobothnia,2015,nld,Dutch,43
North Ostrobothnia,2015,nor,Norwegian,14
North Ostrobothnia,2015,npi,Nepali,100
North Ostrobothnia,2015,pan,Panjabi,14
North Ostrobothnia,2015,pes,"Persian, Farsi",296
North Ostrobothnia,2015,pol,Polish,107
North Ostrobothnia,2015,por,Portuguese,101
North Ostrobothnia,2015,pst,Pushto,26
North Ostrobothnia,2015,ron,Romanian,44
North Ostrobothnia,2015,rus,Russian,1661
North Ostrobothnia,2015,sin,Sinhala,29
North Ostrobothnia,2015,slk,Slovak,16
North Ostrobothnia,2015,sme,Sami,114
North Ostrobothnia,2015,som,Somali,367
North Ostrobothnia,2015,spa,Spanish,139
North Ostrobothnia,2015,srp,Serbian,26
North Ostrobothnia,2015,swe,Swedish,705
North Ostrobothnia,2015,swh,Swahili,72
North Ostrobothnia,2015,tam,Tamil,42
North Ostrobothnia,2015,tel,Telugu,27
North Ostrobothnia,2015,tgl,Tagalog,53
North Ostrobothnia,2015,tha,Thai,383
North Ostrobothnia,2015,tir,Tigrinya,15
North Ostrobothnia,2015,tur,Turkish,243
North Ostrobothnia,2015,uig,Uighur,11
North Ostrobothnia,2015,ukr,Ukrainian,43
North Ostrobothnia,2015,urd,Urdu,91
North Ostrobothnia,2015,vie,Vietnamese,383
North Ostrobothnia,2015,yor,Yoruba,23
North Ostrobothnia,2016,aar,Afar,13
North Ostrobothnia,2016,als,Albanian,243
North Ostrobothnia,2016,amh,Amharic,37
North Ostrobothnia,2016,arb,Arabic,608
North Ostrobothnia,2016,ben,"Bengali, (Bangla)",112
North Ostrobothnia,2016,bos,Bosnian,21
North Ostrobothnia,2016,bul,Bulgarian,69
North Ostrobothnia,2016,ces,Czech,18
North Ostrobothnia,2016,che,Chechen,19
North Ostrobothnia,2016,ckb,Kurdish,324
North Ostrobothnia,2016,cmn,Chinese,510
North Ostrobothnia,2016,dan,Danish,13
North Ostrobothnia,2016,deu,German,158
North Ostrobothnia,2016,ekk,Estonian,325
North Ostrobothnia,2016,ell,Greek (modern),51
North Ostrobothnia,2016,eng,English,542
North Ostrobothnia,2016,fin,Finnish,399695
North Ostrobothnia,2016,fra,French,99
North Ostrobothnia,2016,hin,Hindi,65
North Ostrobothnia,2016,hun,Hungarian,198
North Ostrobothnia,2016,ibo,Igbo,14
North Ostrobothnia,2016,ind,Indonesian,21
North Ostrobothnia,2016,ita,Italian,87
North Ostrobothnia,2016,jpn,Japanese,66
North Ostrobothnia,2016,kan,Kannada,14
North Ostrobothnia,2016,kin,Kinyarwanda,59
North Ostrobothnia,2016,kor,Korean,33
North Ostrobothnia,2016,lit,Lithuanian,20
North Ostrobothnia,2016,lvs,Latvian,18
North Ostrobothnia,2016,mal,Malayalam,16
North Ostrobothnia,2016,nld,Dutch,49
North Ostrobothnia,2016,nor,Norwegian,14
North Ostrobothnia,2016,npi,Nepali,111
North Ostrobothnia,2016,pan,Panjabi,19
North Ostrobothnia,2016,pes,"Persian, Farsi",488
North Ostrobothnia,2016,pol,Polish,107
North Ostrobothnia,2016,por,Portuguese,105
North Ostrobothnia,2016,pst,Pushto,28
North Ostrobothnia,2016,ron,Romanian,48
North Ostrobothnia,2016,rus,Russian,1731
North Ostrobothnia,2016,sin,Sinhala,34
North Ostrobothnia,2016,slk,Slovak,33
North Ostrobothnia,2016,sme,Sami,115
North Ostrobothnia,2016,som,Somali,424
North Ostrobothnia,2016,spa,Spanish,147
North Ostrobothnia,2016,srp,Serbian,23
North Ostrobothnia,2016,swe,Swedish,717
North Ostrobothnia,2016,swh,Swahili,103
North Ostrobothnia,2016,tam,Tamil,44
North Ostrobothnia,2016,tel,Telugu,33
North Ostrobothnia,2016,tgl,Tagalog,63
North Ostrobothnia,2016,tha,Thai,426
North Ostrobothnia,2016,tir,Tigrinya,75
North Ostrobothnia,2016,tur,Turkish,283
North Ostrobothnia,2016,uig,Uighur,17
North Ostrobothnia,2016,ukr,Ukrainian,46
North Ostrobothnia,2016,urd,Urdu,110
North Ostrobothnia,2016,vie,Vietnamese,422
North Ostrobothnia,2016,yor,Yoruba,27
North Ostrobothnia,2017,aar,Afar,11
North Ostrobothnia,2017,aka,Akan,13
North Ostrobothnia,2017,als,Albanian,241
North Ostrobothnia,2017,amh,Amharic,40
North Ostrobothnia,2017,arb,Arabic,777
North Ostrobothnia,2017,ben,"Bengali, (Bangla)",143
North Ostrobothnia,2017,bos,Bosnian,25
North Ostrobothnia,2017,bul,Bulgarian,74
North Ostrobothnia,2017,ces,Czech,18
North Ostrobothnia,2017,che,Chechen,13
North Ostrobothnia,2017,ckb,Kurdish,350
North Ostrobothnia,2017,cmn,Chinese,527
North Ostrobothnia,2017,dan,Danish,13
North Ostrobothnia,2017,deu,German,165
North Ostrobothnia,2017,ekk,Estonian,346
North Ostrobothnia,2017,ell,Greek (modern),57
North Ostrobothnia,2017,eng,English,552
North Ostrobothnia,2017,fin,Finnish,399788
North Ostrobothnia,2017,fra,French,117
North Ostrobothnia,2017,hin,Hindi,67
North Ostrobothnia,2017,hun,Hungarian,212
North Ostrobothnia,2017,ibo,Igbo,14
North Ostrobothnia,2017,ind,Indonesian,29
North Ostrobothnia,2017,ita,Italian,75
North Ostrobothnia,2017,jpn,Japanese,71
North Ostrobothnia,2017,kan,Kannada,14
North Ostrobothnia,2017,kin,Kinyarwanda,52
North Ostrobothnia,2017,kor,Korean,30
North Ostrobothnia,2017,lit,Lithuanian,19
North Ostrobothnia,2017,lvs,Latvian,23
North Ostrobothnia,2017,mal,Malayalam,18
North Ostrobothnia,2017,nld,Dutch,47
North Ostrobothnia,2017,nor,Norwegian,15
North Ostrobothnia,2017,npi,Nepali,114
North Ostrobothnia,2017,pan,Panjabi,21
North Ostrobothnia,2017,pes,"Persian, Farsi",500
North Ostrobothnia,2017,pol,Polish,110
North Ostrobothnia,2017,por,Portuguese,102
North Ostrobothnia,2017,pst,Pushto,29
North Ostrobothnia,2017,ron,Romanian,47
North Ostrobothnia,2017,rus,Russian,1818
North Ostrobothnia,2017,sin,Sinhala,35
North Ostrobothnia,2017,slk,Slovak,34
North Ostrobothnia,2017,sme,Sami,127
North Ostrobothnia,2017,som,Somali,421
North Ostrobothnia,2017,spa,Spanish,171
North Ostrobothnia,2017,srp,Serbian,13
North Ostrobothnia,2017,swe,Swedish,732
North Ostrobothnia,2017,swh,Swahili,129
North Ostrobothnia,2017,tam,Tamil,48
North Ostrobothnia,2017,tel,Telugu,32
North Ostrobothnia,2017,tgl,Tagalog,67
North Ostrobothnia,2017,tha,Thai,443
North Ostrobothnia,2017,tir,Tigrinya,112
North Ostrobothnia,2017,tur,Turkish,301
North Ostrobothnia,2017,ukr,Ukrainian,61
North Ostrobothnia,2017,urd,Urdu,110
North Ostrobothnia,2017,vie,Vietnamese,427
North Ostrobothnia,2017,yor,Yoruba,30
North Ostrobothnia,2018,aar,Afar,10
North Ostrobothnia,2018,aka,Akan,15
North Ostrobothnia,2018,als,Albanian,243
North Ostrobothnia,2018,amh,Amharic,36
North Ostrobothnia,2018,arb,Arabic,911
North Ostrobothnia,2018,ben,"Bengali, (Bangla)",165
North Ostrobothnia,2018,bos,Bosnian,24
North Ostrobothnia,2018,bul,Bulgarian,72
North Ostrobothnia,2018,ces,Czech,20
North Ostrobothnia,2018,che,Chechen,13
North Ostrobothnia,2018,ckb,Kurdish,353
North Ostrobothnia,2018,cmn,Chinese,542
North Ostrobothnia,2018,dan,Danish,13
North Ostrobothnia,2018,deu,German,177
North Ostrobothnia,2018,ekk,Estonian,354
North Ostrobothnia,2018,ell,Greek (modern),52
North Ostrobothnia,2018,eng,English,621
North Ostrobothnia,2018,fin,Finnish,399539
North Ostrobothnia,2018,fra,French,112
North Ostrobothnia,2018,hin,Hindi,82
North Ostrobothnia,2018,hun,Hungarian,227
North Ostrobothnia,2018,ibo,Igbo,20
North Ostrobothnia,2018,ind,Indonesian,37
North Ostrobothnia,2018,ita,Italian,67
North Ostrobothnia,2018,jpn,Japanese,77
North Ostrobothnia,2018,kan,Kannada,13
North Ostrobothnia,2018,kin,Kinyarwanda,54
North Ostrobothnia,2018,kor,Korean,35
North Ostrobothnia,2018,lit,Lithuanian,20
North Ostrobothnia,2018,lvs,Latvian,26
North Ostrobothnia,2018,mal,Malayalam,20
North Ostrobothnia,2018,nld,Dutch,51
North Ostrobothnia,2018,nor,Norwegian,16
North Ostrobothnia,2018,npi,Nepali,108
North Ostrobothnia,2018,pan,Panjabi,28
North Ostrobothnia,2018,pes,"Persian, Farsi",503
North Ostrobothnia,2018,pol,Polish,103
North Ostrobothnia,2018,por,Portuguese,105
North Ostrobothnia,2018,pst,Pushto,26
North Ostrobothnia,2018,ron,Romanian,54
North Ostrobothnia,2018,rus,Russian,1868
North Ostrobothnia,2018,sin,Sinhala,48
North Ostrobothnia,2018,slk,Slovak,29
North Ostrobothnia,2018,sme,Sami,142
North Ostrobothnia,2018,som,Somali,442
North Ostrobothnia,2018,spa,Spanish,191
North Ostrobothnia,2018,srp,Serbian,12
North Ostrobothnia,2018,swe,Swedish,725
North Ostrobothnia,2018,swh,Swahili,131
North Ostrobothnia,2018,tam,Tamil,49
North Ostrobothnia,2018,tel,Telugu,40
North Ostrobothnia,2018,tgl,Tagalog,69
North Ostrobothnia,2018,tha,Thai,453
North Ostrobothnia,2018,tir,Tigrinya,167
North Ostrobothnia,2018,tur,Turkish,322
North Ostrobothnia,2018,ukr,Ukrainian,64
North Ostrobothnia,2018,urd,Urdu,131
North Ostrobothnia,2018,vie,Vietnamese,422
North Ostrobothnia,2018,yor,Yoruba,32
North Ostrobothnia,2018,zlm,Malay,10
North Ostrobothnia,2019,aka,Akan,26
North Ostrobothnia,2019,als,Albanian,233
North Ostrobothnia,2019,amh,Amharic,40
North Ostrobothnia,2019,arb,Arabic,973
North Ostrobothnia,2019,ben,"Bengali, (Bangla)",169
North Ostrobothnia,2019,bos,Bosnian,24
North Ostrobothnia,2019,bul,Bulgarian,70
North Ostrobothnia,2019,ces,Czech,26
North Ostrobothnia,2019,che,Chechen,12
North Ostrobothnia,2019,ckb,Kurdish,382
North Ostrobothnia,2019,cmn,Chinese,582
North Ostrobothnia,2019,dan,Danish,12
North Ostrobothnia,2019,deu,German,176
North Ostrobothnia,2019,ekk,Estonian,354
North Ostrobothnia,2019,ell,Greek (modern),56
North Ostrobothnia,2019,eng,English,692
North Ostrobothnia,2019,fin,Finnish,399522
North Ostrobothnia,2019,fra,French,121
North Ostrobothnia,2019,hin,Hindi,97
North Ostrobothnia,2019,hun,Hungarian,222
North Ostrobothnia,2019,ibo,Igbo,24
North Ostrobothnia,2019,ind,Indonesian,43
North Ostrobothnia,2019,ita,Italian,70
North Ostrobothnia,2019,jpn,Japanese,82
North Ostrobothnia,2019,kan,Kannada,16
North Ostrobothnia,2019,kin,Kinyarwanda,51
North Ostrobothnia,2019,kor,Korean,32
North Ostrobothnia,2019,lit,Lithuanian,20
North Ostrobothnia,2019,lvs,Latvian,23
North Ostrobothnia,2019,mal,Malayalam,26
North Ostrobothnia,2019,mar,Marathi,11
North Ostrobothnia,2019,nld,Dutch,57
North Ostrobothnia,2019,nor,Norwegian,17
North Ostrobothnia,2019,npi,Nepali,113
North Ostrobothnia,2019,pan,Panjabi,26
North Ostrobothnia,2019,pes,"Persian, Farsi",488
North Ostrobothnia,2019,pol,Polish,113
North Ostrobothnia,2019,por,Portuguese,108
North Ostrobothnia,2019,pst,Pushto,20
North Ostrobothnia,2019,ron,Romanian,67
North Ostrobothnia,2019,rus,Russian,1960
North Ostrobothnia,2019,sin,Sinhala,64
North Ostrobothnia,2019,slk,Slovak,34
North Ostrobothnia,2019,sme,Sami,133
North Ostrobothnia,2019,snd,Sindhi,10
North Ostrobothnia,2019,som,Somali,477
North Ostrobothnia,2019,spa,Spanish,194
North Ostrobothnia,2019,srp,Serbian,13
North Ostrobothnia,2019,swe,Swedish,723
North Ostrobothnia,2019,swh,Swahili,173
North Ostrobothnia,2019,tam,Tamil,64
North Ostrobothnia,2019,tel,Telugu,46
North Ostrobothnia,2019,tgl,Tagalog,76
North Ostrobothnia,2019,tha,Thai,474
North Ostrobothnia,2019,tir,Tigrinya,178
North Ostrobothnia,2019,tur,Turkish,364
North Ostrobothnia,2019,ukr,Ukrainian,72
North Ostrobothnia,2019,urd,Urdu,155
North Ostrobothnia,2019,vie,Vietnamese,451
North Ostrobothnia,2019,yor,Yoruba,33
North Ostrobothnia,2019,zlm,Malay,11
North Ostrobothnia,2020,aka,Akan,29
North Ostrobothnia,2020,als,Albanian,225
North Ostrobothnia,2020,amh,Amharic,41
North Ostrobothnia,2020,arb,Arabic,985
North Ostrobothnia,2020,ben,"Bengali, (Bangla)",177
North Ostrobothnia,2020,bos,Bosnian,25
North Ostrobothnia,2020,bul,Bulgarian,64
North Ostrobothnia,2020,ces,Czech,23
North Ostrobothnia,2020,che,Chechen,21
North Ostrobothnia,2020,ckb,Kurdish,363
North Ostrobothnia,2020,cmn,Chinese,626
North Ostrobothnia,2020,dan,Danish,14
North Ostrobothnia,2020,deu,German,188
North Ostrobothnia,2020,ekk,Estonian,354
North Ostrobothnia,2020,ell,Greek (modern),55
North Ostrobothnia,2020,eng,English,717
North Ostrobothnia,2020,fin,Finnish,399994
North Ostrobothnia,2020,fra,French,128
North Ostrobothnia,2020,hin,Hindi,103
North Ostrobothnia,2020,hun,Hungarian,220
North Ostrobothnia,2020,ibo,Igbo,23
North Ostrobothnia,2020,ind,Indonesian,44
North Ostrobothnia,2020,ita,Italian,82
North Ostrobothnia,2020,jpn,Japanese,82
North Ostrobothnia,2020,kan,Kannada,16
North Ostrobothnia,2020,kin,Kinyarwanda,54
North Ostrobothnia,2020,kor,Korean,35
North Ostrobothnia,2020,lit,Lithuanian,23
North Ostrobothnia,2020,lvs,Latvian,31
North Ostrobothnia,2020,mal,Malayalam,31
North Ostrobothnia,2020,mar,Marathi,13
North Ostrobothnia,2020,nld,Dutch,64
North Ostrobothnia,2020,nor,Norwegian,17
North Ostrobothnia,2020,npi,Nepali,114
North Ostrobothnia,2020,pan,Panjabi,26
North Ostrobothnia,2020,pes,"Persian, Farsi",507
North Ostrobothnia,2020,pol,Polish,123
North Ostrobothnia,2020,por,Portuguese,116
North Ostrobothnia,2020,pst,Pushto,20
North Ostrobothnia,2020,ron,Romanian,72
North Ostrobothnia,2020,rus,Russian,2094
North Ostrobothnia,2020,sin,Sinhala,64
North Ostrobothnia,2020,slk,Slovak,34
North Ostrobothnia,2020,sme,Sami,154
North Ostrobothnia,2020,snd,Sindhi,12
North Ostrobothnia,2020,som,Somali,497
North Ostrobothnia,2020,spa,Spanish,203
North Ostrobothnia,2020,srp,Serbian,14
North Ostrobothnia,2020,swe,Swedish,738
North Ostrobothnia,2020,swh,Swahili,180
North Ostrobothnia,2020,tam,Tamil,82
North Ostrobothnia,2020,tel,Telugu,48
North Ostrobothnia,2020,tgl,Tagalog,80
North Ostrobothnia,2020,tha,Thai,488
North Ostrobothnia,2020,tir,Tigrinya,190
North Ostrobothnia,2020,tuk,Turkmen,11
North Ostrobothnia,2020,tur,Turkish,377
North Ostrobothnia,2020,ukr,Ukrainian,112
North Ostrobothnia,2020,urd,Urdu,174
North Ostrobothnia,2020,vie,Vietnamese,444
North Ostrobothnia,2020,yor,Yoruba,37
North Ostrobothnia,2020,zlm,Malay,10
North Ostrobothnia,2021,aka,Akan,31
North Ostrobothnia,2021,als,Albanian,240
North Ostrobothnia,2021,amh,Amharic,44
North Ostrobothnia,2021,arb,Arabic,995
North Ostrobothnia,2021,ben,"Bengali, (Bangla)",205
North Ostrobothnia,2021,bos,Bosnian,22
North Ostrobothnia,2021,bul,Bulgarian,65
North Ostrobothnia,2021,ces,Czech,27
North Ostrobothnia,2021,che,Chechen,12
North Ostrobothnia,2021,ckb,Kurdish,370
North Ostrobothnia,2021,cmn,Chinese,648
North Ostrobothnia,2021,dan,Danish,16
North Ostrobothnia,2021,deu,German,229
North Ostrobothnia,2021,ekk,Estonian,356
North Ostrobothnia,2021,ell,Greek (modern),58
North Ostrobothnia,2021,eng,English,790
North Ostrobothnia,2021,fin,Finnish,400720
North Ostrobothnia,2021,fra,French,130
North Ostrobothnia,2021,hin,Hindi,128
North Ostrobothnia,2021,hun,Hungarian,219
North Ostrobothnia,2021,ibo,Igbo,23
North Ostrobothnia,2021,ind,Indonesian,52
North Ostrobothnia,2021,ita,Italian,92
North Ostrobothnia,2021,jpn,Japanese,98
North Ostrobothnia,2021,kan,Kannada,21
North Ostrobothnia,2021,kin,Kinyarwanda,47
North Ostrobothnia,2021,kor,Korean,34
North Ostrobothnia,2021,lit,Lithuanian,28
North Ostrobothnia,2021,lvs,Latvian,35
North Ostrobothnia,2021,mal,Malayalam,41
North Ostrobothnia,2021,mar,Marathi,18
North Ostrobothnia,2021,mya,Burmese,10
North Ostrobothnia,2021,nld,Dutch,85
North Ostrobothnia,2021,nor,Norwegian,15
North Ostrobothnia,2021,npi,Nepali,130
North Ostrobothnia,2021,ory,Oriya,10
North Ostrobothnia,2021,pan,Panjabi,24
North Ostrobothnia,2021,pes,"Persian, Farsi",564
North Ostrobothnia,2021,pol,Polish,159
North Ostrobothnia,2021,por,Portuguese,129
North Ostrobothnia,2021,pst,Pushto,23
North Ostrobothnia,2021,ron,Romanian,78
North Ostrobothnia,2021,run,Rundi,10
North Ostrobothnia,2021,rus,Russian,2336
North Ostrobothnia,2021,sin,Sinhala,93
North Ostrobothnia,2021,slk,Slovak,35
North Ostrobothnia,2021,sme,Sami,158
North Ostrobothnia,2021,snd,Sindhi,12
North Ostrobothnia,2021,som,Somali,525
North Ostrobothnia,2021,spa,Spanish,234
North Ostrobothnia,2021,srp,Serbian,17
North Ostrobothnia,2021,swe,Swedish,728
North Ostrobothnia,2021,swh,Swahili,166
North Ostrobothnia,2021,tam,Tamil,89
North Ostrobothnia,2021,tel,Telugu,57
North Ostrobothnia,2021,tgl,Tagalog,121
North Ostrobothnia,2021,tha,Thai,545
North Ostrobothnia,2021,tir,Tigrinya,178
North Ostrobothnia,2021,tuk,Turkmen,10
North Ostrobothnia,2021,tur,Turkish,404
North Ostrobothnia,2021,ukr,Ukrainian,159
North Ostrobothnia,2021,urd,Urdu,187
North Ostrobothnia,2021,vie,Vietnamese,463
North Ostrobothnia,2021,yor,Yoruba,44
North Ostrobothnia,2021,zlm,Malay,12
North Ostrobothnia,2022,aka,Akan,29
North Ostrobothnia,2022,als,Albanian,231
North Ostrobothnia,2022,amh,Amharic,46
North Ostrobothnia,2022,arb,Arabic,1073
North Ostrobothnia,2022,ben,"Bengali, (Bangla)",268
North Ostrobothnia,2022,bos,Bosnian,22
North Ostrobothnia,2022,bul,Bulgarian,60
North Ostrobothnia,2022,ces,Czech,30
North Ostrobothnia,2022,che,Chechen,12
North Ostrobothnia,2022,ckb,Kurdish,382
North Ostrobothnia,2022,cmn,Chinese,720
North Ostrobothnia,2022,dan,Danish,19
North Ostrobothnia,2022,deu,German,240
North Ostrobothnia,2022,ekk,Estonian,368
North Ostrobothnia,2022,ell,Greek (modern),58
North Ostrobothnia,2022,eng,English,959
North Ostrobothnia,2022,fin,Finnish,400351
North Ostrobothnia,2022,fra,French,143
North Ostrobothnia,2022,guj,Gujarati,12
North Ostrobothnia,2022,hin,Hindi,146
North Ostrobothnia,2022,hun,Hungarian,224
North Ostrobothnia,2022,ibo,Igbo,28
North Ostrobothnia,2022,ind,Indonesian,57
North Ostrobothnia,2022,ita,Italian,102
North Ostrobothnia,2022,jpn,Japanese,92
North Ostrobothnia,2022,kan,Kannada,29
North Ostrobothnia,2022,kaz,Kazakh,12
North Ostrobothnia,2022,kin,Kinyarwanda,47
North Ostrobothnia,2022,kor,Korean,35
North Ostrobothnia,2022,lit,Lithuanian,28
North Ostrobothnia,2022,lvs,Latvian,37
North Ostrobothnia,2022,mal,Malayalam,59
North Ostrobothnia,2022,mar,Marathi,27
North Ostrobothnia,2022,mya,Burmese,13
North Ostrobothnia,2022,nld,Dutch,87
North Ostrobothnia,2022,nor,Norwegian,17
North Ostrobothnia,2022,npi,Nepali,155
North Ostrobothnia,2022,ory,Oriya,10
North Ostrobothnia,2022,pan,Panjabi,24
North Ostrobothnia,2022,pes,"Persian, Farsi",601
North Ostrobothnia,2022,pol,Polish,170
North Ostrobothnia,2022,por,Portuguese,135
North Ostrobothnia,2022,pst,Pushto,31
North Ostrobothnia,2022,ron,Romanian,83
North Ostrobothnia,2022,run,Rundi,10
North Ostrobothnia,2022,rus,Russian,2476
North Ostrobothnia,2022,sin,Sinhala,154
North Ostrobothnia,2022,slk,Slovak,37
North Ostrobothnia,2022,sme,Sami,153
North Ostrobothnia,2022,snd,Sindhi,15
North Ostrobothnia,2022,som,Somali,520
North Ostrobothnia,2022,spa,Spanish,272
North Ostrobothnia,2022,srp,Serbian,21
North Ostrobothnia,2022,swe,Swedish,714
North Ostrobothnia,2022,swh,Swahili,166
North Ostrobothnia,2022,tam,Tamil,110
North Ostrobothnia,2022,tat,Tatar,11
North Ostrobothnia,2022,tel,Telugu,66
North Ostrobothnia,2022,tgl,Tagalog,226
North Ostrobothnia,2022,tha,Thai,577
North Ostrobothnia,2022,tir,Tigrinya,179
North Ostrobothnia,2022,tuk,Turkmen,10
North Ostrobothnia,2022,tur,Turkish,443
North Ostrobothnia,2022,ukr,Ukrainian,182
North Ostrobothnia,2022,urd,Urdu,239
North Ostrobothnia,2022,uzn,Uzbek,22
North Ostrobothnia,2022,vie,Vietnamese,465
North Ostrobothnia,2022,yor,Yoruba,55
North Ostrobothnia,2022,zlm,Malay,13
North Ostrobothnia,2023,aar,Afar,10
North Ostrobothnia,2023,aka,Akan,36
North Ostrobothnia,2023,als,Albanian,245
North Ostrobothnia,2023,amh,Amharic,51
North Ostrobothnia,2023,arb,Arabic,1130
North Ostrobothnia,2023,azj,Azerbaijani,10
North Ostrobothnia,2023,ben,"Bengali, (Bangla)",405
North Ostrobothnia,2023,bos,Bosnian,22
North Ostrobothnia,2023,bul,Bulgarian,58
North Ostrobothnia,2023,ces,Czech,30
North Ostrobothnia,2023,che,Chechen,12
North Ostrobothnia,2023,ckb,Kurdish,401
North Ostrobothnia,2023,cmn,Chinese,851
North Ostrobothnia,2023,dan,Danish,17
North Ostrobothnia,2023,deu,German,258
North Ostrobothnia,2023,ekk,Estonian,376
North Ostrobothnia,2023,ell,Greek (modern),58
North Ostrobothnia,2023,eng,English,1090
North Ostrobothnia,2023,fin,Finnish,399353
North Ostrobothnia,2023,fra,French,142
North Ostrobothnia,2023,guj,Gujarati,18
North Ostrobothnia,2023,hau,Hausa,11
North Ostrobothnia,2023,hin,Hindi,174
North Ostrobothnia,2023,hun,Hungarian,233
North Ostrobothnia,2023,ibo,Igbo,45
North Ostrobothnia,2023,ind,Indonesian,64
North Ostrobothnia,2023,ita,Italian,111
North Ostrobothnia,2023,jpn,Japanese,101
North Ostrobothnia,2023,kan,Kannada,34
North Ostrobothnia,2023,kaz,Kazakh,15
North Ostrobothnia,2023,kin,Kinyarwanda,48
North Ostrobothnia,2023,kor,Korean,38
North Ostrobothnia,2023,lit,Lithuanian,33
North Ostrobothnia,2023,lvs,Latvian,41
North Ostrobothnia,2023,mal,Malayalam,81
North Ostrobothnia,2023,mar,Marathi,32
North Ostrobothnia,2023,mya,Burmese,21
North Ostrobothnia,2023,nld,Dutch,88
North Ostrobothnia,2023,nor,Norwegian,18
North Ostrobothnia,2023,npi,Nepali,195
North Ostrobothnia,2023,ory,Oriya,12
North Ostrobothnia,2023,pan,Panjabi,27
North Ostrobothnia,2023,pes,"Persian, Farsi",727
North Ostrobothnia,2023,pol,Polish,186
North Ostrobothnia,2023,por,Portuguese,138
North Ostrobothnia,2023,pst,Pushto,49
North Ostrobothnia,2023,ron,Romanian,87
North Ostrobothnia,2023,rus,Russian,2706
North Ostrobothnia,2023,sin,Sinhala,342
North Ostrobothnia,2023,slk,Slovak,43
North Ostrobothnia,2023,sme,Sami,168
North Ostrobothnia,2023,snd,Sindhi,16
North Ostrobothnia,2023,som,Somali,513
North Ostrobothnia,2023,spa,Spanish,316
North Ostrobothnia,2023,srp,Serbian,21
North Ostrobothnia,2023,swe,Swedish,721
North Ostrobothnia,2023,swh,Swahili,180
North Ostrobothnia,2023,tam,Tamil,131
North Ostrobothnia,2023,tat,Tatar,11
North Ostrobothnia,2023,tel,Telugu,77
North Ostrobothnia,2023,tgl,Tagalog,331
North Ostrobothnia,2023,tha,Thai,642
North Ostrobothnia,2023,tir,Tigrinya,174
North Ostrobothnia,2023,tuk,Turkmen,11
North Ostrobothnia,2023,tur,Turkish,531
North Ostrobothnia,2023,ukr,Ukrainian,960
North Ostrobothnia,2023,urd,Urdu,333
North Ostrobothnia,2023,uzn,Uzbek,46
North Ostrobothnia,2023,vie,Vietnamese,506
North Ostrobothnia,2023,yor,Yoruba,62
North Ostrobothnia,2023,zlm,Malay,12
North Ostrobothnia,2024,aar,Afar,11
North Ostrobothnia,2024,aka,Akan,46
North Ostrobothnia,2024,als,Albanian,281
North Ostrobothnia,2024,amh,Amharic,62
North Ostrobothnia,2024,arb,Arabic,1206
North Ostrobothnia,2024,azj,Azerbaijani,21
North Ostrobothnia,2024,bel,Belarusian,10
North Ostrobothnia,2024,ben,"Bengali, (Bangla)",500
North Ostrobothnia,2024,bos,Bosnian,20
North Ostrobothnia,2024,bul,Bulgarian,64
North Ostrobothnia,2024,ces,Czech,31
North Ostrobothnia,2024,che,Chechen,18
North Ostrobothnia,2024,ckb,Kurdish,416
North Ostrobothnia,2024,cmn,Chinese,896
North Ostrobothnia,2024,dan,Danish,15
North Ostrobothnia,2024,deu,German,263
North Ostrobothnia,2024,ekk,Estonian,390
North Ostrobothnia,2024,ell,Greek (modern),58
North Ostrobothnia,2024,eng,English,1214
North Ostrobothnia,2024,fin,Finnish,398021
North Ostrobothnia,2024,fra,French,144
North Ostrobothnia,2024,guj,Gujarati,16
North Ostrobothnia,2024,hau,Hausa,13
North Ostrobothnia,2024,hin,Hindi,184
North Ostrobothnia,2024,hun,Hungarian,237
North Ostrobothnia,2024,ibo,Igbo,57
North Ostrobothnia,2024,ind,Indonesian,76
North Ostrobothnia,2024,ita,Italian,126
North Ostrobothnia,2024,jpn,Japanese,101
North Ostrobothnia,2024,kan,Kannada,34
North Ostrobothnia,2024,kaz,Kazakh,17
North Ostrobothnia,2024,kin,Kinyarwanda,78
North Ostrobothnia,2024,kor,Korean,38
North Ostrobothnia,2024,lit,Lithuanian,32
North Ostrobothnia,2024,lvs,Latvian,49
North Ostrobothnia,2024,mal,Malayalam,94
North Ostrobothnia,2024,mar,Marathi,31
North Ostrobothnia,2024,mya,Burmese,26
North Ostrobothnia,2024,nld,Dutch,90
North Ostrobothnia,2024,nor,Norwegian,23
North Ostrobothnia,2024,npi,Nepali,213
North Ostrobothnia,2024,ory,Oriya,16
North Ostrobothnia,2024,pan,Panjabi,36
North Ostrobothnia,2024,pes,"Persian, Farsi",717
North Ostrobothnia,2024,pol,Polish,191
North Ostrobothnia,2024,por,Portuguese,142
North Ostrobothnia,2024,pst,Pushto,57
North Ostrobothnia,2024,ron,Romanian,87
North Ostrobothnia,2024,run,Rundi,11
North Ostrobothnia,2024,rus,Russian,2775
North Ostrobothnia,2024,sin,Sinhala,410
North Ostrobothnia,2024,slk,Slovak,42
North Ostrobothnia,2024,sme,Sami,169
North Ostrobothnia,2024,snd,Sindhi,15
North Ostrobothnia,2024,som,Somali,535
North Ostrobothnia,2024,spa,Spanish,338
North Ostrobothnia,2024,srp,Serbian,21
North Ostrobothnia,2024,swe,Swedish,725
North Ostrobothnia,2024,swh,Swahili,172
North Ostrobothnia,2024,tam,Tamil,153
North Ostrobothnia,2024,tat,Tatar,11
North Ostrobothnia,2024,tel,Telugu,77
North Ostrobothnia,2024,tgl,Tagalog,383
North Ostrobothnia,2024,tha,Thai,665
North Ostrobothnia,2024,tir,Tigrinya,172
North Ostrobothnia,2024,tuk,Turkmen,10
North Ostrobothnia,2024,tur,Turkish,537
North Ostrobothnia,2024,ukr,Ukrainian,1193
North Ostrobothnia,2024,urd,Urdu,433
North Ostrobothnia,2024,uzn,Uzbek,48
North Ostrobothnia,2024,vie,Vietnamese,553
North Ostrobothnia,2024,yor,Yoruba,77
North Ostrobothnia,2024,zlm,Malay,11
North Ostrobothnia,2025,aar,Afar,12
North Ostrobothnia,2025,afr,Afrikaans,10
North Ostrobothnia,2025,aka,Akan,48
North Ostrobothnia,2025,als,Albanian,281
North Ostrobothnia,2025,amh,Amharic,97
North Ostrobothnia,2025,arb,Arabic,1250
North Ostrobothnia,2025,azj,Azerbaijani,13
North Ostrobothnia,2025,ben,"Bengali, (Bangla)",617
North Ostrobothnia,2025,bos,Bosnian,20
North Ostrobothnia,2025,bul,Bulgarian,66
North Ostrobothnia,2025,ces,Czech,36
North Ostrobothnia,2025,che,Chechen,11
North Ostrobothnia,2025,ckb,Kurdish,416
North Ostrobothnia,2025,cmn,Chinese,943
North Ostrobothnia,2025,dan,Danish,20
North Ostrobothnia,2025,deu,German,265
North Ostrobothnia,2025,ekk,Estonian,383
North Ostrobothnia,2025,ell,Greek (modern),65
North Ostrobothnia,2025,eng,English,1306
North Ostrobothnia,2025,fin,Finnish,396450
North Ostrobothnia,2025,fra,French,158
North Ostrobothnia,2025,guj,Gujarati,26
North Ostrobothnia,2025,hae,Oromo,11
North Ostrobothnia,2025,hau,Hausa,13
North Ostrobothnia,2025,hin,Hindi,196
North Ostrobothnia,2025,hun,Hungarian,243
North Ostrobothnia,2025,ibo,Igbo,63
North Ostrobothnia,2025,ind,Indonesian,79
North Ostrobothnia,2025,ita,Italian,135
North Ostrobothnia,2025,jpn,Japanese,100
North Ostrobothnia,2025,kan,Kannada,34
North Ostrobothnia,2025,kaz,Kazakh,16
North Ostrobothnia,2025,kin,Kinyarwanda,122
North Ostrobothnia,2025,kor,Korean,37
North Ostrobothnia,2025,lit,Lithuanian,28
North Ostrobothnia,2025,lvs,Latvian,38
North Ostrobothnia,2025,mal,Malayalam,109
North Ostrobothnia,2025,mar,Marathi,34
North Ostrobothnia,2025,mya,Burmese,42
North Ostrobothnia,2025,nld,Dutch,97
North Ostrobothnia,2025,nor,Norwegian,23
North Ostrobothnia,2025,npi,Nepali,242
North Ostrobothnia,2025,ory,Oriya,15
North Ostrobothnia,2025,pan,Panjabi,37
North Ostrobothnia,2025,pes,"Persian, Farsi",734
North Ostrobothnia,2025,pol,Polish,188
North Ostrobothnia,2025,por,Portuguese,142
North Ostrobothnia,2025,pst,Pushto,69
North Ostrobothnia,2025,ron,Romanian,77
North Ostrobothnia,2025,run,Rundi,10
North Ostrobothnia,2025,rus,Russian,2729
North Ostrobothnia,2025,sin,Sinhala,472
North Ostrobothnia,2025,slk,Slovak,40
North Ostrobothnia,2025,sme,Sami,171
North Ostrobothnia,2025,sna,Shona,11
North Ostrobothnia,2025,snd,Sindhi,17
North Ostrobothnia,2025,som,Somali,558
North Ostrobothnia,2025,spa,Spanish,379
North Ostrobothnia,2025,srp,Serbian,16
North Ostrobothnia,2025,swe,Swedish,708
North Ostrobothnia,2025,swh,Swahili,161
North Ostrobothnia,2025,tam,Tamil,157
North Ostrobothnia,2025,tat,Tatar,11
North Ostrobothnia,2025,tel,Telugu,73
North Ostrobothnia,2025,tgl,Tagalog,393
North Ostrobothnia,2025,tha,Thai,753
North Ostrobothnia,2025,tir,Tigrinya,172
North Ostrobothnia,2025,tur,Turkish,556
North Ostrobothnia,2025,ukr,Ukrainian,1364
North Ostrobothnia,2025,urd,Urdu,530
North Ostrobothnia,2025,uzn,Uzbek,43
North Ostrobothnia,2025,vie,Vietnamese,608
North Ostrobothnia,2025,yor,Yoruba,106
North Ostrobothnia,2025,zlm,Malay,12
North Savo,1990,arb,Arabic,24
North Savo,1990,deu,German,44
North Savo,1990,ekk,Estonian,20
North Savo,1990,eng,English,56
North Savo,1990,fin,Finnish,264284
North Savo,1990,rus,Russian,71
North Savo,1990,spa,Spanish,11
North Savo,1990,swe,Swedish,193
North Savo,1991,arb,Arabic,30
North Savo,1991,deu,German,45
North Savo,1991,ekk,Estonian,117
North Savo,1991,eng,English,73
North Savo,1991,fin,Finnish,264858
North Savo,1991,pol,Polish,25
North Savo,1991,rus,Russian,159
North Savo,1991,som,Somali,78
North Savo,1991,spa,Spanish,12
North Savo,1991,swe,Swedish,204
North Savo,1991,tur,Turkish,14
North Savo,1992,arb,Arabic,77
North Savo,1992,cmn,Chinese,16
North Savo,1992,deu,German,54
North Savo,1992,ekk,Estonian,188
North Savo,1992,eng,English,80
North Savo,1992,fin,Finnish,265393
North Savo,1992,pol,Polish,29
North Savo,1992,rus,Russian,251
North Savo,1992,som,Somali,97
North Savo,1992,spa,Spanish,14
North Savo,1992,swe,Swedish,217
North Savo,1992,tur,Turkish,12
North Savo,1993,als,Albanian,37
North Savo,1993,arb,Arabic,108
North Savo,1993,cmn,Chinese,20
North Savo,1993,deu,German,58
North Savo,1993,ekk,Estonian,186
North Savo,1993,eng,English,84
North Savo,1993,fin,Finnish,265212
North Savo,1993,ita,Italian,10
North Savo,1993,pol,Polish,35
North Savo,1993,rus,Russian,303
North Savo,1993,som,Somali,140
North Savo,1993,spa,Spanish,15
North Savo,1993,srp,Serbian,64
North Savo,1993,swe,Swedish,226
North Savo,1993,tha,Thai,10
North Savo,1993,tur,Turkish,19
North Savo,1994,als,Albanian,43
North Savo,1994,arb,Arabic,105
North Savo,1994,cmn,Chinese,29
North Savo,1994,deu,German,59
North Savo,1994,ekk,Estonian,196
North Savo,1994,eng,English,92
North Savo,1994,fin,Finnish,265038
North Savo,1994,ita,Italian,10
North Savo,1994,pol,Polish,34
North Savo,1994,rus,Russian,357
North Savo,1994,som,Somali,149
North Savo,1994,spa,Spanish,17
North Savo,1994,srp,Serbian,60
North Savo,1994,swe,Swedish,225
North Savo,1994,tha,Thai,15
North Savo,1994,tur,Turkish,27
North Savo,1995,als,Albanian,37
North Savo,1995,arb,Arabic,118
North Savo,1995,cmn,Chinese,31
North Savo,1995,deu,German,59
North Savo,1995,ekk,Estonian,176
North Savo,1995,eng,English,109
North Savo,1995,fin,Finnish,264415
North Savo,1995,pol,Polish,35
North Savo,1995,rus,Russian,368
North Savo,1995,som,Somali,137
North Savo,1995,spa,Spanish,22
North Savo,1995,srp,Serbian,61
North Savo,1995,swe,Swedish,232
North Savo,1995,tha,Thai,13
North Savo,1995,tur,Turkish,30
North Savo,1996,als,Albanian,34
North Savo,1996,arb,Arabic,188
North Savo,1996,cmn,Chinese,30
North Savo,1996,deu,German,59
North Savo,1996,ekk,Estonian,189
North Savo,1996,eng,English,110
North Savo,1996,fin,Finnish,263632
North Savo,1996,ita,Italian,10
North Savo,1996,pol,Polish,35
North Savo,1996,rus,Russian,431
North Savo,1996,som,Somali,129
North Savo,1996,spa,Spanish,18
North Savo,1996,srp,Serbian,51
North Savo,1996,swe,Swedish,230
North Savo,1996,swh,Swahili,10
North Savo,1996,tha,Thai,17
North Savo,1996,tur,Turkish,35
North Savo,1997,als,Albanian,35
North Savo,1997,arb,Arabic,253
North Savo,1997,cmn,Chinese,33
North Savo,1997,deu,German,63
North Savo,1997,ekk,Estonian,173
North Savo,1997,eng,English,96
North Savo,1997,fin,Finnish,262432
North Savo,1997,hae,Oromo,10
North Savo,1997,ita,Italian,10
North Savo,1997,pol,Polish,35
North Savo,1997,rus,Russian,498
North Savo,1997,som,Somali,122
North Savo,1997,spa,Spanish,29
North Savo,1997,srp,Serbian,34
North Savo,1997,swe,Swedish,216
North Savo,1997,swh,Swahili,10
North Savo,1997,tha,Thai,17
North Savo,1997,tur,Turkish,42
North Savo,1998,als,Albanian,27
North Savo,1998,arb,Arabic,294
North Savo,1998,cmn,Chinese,34
North Savo,1998,deu,German,71
North Savo,1998,ekk,Estonian,190
North Savo,1998,eng,English,120
North Savo,1998,fin,Finnish,260696
North Savo,1998,fra,French,13
North Savo,1998,hae,Oromo,10
North Savo,1998,ita,Italian,11
North Savo,1998,pol,Polish,18
North Savo,1998,rus,Russian,538
North Savo,1998,som,Somali,120
North Savo,1998,spa,Spanish,27
North Savo,1998,srp,Serbian,34
North Savo,1998,swe,Swedish,222
North Savo,1998,tha,Thai,19
North Savo,1998,tur,Turkish,40
North Savo,1999,als,Albanian,31
North Savo,1999,arb,Arabic,345
North Savo,1999,cmn,Chinese,35
North Savo,1999,deu,German,62
North Savo,1999,ekk,Estonian,176
North Savo,1999,eng,English,122
North Savo,1999,fin,Finnish,259023
North Savo,1999,fra,French,14
North Savo,1999,hin,Hindi,10
North Savo,1999,ita,Italian,15
North Savo,1999,pol,Polish,17
North Savo,1999,rus,Russian,574
North Savo,1999,som,Somali,93
North Savo,1999,spa,Spanish,26
North Savo,1999,srp,Serbian,24
North Savo,1999,swe,Swedish,213
North Savo,1999,tha,Thai,21
North Savo,1999,tur,Turkish,44
North Savo,2000,als,Albanian,36
North Savo,2000,arb,Arabic,354
North Savo,2000,cmn,Chinese,20
North Savo,2000,deu,German,62
North Savo,2000,ekk,Estonian,143
North Savo,2000,ell,Greek (modern),10
North Savo,2000,eng,English,116
North Savo,2000,fin,Finnish,257363
North Savo,2000,fra,French,15
North Savo,2000,ita,Italian,15
North Savo,2000,pol,Polish,15
North Savo,2000,rus,Russian,616
North Savo,2000,som,Somali,46
North Savo,2000,spa,Spanish,25
North Savo,2000,srp,Serbian,25
North Savo,2000,swe,Swedish,199
North Savo,2000,tha,Thai,23
North Savo,2000,tur,Turkish,48
North Savo,2001,als,Albanian,26
North Savo,2001,arb,Arabic,329
North Savo,2001,cmn,Chinese,26
North Savo,2001,deu,German,60
North Savo,2001,ekk,Estonian,136
North Savo,2001,eng,English,116
North Savo,2001,fin,Finnish,256291
North Savo,2001,fra,French,16
North Savo,2001,ita,Italian,16
North Savo,2001,mya,Burmese,33
North Savo,2001,pol,Polish,15
North Savo,2001,rus,Russian,697
North Savo,2001,som,Somali,51
North Savo,2001,spa,Spanish,29
North Savo,2001,srp,Serbian,20
North Savo,2001,swe,Swedish,192
North Savo,2001,tha,Thai,30
North Savo,2001,tur,Turkish,49
North Savo,2002,als,Albanian,19
North Savo,2002,arb,Arabic,296
North Savo,2002,cmn,Chinese,35
North Savo,2002,deu,German,58
North Savo,2002,ekk,Estonian,149
North Savo,2002,eng,English,125
North Savo,2002,fin,Finnish,255281
North Savo,2002,fra,French,19
North Savo,2002,ita,Italian,16
North Savo,2002,mya,Burmese,38
North Savo,2002,pol,Polish,18
North Savo,2002,rus,Russian,776
North Savo,2002,som,Somali,41
North Savo,2002,spa,Spanish,29
North Savo,2002,srp,Serbian,13
North Savo,2002,swe,Swedish,199
North Savo,2002,tha,Thai,49
North Savo,2002,tur,Turkish,46
North Savo,2003,als,Albanian,18
North Savo,2003,arb,Arabic,266
North Savo,2003,cmn,Chinese,32
North Savo,2003,deu,German,75
North Savo,2003,ekk,Estonian,172
North Savo,2003,eng,English,118
North Savo,2003,fin,Finnish,254553
North Savo,2003,fra,French,19
North Savo,2003,ita,Italian,16
North Savo,2003,mya,Burmese,31
North Savo,2003,pol,Polish,20
North Savo,2003,rus,Russian,846
North Savo,2003,som,Somali,44
North Savo,2003,spa,Spanish,26
North Savo,2003,srp,Serbian,14
North Savo,2003,swe,Swedish,186
North Savo,2003,tha,Thai,58
North Savo,2003,tir,Tigrinya,11
North Savo,2003,tur,Turkish,61
North Savo,2003,ukr,Ukrainian,10
North Savo,2004,als,Albanian,19
North Savo,2004,arb,Arabic,270
North Savo,2004,cmn,Chinese,36
North Savo,2004,deu,German,82
North Savo,2004,ekk,Estonian,200
North Savo,2004,eng,English,122
North Savo,2004,fin,Finnish,254090
North Savo,2004,fra,French,18
North Savo,2004,ita,Italian,16
North Savo,2004,mya,Burmese,50
North Savo,2004,nld,Dutch,10
North Savo,2004,pol,Polish,23
North Savo,2004,rus,Russian,887
North Savo,2004,som,Somali,43
North Savo,2004,spa,Spanish,23
North Savo,2004,srp,Serbian,14
North Savo,2004,swe,Swedish,179
North Savo,2004,tha,Thai,59
North Savo,2004,tur,Turkish,54
North Savo,2004,ukr,Ukrainian,10
North Savo,2005,als,Albanian,20
North Savo,2005,arb,Arabic,280
North Savo,2005,cmn,Chinese,44
North Savo,2005,deu,German,84
North Savo,2005,ekk,Estonian,249
North Savo,2005,eng,English,121
North Savo,2005,fin,Finnish,252861
North Savo,2005,fra,French,22
North Savo,2005,hun,Hungarian,10
North Savo,2005,ita,Italian,16
North Savo,2005,mya,Burmese,47
North Savo,2005,nld,Dutch,10
North Savo,2005,pol,Polish,23
North Savo,2005,rus,Russian,949
North Savo,2005,som,Somali,21
North Savo,2005,spa,Spanish,31
North Savo,2005,srp,Serbian,13
North Savo,2005,swe,Swedish,204
North Savo,2005,tha,Thai,71
North Savo,2005,tur,Turkish,53
North Savo,2005,ukr,Ukrainian,10
North Savo,2006,als,Albanian,21
North Savo,2006,arb,Arabic,283
North Savo,2006,cmn,Chinese,58
North Savo,2006,deu,German,83
North Savo,2006,ekk,Estonian,274
North Savo,2006,eng,English,137
North Savo,2006,fin,Finnish,251996
North Savo,2006,fra,French,27
North Savo,2006,hin,Hindi,12
North Savo,2006,hun,Hungarian,11
North Savo,2006,ita,Italian,17
North Savo,2006,mya,Burmese,49
North Savo,2006,pol,Polish,26
North Savo,2006,rus,Russian,1045
North Savo,2006,som,Somali,30
North Savo,2006,spa,Spanish,33
North Savo,2006,srp,Serbian,14
North Savo,2006,swe,Swedish,201
North Savo,2006,tha,Thai,64
North Savo,2006,tur,Turkish,71
North Savo,2006,ukr,Ukrainian,10
North Savo,2007,als,Albanian,25
North Savo,2007,arb,Arabic,296
North Savo,2007,cmn,Chinese,72
North Savo,2007,deu,German,98
North Savo,2007,ekk,Estonian,335
North Savo,2007,eng,English,147
North Savo,2007,fin,Finnish,250949
North Savo,2007,fra,French,26
North Savo,2007,hin,Hindi,10
North Savo,2007,hun,Hungarian,12
North Savo,2007,ita,Italian,19
North Savo,2007,mya,Burmese,55
North Savo,2007,nld,Dutch,12
North Savo,2007,pol,Polish,30
North Savo,2007,ron,Romanian,14
North Savo,2007,rus,Russian,1097
North Savo,2007,som,Somali,21
North Savo,2007,spa,Spanish,36
North Savo,2007,srp,Serbian,15
North Savo,2007,swe,Swedish,199
North Savo,2007,tha,Thai,85
North Savo,2007,tur,Turkish,78
North Savo,2007,ukr,Ukrainian,10
North Savo,2008,als,Albanian,25
North Savo,2008,arb,Arabic,309
North Savo,2008,ckb,Kurdish,11
North Savo,2008,cmn,Chinese,106
North Savo,2008,deu,German,96
North Savo,2008,ekk,Estonian,357
North Savo,2008,eng,English,202
North Savo,2008,fin,Finnish,250116
North Savo,2008,fra,French,28
North Savo,2008,ita,Italian,20
North Savo,2008,lit,Lithuanian,14
North Savo,2008,mya,Burmese,76
North Savo,2008,nld,Dutch,14
North Savo,2008,pol,Polish,60
North Savo,2008,ron,Romanian,13
North Savo,2008,rus,Russian,1196
North Savo,2008,som,Somali,20
North Savo,2008,spa,Spanish,42
North Savo,2008,srp,Serbian,18
North Savo,2008,swe,Swedish,190
North Savo,2008,tgl,Tagalog,10
North Savo,2008,tha,Thai,94
North Savo,2008,tur,Turkish,109
North Savo,2008,ukr,Ukrainian,11
North Savo,2008,vie,Vietnamese,13
North Savo,2009,als,Albanian,27
North Savo,2009,arb,Arabic,317
North Savo,2009,cmn,Chinese,115
North Savo,2009,deu,German,96
North Savo,2009,ekk,Estonian,394
North Savo,2009,eng,English,218
North Savo,2009,fin,Finnish,249540
North Savo,2009,fra,French,28
North Savo,2009,ita,Italian,22
North Savo,2009,lit,Lithuanian,15
North Savo,2009,mya,Burmese,77
North Savo,2009,nld,Dutch,14
North Savo,2009,pol,Polish,62
North Savo,2009,ron,Romanian,13
North Savo,2009,rus,Russian,1274
North Savo,2009,som,Somali,25
North Savo,2009,spa,Spanish,50
North Savo,2009,srp,Serbian,19
North Savo,2009,swe,Swedish,191
North Savo,2009,tgl,Tagalog,11
North Savo,2009,tha,Thai,127
North Savo,2009,tur,Turkish,114
North Savo,2009,ukr,Ukrainian,16
North Savo,2009,urd,Urdu,12
North Savo,2009,vie,Vietnamese,20
North Savo,2009,yor,Yoruba,10
North Savo,2010,als,Albanian,28
North Savo,2010,amh,Amharic,12
North Savo,2010,arb,Arabic,357
North Savo,2010,cmn,Chinese,126
North Savo,2010,deu,German,99
North Savo,2010,ekk,Estonian,439
North Savo,2010,ell,Greek (modern),13
North Savo,2010,eng,English,224
North Savo,2010,fin,Finnish,248912
North Savo,2010,fra,French,28
North Savo,2010,ita,Italian,22
North Savo,2010,lit,Lithuanian,17
North Savo,2010,mya,Burmese,87
North Savo,2010,nld,Dutch,15
North Savo,2010,pol,Polish,60
North Savo,2010,ron,Romanian,15
North Savo,2010,rus,Russian,1387
North Savo,2010,som,Somali,34
North Savo,2010,spa,Spanish,60
North Savo,2010,srp,Serbian,19
North Savo,2010,swe,Swedish,225
North Savo,2010,tgl,Tagalog,14
North Savo,2010,tha,Thai,135
North Savo,2010,tur,Turkish,134
North Savo,2010,ukr,Ukrainian,15
North Savo,2010,urd,Urdu,12
North Savo,2010,vie,Vietnamese,21
North Savo,2010,yor,Yoruba,14
North Savo,2011,als,Albanian,25
North Savo,2011,amh,Amharic,11
North Savo,2011,arb,Arabic,370
North Savo,2011,bul,Bulgarian,11
North Savo,2011,ckb,Kurdish,10
North Savo,2011,cmn,Chinese,163
North Savo,2011,deu,German,104
North Savo,2011,ekk,Estonian,516
North Savo,2011,ell,Greek (modern),14
North Savo,2011,eng,English,223
North Savo,2011,fin,Finnish,248570
North Savo,2011,fra,French,27
North Savo,2011,hin,Hindi,16
North Savo,2011,hun,Hungarian,18
North Savo,2011,ita,Italian,30
North Savo,2011,lit,Lithuanian,16
North Savo,2011,mya,Burmese,87
North Savo,2011,nld,Dutch,16
North Savo,2011,npi,Nepali,11
North Savo,2011,pol,Polish,66
North Savo,2011,por,Portuguese,13
North Savo,2011,ron,Romanian,18
North Savo,2011,rus,Russian,1555
North Savo,2011,som,Somali,37
North Savo,2011,spa,Spanish,67
North Savo,2011,srp,Serbian,19
North Savo,2011,swe,Swedish,213
North Savo,2011,tgl,Tagalog,14
North Savo,2011,tha,Thai,142
North Savo,2011,tur,Turkish,129
North Savo,2011,ukr,Ukrainian,17
North Savo,2011,urd,Urdu,11
North Savo,2011,vie,Vietnamese,26
North Savo,2011,yor,Yoruba,19
North Savo,2012,als,Albanian,28
North Savo,2012,amh,Amharic,15
North Savo,2012,arb,Arabic,390
North Savo,2012,ben,"Bengali, (Bangla)",12
North Savo,2012,bul,Bulgarian,14
North Savo,2012,cmn,Chinese,204
North Savo,2012,deu,German,119
North Savo,2012,ekk,Estonian,605
North Savo,2012,ell,Greek (modern),13
North Savo,2012,eng,English,238
North Savo,2012,fin,Finnish,248081
North Savo,2012,fra,French,27
North Savo,2012,hin,Hindi,15
North Savo,2012,hun,Hungarian,17
North Savo,2012,ita,Italian,32
North Savo,2012,lit,Lithuanian,18
North Savo,2012,mya,Burmese,85
North Savo,2012,nld,Dutch,15
North Savo,2012,npi,Nepali,19
North Savo,2012,pol,Polish,69
North Savo,2012,por,Portuguese,13
North Savo,2012,ron,Romanian,24
North Savo,2012,rus,Russian,1759
North Savo,2012,som,Somali,21
North Savo,2012,spa,Spanish,73
North Savo,2012,srp,Serbian,20
North Savo,2012,swe,Swedish,205
North Savo,2012,tel,Telugu,11
North Savo,2012,tgl,Tagalog,18
North Savo,2012,tha,Thai,182
North Savo,2012,tur,Turkish,147
North Savo,2012,ukr,Ukrainian,31
North Savo,2012,urd,Urdu,15
North Savo,2012,vie,Vietnamese,39
North Savo,2012,yor,Yoruba,24
North Savo,2013,als,Albanian,29
North Savo,2013,amh,Amharic,17
North Savo,2013,arb,Arabic,392
North Savo,2013,ben,"Bengali, (Bangla)",14
North Savo,2013,bul,Bulgarian,17
North Savo,2013,cmn,Chinese,233
North Savo,2013,deu,German,117
North Savo,2013,ekk,Estonian,635
North Savo,2013,ell,Greek (modern),17
North Savo,2013,eng,English,253
North Savo,2013,fin,Finnish,247774
North Savo,2013,fra,French,29
North Savo,2013,hin,Hindi,15
North Savo,2013,hun,Hungarian,17
North Savo,2013,ita,Italian,32
North Savo,2013,lit,Lithuanian,17
North Savo,2013,mya,Burmese,90
North Savo,2013,nld,Dutch,15
North Savo,2013,npi,Nepali,40
North Savo,2013,pes,"Persian, Farsi",102
North Savo,2013,pol,Polish,76
North Savo,2013,por,Portuguese,14
North Savo,2013,ron,Romanian,29
North Savo,2013,rus,Russian,1835
North Savo,2013,som,Somali,12
North Savo,2013,spa,Spanish,78
North Savo,2013,srp,Serbian,21
North Savo,2013,swe,Swedish,204
North Savo,2013,swh,Swahili,12
North Savo,2013,tel,Telugu,11
North Savo,2013,tgl,Tagalog,17
North Savo,2013,tha,Thai,180
North Savo,2013,tur,Turkish,163
North Savo,2013,ukr,Ukrainian,28
North Savo,2013,urd,Urdu,23
North Savo,2013,vie,Vietnamese,47
North Savo,2013,yor,Yoruba,29
North Savo,2014,aka,Akan,12
North Savo,2014,als,Albanian,38
North Savo,2014,amh,Amharic,17
North Savo,2014,arb,Arabic,424
North Savo,2014,ben,"Bengali, (Bangla)",18
North Savo,2014,bul,Bulgarian,28
North Savo,2014,ckb,Kurdish,17
North Savo,2014,cmn,Chinese,251
North Savo,2014,deu,German,119
North Savo,2014,ekk,Estonian,653
North Savo,2014,ell,Greek (modern),13
North Savo,2014,eng,English,282
North Savo,2014,fin,Finnish,247214
North Savo,2014,fra,French,32
North Savo,2014,hin,Hindi,20
North Savo,2014,hun,Hungarian,28
North Savo,2014,ita,Italian,37
North Savo,2014,lit,Lithuanian,15
North Savo,2014,mya,Burmese,94
North Savo,2014,nld,Dutch,15
North Savo,2014,npi,Nepali,50
North Savo,2014,pes,"Persian, Farsi",137
North Savo,2014,pol,Polish,91
North Savo,2014,por,Portuguese,12
North Savo,2014,ron,Romanian,36
North Savo,2014,rus,Russian,1957
North Savo,2014,som,Somali,12
North Savo,2014,spa,Spanish,130
North Savo,2014,srp,Serbian,19
North Savo,2014,swe,Swedish,213
North Savo,2014,swh,Swahili,12
North Savo,2014,tel,Telugu,11
North Savo,2014,tgl,Tagalog,20
North Savo,2014,tha,Thai,195
North Savo,2014,tur,Turkish,177
North Savo,2014,ukr,Ukrainian,37
North Savo,2014,urd,Urdu,32
North Savo,2014,vie,Vietnamese,50
North Savo,2014,yor,Yoruba,29
North Savo,2015,aka,Akan,13
North Savo,2015,als,Albanian,40
North Savo,2015,amh,Amharic,20
North Savo,2015,arb,Arabic,485
North Savo,2015,ben,"Bengali, (Bangla)",23
North Savo,2015,bul,Bulgarian,52
North Savo,2015,ckb,Kurdish,21
North Savo,2015,cmn,Chinese,247
North Savo,2015,deu,German,116
North Savo,2015,ekk,Estonian,679
North Savo,2015,ell,Greek (modern),16
North Savo,2015,eng,English,291
North Savo,2015,fin,Finnish,246516
North Savo,2015,fra,French,31
North Savo,2015,hin,Hindi,21
North Savo,2015,hun,Hungarian,37
North Savo,2015,ita,Italian,42
North Savo,2015,jpn,Japanese,11
North Savo,2015,kat,Georgian,10
North Savo,2015,lit,Lithuanian,19
North Savo,2015,mya,Burmese,92
North Savo,2015,nld,Dutch,15
North Savo,2015,npi,Nepali,61
North Savo,2015,pes,"Persian, Farsi",155
North Savo,2015,pol,Polish,79
North Savo,2015,por,Portuguese,12
North Savo,2015,ron,Romanian,38
North Savo,2015,rus,Russian,2069
North Savo,2015,slk,Slovak,13
North Savo,2015,som,Somali,23
North Savo,2015,spa,Spanish,148
North Savo,2015,srp,Serbian,18
North Savo,2015,swe,Swedish,213
North Savo,2015,swh,Swahili,16
North Savo,2015,tel,Telugu,12
North Savo,2015,tgl,Tagalog,21
North Savo,2015,tha,Thai,216
North Savo,2015,tur,Turkish,170
North Savo,2015,ukr,Ukrainian,44
North Savo,2015,urd,Urdu,38
North Savo,2015,vie,Vietnamese,51
North Savo,2015,yor,Yoruba,30
North Savo,2016,aka,Akan,12
North Savo,2016,als,Albanian,43
North Savo,2016,amh,Amharic,21
North Savo,2016,arb,Arabic,669
North Savo,2016,ben,"Bengali, (Bangla)",36
North Savo,2016,bul,Bulgarian,48
North Savo,2016,ckb,Kurdish,32
North Savo,2016,cmn,Chinese,248
North Savo,2016,deu,German,114
North Savo,2016,ekk,Estonian,676
North Savo,2016,ell,Greek (modern),19
North Savo,2016,eng,English,300
North Savo,2016,fin,Finnish,245598
North Savo,2016,fra,French,38
North Savo,2016,hin,Hindi,20
North Savo,2016,hun,Hungarian,40
North Savo,2016,ita,Italian,44
North Savo,2016,jpn,Japanese,10
North Savo,2016,kat,Georgian,10
North Savo,2016,lit,Lithuanian,18
North Savo,2016,mya,Burmese,95
North Savo,2016,nld,Dutch,15
North Savo,2016,npi,Nepali,69
North Savo,2016,pes,"Persian, Farsi",147
North Savo,2016,pol,Polish,78
North Savo,2016,por,Portuguese,11
North Savo,2016,ron,Romanian,49
North Savo,2016,rus,Russian,2180
North Savo,2016,slk,Slovak,15
North Savo,2016,som,Somali,26
North Savo,2016,spa,Spanish,141
North Savo,2016,srp,Serbian,18
North Savo,2016,swe,Swedish,226
North Savo,2016,swh,Swahili,16
North Savo,2016,tam,Tamil,11
North Savo,2016,tel,Telugu,14
North Savo,2016,tgl,Tagalog,25
North Savo,2016,tha,Thai,253
North Savo,2016,tur,Turkish,184
North Savo,2016,ukr,Ukrainian,55
North Savo,2016,urd,Urdu,50
North Savo,2016,vie,Vietnamese,72
North Savo,2016,yor,Yoruba,34
North Savo,2017,aka,Akan,13
North Savo,2017,als,Albanian,47
North Savo,2017,amh,Amharic,21
North Savo,2017,arb,Arabic,810
North Savo,2017,ben,"Bengali, (Bangla)",45
North Savo,2017,bul,Bulgarian,61
North Savo,2017,ckb,Kurdish,60
North Savo,2017,cmn,Chinese,252
North Savo,2017,deu,German,124
North Savo,2017,ekk,Estonian,666
North Savo,2017,ell,Greek (modern),19
North Savo,2017,eng,English,313
North Savo,2017,fin,Finnish,244061
North Savo,2017,fra,French,42
North Savo,2017,hin,Hindi,15
North Savo,2017,hun,Hungarian,32
North Savo,2017,ita,Italian,44
North Savo,2017,lit,Lithuanian,20
North Savo,2017,mya,Burmese,95
North Savo,2017,nld,Dutch,16
North Savo,2017,npi,Nepali,62
North Savo,2017,pes,"Persian, Farsi",158
North Savo,2017,pol,Polish,83
North Savo,2017,por,Portuguese,13
North Savo,2017,ron,Romanian,52
North Savo,2017,rus,Russian,2189
North Savo,2017,slk,Slovak,17
North Savo,2017,som,Somali,31
North Savo,2017,spa,Spanish,130
North Savo,2017,srp,Serbian,17
North Savo,2017,swe,Swedish,216
North Savo,2017,swh,Swahili,17
North Savo,2017,tam,Tamil,17
North Savo,2017,tel,Telugu,14
North Savo,2017,tgl,Tagalog,27
North Savo,2017,tha,Thai,262
North Savo,2017,tur,Turkish,185
North Savo,2017,ukr,Ukrainian,73
North Savo,2017,urd,Urdu,39
North Savo,2017,vie,Vietnamese,76
North Savo,2017,yor,Yoruba,37
North Savo,2018,aka,Akan,19
North Savo,2018,als,Albanian,51
North Savo,2018,amh,Amharic,15
North Savo,2018,arb,Arabic,861
North Savo,2018,ben,"Bengali, (Bangla)",60
North Savo,2018,bul,Bulgarian,48
North Savo,2018,ckb,Kurdish,83
North Savo,2018,cmn,Chinese,257
North Savo,2018,deu,German,127
North Savo,2018,ekk,Estonian,644
North Savo,2018,ell,Greek (modern),13
North Savo,2018,eng,English,302
North Savo,2018,fin,Finnish,242624
North Savo,2018,fra,French,49
North Savo,2018,hin,Hindi,24
North Savo,2018,hun,Hungarian,34
North Savo,2018,ibo,Igbo,12
North Savo,2018,ita,Italian,55
North Savo,2018,jpn,Japanese,13
North Savo,2018,lit,Lithuanian,17
North Savo,2018,lvs,Latvian,10
North Savo,2018,mya,Burmese,96
North Savo,2018,nld,Dutch,14
North Savo,2018,npi,Nepali,62
North Savo,2018,pes,"Persian, Farsi",174
North Savo,2018,pol,Polish,89
North Savo,2018,por,Portuguese,20
North Savo,2018,ron,Romanian,52
North Savo,2018,rus,Russian,2223
North Savo,2018,slk,Slovak,18
North Savo,2018,som,Somali,32
North Savo,2018,spa,Spanish,140
North Savo,2018,srp,Serbian,28
North Savo,2018,swe,Swedish,218
North Savo,2018,swh,Swahili,38
North Savo,2018,tam,Tamil,19
North Savo,2018,tel,Telugu,19
North Savo,2018,tgl,Tagalog,29
North Savo,2018,tha,Thai,273
North Savo,2018,tur,Turkish,191
North Savo,2018,ukr,Ukrainian,87
North Savo,2018,urd,Urdu,39
North Savo,2018,vie,Vietnamese,82
North Savo,2018,yor,Yoruba,41
North Savo,2019,aka,Akan,19
North Savo,2019,als,Albanian,50
North Savo,2019,amh,Amharic,16
North Savo,2019,arb,Arabic,908
North Savo,2019,ben,"Bengali, (Bangla)",73
North Savo,2019,bul,Bulgarian,42
North Savo,2019,ces,Czech,10
North Savo,2019,ckb,Kurdish,110
North Savo,2019,cmn,Chinese,138
North Savo,2019,deu,German,126
North Savo,2019,ekk,Estonian,630
North Savo,2019,ell,Greek (modern),12
North Savo,2019,eng,English,313
North Savo,2019,fin,Finnish,241084
North Savo,2019,fra,French,54
North Savo,2019,hin,Hindi,25
North Savo,2019,hun,Hungarian,30
North Savo,2019,ibo,Igbo,11
North Savo,2019,ind,Indonesian,14
North Savo,2019,ita,Italian,53
North Savo,2019,jpn,Japanese,13
North Savo,2019,lit,Lithuanian,21
North Savo,2019,mya,Burmese,98
North Savo,2019,nld,Dutch,20
North Savo,2019,npi,Nepali,55
North Savo,2019,pes,"Persian, Farsi",206
North Savo,2019,pol,Polish,85
North Savo,2019,por,Portuguese,27
North Savo,2019,pst,Pushto,12
North Savo,2019,ron,Romanian,55
North Savo,2019,rus,Russian,2279
North Savo,2019,slk,Slovak,11
North Savo,2019,som,Somali,29
North Savo,2019,spa,Spanish,138
North Savo,2019,srp,Serbian,27
North Savo,2019,swe,Swedish,217
North Savo,2019,swh,Swahili,43
North Savo,2019,tam,Tamil,20
North Savo,2019,tel,Telugu,20
North Savo,2019,tgl,Tagalog,37
North Savo,2019,tha,Thai,302
North Savo,2019,tur,Turkish,193
North Savo,2019,ukr,Ukrainian,114
North Savo,2019,urd,Urdu,57
North Savo,2019,vie,Vietnamese,76
North Savo,2019,yor,Yoruba,30
North Savo,2020,aka,Akan,21
North Savo,2020,als,Albanian,48
North Savo,2020,amh,Amharic,16
North Savo,2020,arb,Arabic,924
North Savo,2020,ben,"Bengali, (Bangla)",74
North Savo,2020,bul,Bulgarian,52
North Savo,2020,ces,Czech,10
North Savo,2020,ckb,Kurdish,123
North Savo,2020,cmn,Chinese,166
North Savo,2020,deu,German,132
North Savo,2020,ekk,Estonian,625
North Savo,2020,ell,Greek (modern),13
North Savo,2020,eng,English,337
North Savo,2020,fin,Finnish,239999
North Savo,2020,fra,French,56
North Savo,2020,hin,Hindi,28
North Savo,2020,hun,Hungarian,21
North Savo,2020,ibo,Igbo,13
North Savo,2020,ita,Italian,49
North Savo,2020,jpn,Japanese,16
North Savo,2020,lit,Lithuanian,20
North Savo,2020,mya,Burmese,95
North Savo,2020,nld,Dutch,25
North Savo,2020,npi,Nepali,56
North Savo,2020,pes,"Persian, Farsi",196
North Savo,2020,pol,Polish,87
North Savo,2020,por,Portuguese,30
North Savo,2020,pst,Pushto,13
North Savo,2020,ron,Romanian,51
North Savo,2020,rus,Russian,2385
North Savo,2020,slk,Slovak,14
North Savo,2020,som,Somali,32
North Savo,2020,spa,Spanish,177
North Savo,2020,srp,Serbian,18
North Savo,2020,swe,Swedish,226
North Savo,2020,swh,Swahili,45
North Savo,2020,tam,Tamil,20
North Savo,2020,tel,Telugu,23
North Savo,2020,tgl,Tagalog,44
North Savo,2020,tha,Thai,321
North Savo,2020,tir,Tigrinya,10
North Savo,2020,tur,Turkish,199
North Savo,2020,ukr,Ukrainian,153
North Savo,2020,urd,Urdu,79
North Savo,2020,vie,Vietnamese,87
North Savo,2020,yor,Yoruba,35
North Savo,2021,aka,Akan,17
North Savo,2021,als,Albanian,57
North Savo,2021,amh,Amharic,17
North Savo,2021,arb,Arabic,926
North Savo,2021,ben,"Bengali, (Bangla)",83
North Savo,2021,bul,Bulgarian,58
North Savo,2021,ces,Czech,10
North Savo,2021,ckb,Kurdish,131
North Savo,2021,cmn,Chinese,196
North Savo,2021,deu,German,137
North Savo,2021,ekk,Estonian,608
North Savo,2021,ell,Greek (modern),15
North Savo,2021,eng,English,389
North Savo,2021,fin,Finnish,239557
North Savo,2021,fra,French,59
North Savo,2021,hin,Hindi,25
North Savo,2021,hun,Hungarian,31
North Savo,2021,ibo,Igbo,23
North Savo,2021,ita,Italian,53
North Savo,2021,jpn,Japanese,14
North Savo,2021,lit,Lithuanian,24
North Savo,2021,lvs,Latvian,10
North Savo,2021,mya,Burmese,94
North Savo,2021,nld,Dutch,30
North Savo,2021,npi,Nepali,64
North Savo,2021,pes,"Persian, Farsi",202
North Savo,2021,pol,Polish,86
North Savo,2021,por,Portuguese,37
North Savo,2021,pst,Pushto,12
North Savo,2021,ron,Romanian,51
North Savo,2021,rus,Russian,2490
North Savo,2021,sin,Sinhala,21
North Savo,2021,slk,Slovak,15
North Savo,2021,som,Somali,40
North Savo,2021,spa,Spanish,201
North Savo,2021,srp,Serbian,18
North Savo,2021,swe,Swedish,228
North Savo,2021,swh,Swahili,47
North Savo,2021,tam,Tamil,20
North Savo,2021,tel,Telugu,24
North Savo,2021,tgl,Tagalog,54
North Savo,2021,tha,Thai,341
North Savo,2021,tir,Tigrinya,34
North Savo,2021,tur,Turkish,211
North Savo,2021,ukr,Ukrainian,191
North Savo,2021,urd,Urdu,100
North Savo,2021,uzn,Uzbek,13
North Savo,2021,vie,Vietnamese,97
North Savo,2021,yor,Yoruba,52
North Savo,2022,aka,Akan,20
North Savo,2022,als,Albanian,60
North Savo,2022,amh,Amharic,18
North Savo,2022,arb,Arabic,977
North Savo,2022,ben,"Bengali, (Bangla)",128
North Savo,2022,bul,Bulgarian,57
North Savo,2022,ces,Czech,12
North Savo,2022,ckb,Kurdish,160
North Savo,2022,cmn,Chinese,186
North Savo,2022,deu,German,147
North Savo,2022,ekk,Estonian,606
North Savo,2022,ell,Greek (modern),17
North Savo,2022,eng,English,430
North Savo,2022,fin,Finnish,238210
North Savo,2022,fra,French,57
North Savo,2022,heb,Hebrew,14
North Savo,2022,hin,Hindi,32
North Savo,2022,hun,Hungarian,34
North Savo,2022,ibo,Igbo,33
North Savo,2022,ita,Italian,61
North Savo,2022,jpn,Japanese,11
North Savo,2022,kin,Kinyarwanda,21
North Savo,2022,lit,Lithuanian,25
North Savo,2022,lvs,Latvian,20
North Savo,2022,mya,Burmese,94
North Savo,2022,nld,Dutch,28
North Savo,2022,npi,Nepali,68
North Savo,2022,nya,"Chichewa, Chewa, Nyanja",18
North Savo,2022,pan,Panjabi,11
North Savo,2022,pes,"Persian, Farsi",226
North Savo,2022,pol,Polish,88
North Savo,2022,por,Portuguese,38
North Savo,2022,pst,Pushto,15
North Savo,2022,ron,Romanian,50
North Savo,2022,rus,Russian,2641
North Savo,2022,sin,Sinhala,33
North Savo,2022,slk,Slovak,15
North Savo,2022,som,Somali,38
North Savo,2022,spa,Spanish,203
North Savo,2022,srp,Serbian,28
North Savo,2022,swe,Swedish,238
North Savo,2022,swh,Swahili,54
North Savo,2022,tam,Tamil,23
North Savo,2022,tel,Telugu,29
North Savo,2022,tgl,Tagalog,76
North Savo,2022,tha,Thai,369
North Savo,2022,tir,Tigrinya,29
North Savo,2022,tur,Turkish,223
North Savo,2022,ukr,Ukrainian,218
North Savo,2022,urd,Urdu,116
North Savo,2022,uzn,Uzbek,33
North Savo,2022,vie,Vietnamese,96
North Savo,2022,yor,Yoruba,59
North Savo,2023,aka,Akan,22
North Savo,2023,als,Albanian,76
North Savo,2023,amh,Amharic,25
North Savo,2023,arb,Arabic,939
North Savo,2023,ben,"Bengali, (Bangla)",240
North Savo,2023,bul,Bulgarian,43
North Savo,2023,ces,Czech,14
North Savo,2023,ckb,Kurdish,169
North Savo,2023,cmn,Chinese,223
North Savo,2023,deu,German,148
North Savo,2023,ekk,Estonian,610
North Savo,2023,ell,Greek (modern),16
North Savo,2023,eng,English,563
North Savo,2023,fin,Finnish,236774
North Savo,2023,fra,French,62
North Savo,2023,heb,Hebrew,14
North Savo,2023,hin,Hindi,41
North Savo,2023,hun,Hungarian,37
North Savo,2023,ibo,Igbo,41
North Savo,2023,ind,Indonesian,12
North Savo,2023,ita,Italian,60
North Savo,2023,jpn,Japanese,14
North Savo,2023,kat,Georgian,10
North Savo,2023,khk,Mongolian,11
North Savo,2023,kin,Kinyarwanda,28
North Savo,2023,lit,Lithuanian,23
North Savo,2023,lvs,Latvian,38
North Savo,2023,mal,Malayalam,15
North Savo,2023,mya,Burmese,101
North Savo,2023,nld,Dutch,31
North Savo,2023,npi,Nepali,77
North Savo,2023,nya,"Chichewa, Chewa, Nyanja",21
North Savo,2023,pan,Panjabi,12
North Savo,2023,pes,"Persian, Farsi",282
North Savo,2023,pol,Polish,91
North Savo,2023,por,Portuguese,39
North Savo,2023,pst,Pushto,18
North Savo,2023,ron,Romanian,70
North Savo,2023,rus,Russian,2918
North Savo,2023,sin,Sinhala,81
North Savo,2023,slk,Slovak,14
North Savo,2023,som,Somali,41
North Savo,2023,spa,Spanish,205
North Savo,2023,srp,Serbian,26
North Savo,2023,swe,Swedish,252
North Savo,2023,swh,Swahili,65
North Savo,2023,tam,Tamil,40
North Savo,2023,tel,Telugu,33
North Savo,2023,tgl,Tagalog,116
North Savo,2023,tha,Thai,393
North Savo,2023,tir,Tigrinya,29
North Savo,2023,tur,Turkish,221
North Savo,2023,ukr,Ukrainian,1130
North Savo,2023,urd,Urdu,149
North Savo,2023,uzn,Uzbek,35
North Savo,2023,vie,Vietnamese,116
North Savo,2023,yor,Yoruba,72
North Savo,2024,aka,Akan,34
North Savo,2024,als,Albanian,68
North Savo,2024,amh,Amharic,31
North Savo,2024,arb,Arabic,1025
North Savo,2024,ben,"Bengali, (Bangla)",356
North Savo,2024,bul,Bulgarian,40
North Savo,2024,ces,Czech,14
North Savo,2024,ckb,Kurdish,175
North Savo,2024,cmn,Chinese,265
North Savo,2024,deu,German,166
North Savo,2024,ekk,Estonian,605
North Savo,2024,ell,Greek (modern),18
North Savo,2024,eng,English,697
North Savo,2024,fin,Finnish,235456
North Savo,2024,fra,French,64
North Savo,2024,heb,Hebrew,14
North Savo,2024,hin,Hindi,47
North Savo,2024,hun,Hungarian,41
North Savo,2024,ibo,Igbo,70
North Savo,2024,ita,Italian,66
North Savo,2024,jpn,Japanese,20
North Savo,2024,khk,Mongolian,11
North Savo,2024,kin,Kinyarwanda,43
North Savo,2024,lit,Lithuanian,22
North Savo,2024,lvs,Latvian,26
North Savo,2024,mal,Malayalam,25
North Savo,2024,mya,Burmese,200
North Savo,2024,nld,Dutch,30
North Savo,2024,npi,Nepali,95
North Savo,2024,nya,"Chichewa, Chewa, Nyanja",24
North Savo,2024,pan,Panjabi,16
North Savo,2024,pes,"Persian, Farsi",331
North Savo,2024,pol,Polish,86
North Savo,2024,por,Portuguese,42
North Savo,2024,pst,Pushto,21
North Savo,2024,ron,Romanian,63
North Savo,2024,rus,Russian,3060
North Savo,2024,sin,Sinhala,174
North Savo,2024,slk,Slovak,14
North Savo,2024,som,Somali,48
North Savo,2024,spa,Spanish,226
North Savo,2024,srp,Serbian,28
North Savo,2024,swe,Swedish,244
North Savo,2024,swh,Swahili,74
North Savo,2024,tam,Tamil,48
North Savo,2024,tel,Telugu,33
North Savo,2024,tgl,Tagalog,159
North Savo,2024,tha,Thai,418
North Savo,2024,tir,Tigrinya,26
North Savo,2024,tur,Turkish,234
North Savo,2024,ukr,Ukrainian,1785
North Savo,2024,urd,Urdu,200
North Savo,2024,uzn,Uzbek,23
North Savo,2024,vie,Vietnamese,159
North Savo,2024,yor,Yoruba,100
North Savo,2025,aka,Akan,46
North Savo,2025,als,Albanian,70
North Savo,2025,amh,Amharic,50
North Savo,2025,arb,Arabic,983
North Savo,2025,ben,"Bengali, (Bangla)",436
North Savo,2025,bul,Bulgarian,27
North Savo,2025,ces,Czech,15
North Savo,2025,ckb,Kurdish,178
North Savo,2025,cmn,Chinese,294
North Savo,2025,deu,German,157
North Savo,2025,ekk,Estonian,582
North Savo,2025,ell,Greek (modern),17
North Savo,2025,eng,English,763
North Savo,2025,fin,Finnish,234030
North Savo,2025,fra,French,64
North Savo,2025,heb,Hebrew,13
North Savo,2025,hin,Hindi,48
North Savo,2025,hun,Hungarian,49
North Savo,2025,ibo,Igbo,129
North Savo,2025,ita,Italian,59
North Savo,2025,jpn,Japanese,17
North Savo,2025,kan,Kannada,11
North Savo,2025,khk,Mongolian,12
North Savo,2025,kin,Kinyarwanda,58
North Savo,2025,lit,Lithuanian,22
North Savo,2025,lvs,Latvian,19
North Savo,2025,mal,Malayalam,32
North Savo,2025,mya,Burmese,235
North Savo,2025,nld,Dutch,33
North Savo,2025,npi,Nepali,156
North Savo,2025,nya,"Chichewa, Chewa, Nyanja",21
North Savo,2025,pan,Panjabi,18
North Savo,2025,pes,"Persian, Farsi",368
North Savo,2025,pol,Polish,83
North Savo,2025,por,Portuguese,45
North Savo,2025,pst,Pushto,25
North Savo,2025,ron,Romanian,62
North Savo,2025,rus,Russian,3013
North Savo,2025,sin,Sinhala,272
North Savo,2025,slk,Slovak,14
North Savo,2025,som,Somali,64
North Savo,2025,spa,Spanish,265
North Savo,2025,srp,Serbian,28
North Savo,2025,swe,Swedish,258
North Savo,2025,swh,Swahili,71
North Savo,2025,tam,Tamil,51
North Savo,2025,tel,Telugu,35
North Savo,2025,tgk,Tajik,14
North Savo,2025,tgl,Tagalog,175
North Savo,2025,tha,Thai,439
North Savo,2025,tir,Tigrinya,14
North Savo,2025,tur,Turkish,220
North Savo,2025,ukr,Ukrainian,2114
North Savo,2025,urd,Urdu,243
North Savo,2025,uzn,Uzbek,23
North Savo,2025,vie,Vietnamese,193
North Savo,2025,yor,Yoruba,120
Ostrobothnia,1990,arb,Arabic,12
Ostrobothnia,1990,deu,German,25
Ostrobothnia,1990,eng,English,60
Ostrobothnia,1990,fin,Finnish,73648
Ostrobothnia,1990,pes,"Persian, Farsi",46
Ostrobothnia,1990,rus,Russian,32
Ostrobothnia,1990,spa,Spanish,10
Ostrobothnia,1990,swe,Swedish,92827
Ostrobothnia,1990,vie,Vietnamese,169
Ostrobothnia,1991,arb,Arabic,13
Ostrobothnia,1991,deu,German,29
Ostrobothnia,1991,ekk,Estonian,13
Ostrobothnia,1991,eng,English,82
Ostrobothnia,1991,fin,Finnish,73981
Ostrobothnia,1991,hun,Hungarian,14
Ostrobothnia,1991,pes,"Persian, Farsi",61
Ostrobothnia,1991,pol,Polish,26
Ostrobothnia,1991,rus,Russian,39
Ostrobothnia,1991,som,Somali,67
Ostrobothnia,1991,spa,Spanish,12
Ostrobothnia,1991,swe,Swedish,92945
Ostrobothnia,1991,vie,Vietnamese,208
Ostrobothnia,1992,als,Albanian,34
Ostrobothnia,1992,arb,Arabic,17
Ostrobothnia,1992,azj,Azerbaijani,13
Ostrobothnia,1992,bul,Bulgarian,14
Ostrobothnia,1992,ckb,Kurdish,40
Ostrobothnia,1992,cmn,Chinese,11
Ostrobothnia,1992,deu,German,30
Ostrobothnia,1992,ekk,Estonian,24
Ostrobothnia,1992,eng,English,85
Ostrobothnia,1992,fin,Finnish,74310
Ostrobothnia,1992,hun,Hungarian,13
Ostrobothnia,1992,pes,"Persian, Farsi",78
Ostrobothnia,1992,pol,Polish,25
Ostrobothnia,1992,rus,Russian,93
Ostrobothnia,1992,som,Somali,48
Ostrobothnia,1992,spa,Spanish,12
Ostrobothnia,1992,srp,Serbian,28
Ostrobothnia,1992,swe,Swedish,92932
Ostrobothnia,1992,tur,Turkish,23
Ostrobothnia,1992,vie,Vietnamese,217
Ostrobothnia,1993,als,Albanian,193
Ostrobothnia,1993,arb,Arabic,20
Ostrobothnia,1993,azj,Azerbaijani,14
Ostrobothnia,1993,bul,Bulgarian,18
Ostrobothnia,1993,ckb,Kurdish,63
Ostrobothnia,1993,cmn,Chinese,12
Ostrobothnia,1993,deu,German,25
Ostrobothnia,1993,ekk,Estonian,31
Ostrobothnia,1993,eng,English,82
Ostrobothnia,1993,fin,Finnish,74494
Ostrobothnia,1993,hin,Hindi,12
Ostrobothnia,1993,hun,Hungarian,15
Ostrobothnia,1993,pes,"Persian, Farsi",74
Ostrobothnia,1993,pol,Polish,35
Ostrobothnia,1993,rus,Russian,115
Ostrobothnia,1993,som,Somali,59
Ostrobothnia,1993,spa,Spanish,14
Ostrobothnia,1993,srp,Serbian,69
Ostrobothnia,1993,swe,Swedish,92761
Ostrobothnia,1993,tur,Turkish,24
Ostrobothnia,1993,vie,Vietnamese,203
Ostrobothnia,1994,als,Albanian,179
Ostrobothnia,1994,arb,Arabic,28
Ostrobothnia,1994,azj,Azerbaijani,16
Ostrobothnia,1994,bul,Bulgarian,17
Ostrobothnia,1994,ckb,Kurdish,86
Ostrobothnia,1994,cmn,Chinese,16
Ostrobothnia,1994,deu,German,27
Ostrobothnia,1994,ekk,Estonian,44
Ostrobothnia,1994,eng,English,94
Ostrobothnia,1994,fin,Finnish,74557
Ostrobothnia,1994,hin,Hindi,12
Ostrobothnia,1994,hun,Hungarian,15
Ostrobothnia,1994,pes,"Persian, Farsi",75
Ostrobothnia,1994,pol,Polish,37
Ostrobothnia,1994,rus,Russian,152
Ostrobothnia,1994,som,Somali,85
Ostrobothnia,1994,spa,Spanish,17
Ostrobothnia,1994,srp,Serbian,94
Ostrobothnia,1994,swe,Swedish,92661
Ostrobothnia,1994,tur,Turkish,23
Ostrobothnia,1994,vie,Vietnamese,208
Ostrobothnia,1995,als,Albanian,168
Ostrobothnia,1995,arb,Arabic,46
Ostrobothnia,1995,azj,Azerbaijani,15
Ostrobothnia,1995,bul,Bulgarian,13
Ostrobothnia,1995,ckb,Kurdish,111
Ostrobothnia,1995,cmn,Chinese,24
Ostrobothnia,1995,deu,German,44
Ostrobothnia,1995,ekk,Estonian,55
Ostrobothnia,1995,eng,English,100
Ostrobothnia,1995,fin,Finnish,74723
Ostrobothnia,1995,hin,Hindi,10
Ostrobothnia,1995,hun,Hungarian,15
Ostrobothnia,1995,pes,"Persian, Farsi",86
Ostrobothnia,1995,pol,Polish,44
Ostrobothnia,1995,rus,Russian,173
Ostrobothnia,1995,som,Somali,111
Ostrobothnia,1995,spa,Spanish,17
Ostrobothnia,1995,srp,Serbian,131
Ostrobothnia,1995,swe,Swedish,92372
Ostrobothnia,1995,tur,Turkish,26
Ostrobothnia,1995,vie,Vietnamese,213
Ostrobothnia,1996,als,Albanian,149
Ostrobothnia,1996,arb,Arabic,33
Ostrobothnia,1996,azj,Azerbaijani,14
Ostrobothnia,1996,bul,Bulgarian,14
Ostrobothnia,1996,ckb,Kurdish,133
Ostrobothnia,1996,cmn,Chinese,28
Ostrobothnia,1996,deu,German,43
Ostrobothnia,1996,ekk,Estonian,48
Ostrobothnia,1996,eng,English,109
Ostrobothnia,1996,fin,Finnish,74889
Ostrobothnia,1996,hin,Hindi,23
Ostrobothnia,1996,hun,Hungarian,15
Ostrobothnia,1996,pes,"Persian, Farsi",73
Ostrobothnia,1996,pol,Polish,29
Ostrobothnia,1996,rus,Russian,180
Ostrobothnia,1996,som,Somali,113
Ostrobothnia,1996,spa,Spanish,20
Ostrobothnia,1996,srp,Serbian,185
Ostrobothnia,1996,swe,Swedish,92237
Ostrobothnia,1996,tur,Turkish,31
Ostrobothnia,1996,vie,Vietnamese,223
Ostrobothnia,1997,als,Albanian,137
Ostrobothnia,1997,arb,Arabic,73
Ostrobothnia,1997,azj,Azerbaijani,18
Ostrobothnia,1997,bul,Bulgarian,19
Ostrobothnia,1997,ckb,Kurdish,176
Ostrobothnia,1997,cmn,Chinese,29
Ostrobothnia,1997,deu,German,36
Ostrobothnia,1997,ekk,Estonian,56
Ostrobothnia,1997,eng,English,119
Ostrobothnia,1997,fin,Finnish,74952
Ostrobothnia,1997,fra,French,10
Ostrobothnia,1997,hin,Hindi,25
Ostrobothnia,1997,hun,Hungarian,16
Ostrobothnia,1997,pes,"Persian, Farsi",71
Ostrobothnia,1997,pol,Polish,25
Ostrobothnia,1997,rus,Russian,227
Ostrobothnia,1997,som,Somali,92
Ostrobothnia,1997,spa,Spanish,27
Ostrobothnia,1997,srp,Serbian,199
Ostrobothnia,1997,swe,Swedish,91926
Ostrobothnia,1997,tur,Turkish,30
Ostrobothnia,1997,vie,Vietnamese,214
Ostrobothnia,1998,als,Albanian,141
Ostrobothnia,1998,arb,Arabic,77
Ostrobothnia,1998,azj,Azerbaijani,19
Ostrobothnia,1998,bul,Bulgarian,17
Ostrobothnia,1998,ckb,Kurdish,168
Ostrobothnia,1998,cmn,Chinese,34
Ostrobothnia,1998,deu,German,41
Ostrobothnia,1998,ekk,Estonian,83
Ostrobothnia,1998,eng,English,120
Ostrobothnia,1998,fin,Finnish,75087
Ostrobothnia,1998,fra,French,14
Ostrobothnia,1998,hin,Hindi,13
Ostrobothnia,1998,hun,Hungarian,17
Ostrobothnia,1998,nor,Norwegian,11
Ostrobothnia,1998,pes,"Persian, Farsi",68
Ostrobothnia,1998,pol,Polish,23
Ostrobothnia,1998,rus,Russian,263
Ostrobothnia,1998,som,Somali,101
Ostrobothnia,1998,spa,Spanish,27
Ostrobothnia,1998,srp,Serbian,214
Ostrobothnia,1998,swe,Swedish,91556
Ostrobothnia,1998,tur,Turkish,25
Ostrobothnia,1998,vie,Vietnamese,210
Ostrobothnia,1999,als,Albanian,155
Ostrobothnia,1999,arb,Arabic,109
Ostrobothnia,1999,azj,Azerbaijani,24
Ostrobothnia,1999,bul,Bulgarian,16
Ostrobothnia,1999,ckb,Kurdish,207
Ostrobothnia,1999,cmn,Chinese,41
Ostrobothnia,1999,deu,German,42
Ostrobothnia,1999,ekk,Estonian,57
Ostrobothnia,1999,eng,English,144
Ostrobothnia,1999,fin,Finnish,74819
Ostrobothnia,1999,fra,French,15
Ostrobothnia,1999,hin,Hindi,12
Ostrobothnia,1999,hun,Hungarian,16
Ostrobothnia,1999,nor,Norwegian,22
Ostrobothnia,1999,pes,"Persian, Farsi",82
Ostrobothnia,1999,pol,Polish,26
Ostrobothnia,1999,rus,Russian,280
Ostrobothnia,1999,som,Somali,78
Ostrobothnia,1999,spa,Spanish,27
Ostrobothnia,1999,srp,Serbian,213
Ostrobothnia,1999,swe,Swedish,91119
Ostrobothnia,1999,tur,Turkish,21
Ostrobothnia,1999,urd,Urdu,11
Ostrobothnia,1999,vie,Vietnamese,220
Ostrobothnia,2000,als,Albanian,181
Ostrobothnia,2000,arb,Arabic,109
Ostrobothnia,2000,azj,Azerbaijani,24
Ostrobothnia,2000,bul,Bulgarian,14
Ostrobothnia,2000,ckb,Kurdish,211
Ostrobothnia,2000,cmn,Chinese,44
Ostrobothnia,2000,deu,German,37
Ostrobothnia,2000,ekk,Estonian,70
Ostrobothnia,2000,eng,English,164
Ostrobothnia,2000,fin,Finnish,74780
Ostrobothnia,2000,fra,French,13
Ostrobothnia,2000,hin,Hindi,12
Ostrobothnia,2000,hun,Hungarian,15
Ostrobothnia,2000,nor,Norwegian,14
Ostrobothnia,2000,pes,"Persian, Farsi",105
Ostrobothnia,2000,pol,Polish,31
Ostrobothnia,2000,rus,Russian,314
Ostrobothnia,2000,som,Somali,67
Ostrobothnia,2000,spa,Spanish,29
Ostrobothnia,2000,srp,Serbian,230
Ostrobothnia,2000,swe,Swedish,90778
Ostrobothnia,2000,tur,Turkish,21
Ostrobothnia,2000,vie,Vietnamese,243
Ostrobothnia,2001,als,Albanian,228
Ostrobothnia,2001,arb,Arabic,140
Ostrobothnia,2001,azj,Azerbaijani,27
Ostrobothnia,2001,bul,Bulgarian,15
Ostrobothnia,2001,ckb,Kurdish,230
Ostrobothnia,2001,cmn,Chinese,53
Ostrobothnia,2001,deu,German,54
Ostrobothnia,2001,ekk,Estonian,66
Ostrobothnia,2001,eng,English,154
Ostrobothnia,2001,fin,Finnish,74825
Ostrobothnia,2001,fra,French,12
Ostrobothnia,2001,hin,Hindi,13
Ostrobothnia,2001,hun,Hungarian,15
Ostrobothnia,2001,nor,Norwegian,12
Ostrobothnia,2001,pes,"Persian, Farsi",155
Ostrobothnia,2001,pol,Polish,31
Ostrobothnia,2001,rus,Russian,331
Ostrobothnia,2001,som,Somali,87
Ostrobothnia,2001,spa,Spanish,52
Ostrobothnia,2001,srp,Serbian,251
Ostrobothnia,2001,swe,Swedish,90323
Ostrobothnia,2001,tha,Thai,15
Ostrobothnia,2001,tur,Turkish,28
Ostrobothnia,2001,urd,Urdu,11
Ostrobothnia,2001,vie,Vietnamese,248
Ostrobothnia,2002,als,Albanian,216
Ostrobothnia,2002,arb,Arabic,173
Ostrobothnia,2002,azj,Azerbaijani,34
Ostrobothnia,2002,bos,Bosnian,52
Ostrobothnia,2002,bul,Bulgarian,10
Ostrobothnia,2002,ckb,Kurdish,213
Ostrobothnia,2002,cmn,Chinese,54
Ostrobothnia,2002,deu,German,54
Ostrobothnia,2002,ekk,Estonian,78
Ostrobothnia,2002,eng,English,184
Ostrobothnia,2002,fin,Finnish,74760
Ostrobothnia,2002,fra,French,13
Ostrobothnia,2002,hin,Hindi,41
Ostrobothnia,2002,hun,Hungarian,15
Ostrobothnia,2002,nor,Norwegian,12
Ostrobothnia,2002,pes,"Persian, Farsi",166
Ostrobothnia,2002,pol,Polish,31
Ostrobothnia,2002,rus,Russian,340
Ostrobothnia,2002,som,Somali,44
Ostrobothnia,2002,spa,Spanish,64
Ostrobothnia,2002,srp,Serbian,146
Ostrobothnia,2002,swe,Swedish,90165
Ostrobothnia,2002,tha,Thai,24
Ostrobothnia,2002,tur,Turkish,33
Ostrobothnia,2002,urd,Urdu,12
Ostrobothnia,2002,vie,Vietnamese,233
Ostrobothnia,2003,als,Albanian,200
Ostrobothnia,2003,arb,Arabic,179
Ostrobothnia,2003,azj,Azerbaijani,39
Ostrobothnia,2003,bos,Bosnian,120
Ostrobothnia,2003,bul,Bulgarian,13
Ostrobothnia,2003,ckb,Kurdish,233
Ostrobothnia,2003,cmn,Chinese,73
Ostrobothnia,2003,deu,German,56
Ostrobothnia,2003,ekk,Estonian,90
Ostrobothnia,2003,eng,English,184
Ostrobothnia,2003,fin,Finnish,74791
Ostrobothnia,2003,fra,French,10
Ostrobothnia,2003,hin,Hindi,33
Ostrobothnia,2003,hun,Hungarian,14
Ostrobothnia,2003,hye,Armenian,11
Ostrobothnia,2003,nor,Norwegian,10
Ostrobothnia,2003,pes,"Persian, Farsi",162
Ostrobothnia,2003,pol,Polish,33
Ostrobothnia,2003,rus,Russian,353
Ostrobothnia,2003,som,Somali,62
Ostrobothnia,2003,spa,Spanish,67
Ostrobothnia,2003,srp,Serbian,137
Ostrobothnia,2003,swe,Swedish,90091
Ostrobothnia,2003,tha,Thai,34
Ostrobothnia,2003,tur,Turkish,36
Ostrobothnia,2003,urd,Urdu,13
Ostrobothnia,2003,vie,Vietnamese,267
Ostrobothnia,2004,als,Albanian,232
Ostrobothnia,2004,arb,Arabic,188
Ostrobothnia,2004,azj,Azerbaijani,46
Ostrobothnia,2004,bos,Bosnian,132
Ostrobothnia,2004,bul,Bulgarian,14
Ostrobothnia,2004,ckb,Kurdish,249
Ostrobothnia,2004,cmn,Chinese,114
Ostrobothnia,2004,deu,German,74
Ostrobothnia,2004,ekk,Estonian,110
Ostrobothnia,2004,eng,English,187
Ostrobothnia,2004,fin,Finnish,74759
Ostrobothnia,2004,hin,Hindi,31
Ostrobothnia,2004,hun,Hungarian,12
Ostrobothnia,2004,kng,Kongo,15
Ostrobothnia,2004,mkd,Macedonian,11
Ostrobothnia,2004,nor,Norwegian,16
Ostrobothnia,2004,pes,"Persian, Farsi",172
Ostrobothnia,2004,pol,Polish,26
Ostrobothnia,2004,por,Portuguese,28
Ostrobothnia,2004,rus,Russian,365
Ostrobothnia,2004,som,Somali,60
Ostrobothnia,2004,spa,Spanish,68
Ostrobothnia,2004,srp,Serbian,132
Ostrobothnia,2004,swe,Swedish,90123
Ostrobothnia,2004,tgl,Tagalog,10
Ostrobothnia,2004,tha,Thai,42
Ostrobothnia,2004,tur,Turkish,47
Ostrobothnia,2004,urd,Urdu,14
Ostrobothnia,2004,vie,Vietnamese,270
Ostrobothnia,2005,als,Albanian,238
Ostrobothnia,2005,arb,Arabic,199
Ostrobothnia,2005,azj,Azerbaijani,62
Ostrobothnia,2005,bos,Bosnian,143
Ostrobothnia,2005,bul,Bulgarian,14
Ostrobothnia,2005,ckb,Kurdish,229
Ostrobothnia,2005,cmn,Chinese,152
Ostrobothnia,2005,deu,German,84
Ostrobothnia,2005,ekk,Estonian,124
Ostrobothnia,2005,eng,English,227
Ostrobothnia,2005,fin,Finnish,74597
Ostrobothnia,2005,hin,Hindi,32
Ostrobothnia,2005,hun,Hungarian,14
Ostrobothnia,2005,kik,Kikuyu,10
Ostrobothnia,2005,kng,Kongo,13
Ostrobothnia,2005,mar,Marathi,10
Ostrobothnia,2005,mkd,Macedonian,12
Ostrobothnia,2005,nor,Norwegian,12
Ostrobothnia,2005,pes,"Persian, Farsi",208
Ostrobothnia,2005,pol,Polish,26
Ostrobothnia,2005,por,Portuguese,29
Ostrobothnia,2005,rus,Russian,400
Ostrobothnia,2005,som,Somali,90
Ostrobothnia,2005,spa,Spanish,71
Ostrobothnia,2005,srp,Serbian,135
Ostrobothnia,2005,swe,Swedish,90083
Ostrobothnia,2005,swh,Swahili,12
Ostrobothnia,2005,tgl,Tagalog,13
Ostrobothnia,2005,tha,Thai,50
Ostrobothnia,2005,tir,Tigrinya,10
Ostrobothnia,2005,tur,Turkish,55
Ostrobothnia,2005,urd,Urdu,20
Ostrobothnia,2005,vie,Vietnamese,308
Ostrobothnia,2006,aka,Akan,13
Ostrobothnia,2006,als,Albanian,248
Ostrobothnia,2006,amh,Amharic,11
Ostrobothnia,2006,arb,Arabic,216
Ostrobothnia,2006,azj,Azerbaijani,62
Ostrobothnia,2006,ben,"Bengali, (Bangla)",20
Ostrobothnia,2006,bos,Bosnian,189
Ostrobothnia,2006,bul,Bulgarian,14
Ostrobothnia,2006,ckb,Kurdish,224
Ostrobothnia,2006,cmn,Chinese,176
Ostrobothnia,2006,deu,German,76
Ostrobothnia,2006,ekk,Estonian,176
Ostrobothnia,2006,eng,English,258
Ostrobothnia,2006,fin,Finnish,74792
Ostrobothnia,2006,fra,French,13
Ostrobothnia,2006,hin,Hindi,30
Ostrobothnia,2006,hun,Hungarian,16
Ostrobothnia,2006,ita,Italian,10
Ostrobothnia,2006,kik,Kikuyu,12
Ostrobothnia,2006,kin,Kinyarwanda,10
Ostrobothnia,2006,kng,Kongo,15
Ostrobothnia,2006,lit,Lithuanian,20
Ostrobothnia,2006,mar,Marathi,10
Ostrobothnia,2006,mkd,Macedonian,13
Ostrobothnia,2006,nor,Norwegian,13
Ostrobothnia,2006,pes,"Persian, Farsi",193
Ostrobothnia,2006,pol,Polish,21
Ostrobothnia,2006,por,Portuguese,30
Ostrobothnia,2006,rus,Russian,434
Ostrobothnia,2006,som,Somali,137
Ostrobothnia,2006,spa,Spanish,86
Ostrobothnia,2006,srp,Serbian,142
Ostrobothnia,2006,swe,Swedish,89992
Ostrobothnia,2006,swh,Swahili,12
Ostrobothnia,2006,tam,Tamil,10
Ostrobothnia,2006,tgl,Tagalog,18
Ostrobothnia,2006,tha,Thai,78
Ostrobothnia,2006,tur,Turkish,56
Ostrobothnia,2006,urd,Urdu,30
Ostrobothnia,2006,vie,Vietnamese,340
Ostrobothnia,2006,yor,Yoruba,14
Ostrobothnia,2007,aka,Akan,14
Ostrobothnia,2007,als,Albanian,255
Ostrobothnia,2007,amh,Amharic,10
Ostrobothnia,2007,arb,Arabic,241
Ostrobothnia,2007,azj,Azerbaijani,60
Ostrobothnia,2007,ben,"Bengali, (Bangla)",19
Ostrobothnia,2007,bos,Bosnian,292
Ostrobothnia,2007,bul,Bulgarian,27
Ostrobothnia,2007,ckb,Kurdish,214
Ostrobothnia,2007,cmn,Chinese,180
Ostrobothnia,2007,deu,German,72
Ostrobothnia,2007,ekk,Estonian,195
Ostrobothnia,2007,eng,English,275
Ostrobothnia,2007,fin,Finnish,74933
Ostrobothnia,2007,fra,French,15
Ostrobothnia,2007,hin,Hindi,33
Ostrobothnia,2007,hun,Hungarian,27
Ostrobothnia,2007,ita,Italian,11
Ostrobothnia,2007,kik,Kikuyu,13
Ostrobothnia,2007,kng,Kongo,15
Ostrobothnia,2007,lit,Lithuanian,30
Ostrobothnia,2007,mar,Marathi,15
Ostrobothnia,2007,mkd,Macedonian,14
Ostrobothnia,2007,mya,Burmese,10
Ostrobothnia,2007,nor,Norwegian,14
Ostrobothnia,2007,npi,Nepali,15
Ostrobothnia,2007,pes,"Persian, Farsi",198
Ostrobothnia,2007,pol,Polish,36
Ostrobothnia,2007,por,Portuguese,35
Ostrobothnia,2007,ron,Romanian,11
Ostrobothnia,2007,rus,Russian,458
Ostrobothnia,2007,som,Somali,230
Ostrobothnia,2007,spa,Spanish,83
Ostrobothnia,2007,srp,Serbian,144
Ostrobothnia,2007,swe,Swedish,90058
Ostrobothnia,2007,swh,Swahili,26
Ostrobothnia,2007,tam,Tamil,10
Ostrobothnia,2007,tgl,Tagalog,21
Ostrobothnia,2007,tha,Thai,99
Ostrobothnia,2007,tur,Turkish,44
Ostrobothnia,2007,ukr,Ukrainian,10
Ostrobothnia,2007,urd,Urdu,39
Ostrobothnia,2007,vie,Vietnamese,367
Ostrobothnia,2007,yor,Yoruba,22
Ostrobothnia,2008,aka,Akan,12
Ostrobothnia,2008,als,Albanian,300
Ostrobothnia,2008,amh,Amharic,31
Ostrobothnia,2008,arb,Arabic,289
Ostrobothnia,2008,azj,Azerbaijani,56
Ostrobothnia,2008,ben,"Bengali, (Bangla)",20
Ostrobothnia,2008,bos,Bosnian,389
Ostrobothnia,2008,bul,Bulgarian,29
Ostrobothnia,2008,ckb,Kurdish,207
Ostrobothnia,2008,cmn,Chinese,175
Ostrobothnia,2008,deu,German,75
Ostrobothnia,2008,ekk,Estonian,251
Ostrobothnia,2008,eng,English,310
Ostrobothnia,2008,fin,Finnish,75131
Ostrobothnia,2008,fra,French,20
Ostrobothnia,2008,hin,Hindi,45
Ostrobothnia,2008,hun,Hungarian,87
Ostrobothnia,2008,ita,Italian,18
Ostrobothnia,2008,kik,Kikuyu,13
Ostrobothnia,2008,kin,Kinyarwanda,19
Ostrobothnia,2008,kng,Kongo,17
Ostrobothnia,2008,lit,Lithuanian,34
Ostrobothnia,2008,mar,Marathi,22
Ostrobothnia,2008,mkd,Macedonian,13
Ostrobothnia,2008,mya,Burmese,11
Ostrobothnia,2008,nor,Norwegian,12
Ostrobothnia,2008,npi,Nepali,20
Ostrobothnia,2008,pes,"Persian, Farsi",206
Ostrobothnia,2008,pol,Polish,61
Ostrobothnia,2008,por,Portuguese,33
Ostrobothnia,2008,rus,Russian,527
Ostrobothnia,2008,som,Somali,291
Ostrobothnia,2008,spa,Spanish,92
Ostrobothnia,2008,srp,Serbian,142
Ostrobothnia,2008,swe,Swedish,90086
Ostrobothnia,2008,swh,Swahili,44
Ostrobothnia,2008,tam,Tamil,10
Ostrobothnia,2008,tgl,Tagalog,23
Ostrobothnia,2008,tha,Thai,125
Ostrobothnia,2008,tur,Turkish,44
Ostrobothnia,2008,ukr,Ukrainian,39
Ostrobothnia,2008,urd,Urdu,27
Ostrobothnia,2008,vie,Vietnamese,421
Ostrobothnia,2008,yor,Yoruba,30
Ostrobothnia,2009,aka,Akan,14
Ostrobothnia,2009,als,Albanian,316
Ostrobothnia,2009,amh,Amharic,27
Ostrobothnia,2009,arb,Arabic,298
Ostrobothnia,2009,azj,Azerbaijani,52
Ostrobothnia,2009,ben,"Bengali, (Bangla)",27
Ostrobothnia,2009,bos,Bosnian,457
Ostrobothnia,2009,bul,Bulgarian,45
Ostrobothnia,2009,che,Chechen,12
Ostrobothnia,2009,ckb,Kurdish,225
Ostrobothnia,2009,cmn,Chinese,185
Ostrobothnia,2009,deu,German,89
Ostrobothnia,2009,ekk,Estonian,283
Ostrobothnia,2009,eng,English,330
Ostrobothnia,2009,fin,Finnish,75468
Ostrobothnia,2009,fra,French,17
Ostrobothnia,2009,hin,Hindi,53
Ostrobothnia,2009,hun,Hungarian,86
Ostrobothnia,2009,ita,Italian,19
Ostrobothnia,2009,kik,Kikuyu,10
Ostrobothnia,2009,kin,Kinyarwanda,53
Ostrobothnia,2009,kng,Kongo,17
Ostrobothnia,2009,kor,Korean,10
Ostrobothnia,2009,lit,Lithuanian,37
Ostrobothnia,2009,mar,Marathi,34
Ostrobothnia,2009,mkd,Macedonian,14
Ostrobothnia,2009,mya,Burmese,11
Ostrobothnia,2009,nld,Dutch,10
Ostrobothnia,2009,nor,Norwegian,11
Ostrobothnia,2009,npi,Nepali,42
Ostrobothnia,2009,pes,"Persian, Farsi",192
Ostrobothnia,2009,pol,Polish,73
Ostrobothnia,2009,por,Portuguese,29
Ostrobothnia,2009,ron,Romanian,10
Ostrobothnia,2009,rus,Russian,567
Ostrobothnia,2009,som,Somali,382
Ostrobothnia,2009,spa,Spanish,111
Ostrobothnia,2009,srp,Serbian,144
Ostrobothnia,2009,swe,Swedish,90192
Ostrobothnia,2009,swh,Swahili,50
Ostrobothnia,2009,tgl,Tagalog,41
Ostrobothnia,2009,tha,Thai,143
Ostrobothnia,2009,tur,Turkish,51
Ostrobothnia,2009,ukr,Ukrainian,58
Ostrobothnia,2009,urd,Urdu,34
Ostrobothnia,2009,vie,Vietnamese,472
Ostrobothnia,2009,yor,Yoruba,32
Ostrobothnia,2010,aka,Akan,14
Ostrobothnia,2010,als,Albanian,321
Ostrobothnia,2010,amh,Amharic,34
Ostrobothnia,2010,arb,Arabic,324
Ostrobothnia,2010,azj,Azerbaijani,51
Ostrobothnia,2010,ben,"Bengali, (Bangla)",39
Ostrobothnia,2010,bos,Bosnian,496
Ostrobothnia,2010,bul,Bulgarian,56
Ostrobothnia,2010,che,Chechen,21
Ostrobothnia,2010,ckb,Kurdish,249
Ostrobothnia,2010,cmn,Chinese,193
Ostrobothnia,2010,deu,German,80
Ostrobothnia,2010,ekk,Estonian,328
Ostrobothnia,2010,eng,English,330
Ostrobothnia,2010,fin,Finnish,75542
Ostrobothnia,2010,fra,French,23
Ostrobothnia,2010,hin,Hindi,55
Ostrobothnia,2010,hun,Hungarian,87
Ostrobothnia,2010,ita,Italian,15
Ostrobothnia,2010,khk,Mongolian,10
Ostrobothnia,2010,kik,Kikuyu,11
Ostrobothnia,2010,kin,Kinyarwanda,76
Ostrobothnia,2010,kng,Kongo,17
Ostrobothnia,2010,lit,Lithuanian,39
Ostrobothnia,2010,lug,Ganda,10
Ostrobothnia,2010,mar,Marathi,24
Ostrobothnia,2010,mkd,Macedonian,15
Ostrobothnia,2010,mya,Burmese,12
Ostrobothnia,2010,nor,Norwegian,27
Ostrobothnia,2010,npi,Nepali,66
Ostrobothnia,2010,pes,"Persian, Farsi",182
Ostrobothnia,2010,pol,Polish,67
Ostrobothnia,2010,por,Portuguese,37
Ostrobothnia,2010,ron,Romanian,17
Ostrobothnia,2010,rus,Russian,616
Ostrobothnia,2010,som,Somali,505
Ostrobothnia,2010,spa,Spanish,116
Ostrobothnia,2010,srp,Serbian,137
Ostrobothnia,2010,swe,Swedish,90375
Ostrobothnia,2010,swh,Swahili,68
Ostrobothnia,2010,tam,Tamil,11
Ostrobothnia,2010,tgl,Tagalog,44
Ostrobothnia,2010,tha,Thai,172
Ostrobothnia,2010,tir,Tigrinya,10
Ostrobothnia,2010,tur,Turkish,57
Ostrobothnia,2010,ukr,Ukrainian,64
Ostrobothnia,2010,urd,Urdu,44
Ostrobothnia,2010,vie,Vietnamese,493
Ostrobothnia,2010,yor,Yoruba,30
Ostrobothnia,2011,aka,Akan,12
Ostrobothnia,2011,als,Albanian,341
Ostrobothnia,2011,amh,Amharic,37
Ostrobothnia,2011,arb,Arabic,383
Ostrobothnia,2011,azj,Azerbaijani,49
Ostrobothnia,2011,bel,Belarusian,10
Ostrobothnia,2011,ben,"Bengali, (Bangla)",56
Ostrobothnia,2011,bos,Bosnian,515
Ostrobothnia,2011,bul,Bulgarian,112
Ostrobothnia,2011,ces,Czech,10
Ostrobothnia,2011,che,Chechen,24
Ostrobothnia,2011,ckb,Kurdish,281
Ostrobothnia,2011,cmn,Chinese,207
Ostrobothnia,2011,deu,German,78
Ostrobothnia,2011,ekk,Estonian,390
Ostrobothnia,2011,eng,English,341
Ostrobothnia,2011,fin,Finnish,75809
Ostrobothnia,2011,fra,French,22
Ostrobothnia,2011,hin,Hindi,58
Ostrobothnia,2011,hun,Hungarian,99
Ostrobothnia,2011,ita,Italian,19
Ostrobothnia,2011,kik,Kikuyu,10
Ostrobothnia,2011,kin,Kinyarwanda,75
Ostrobothnia,2011,kng,Kongo,17
Ostrobothnia,2011,kor,Korean,12
Ostrobothnia,2011,lit,Lithuanian,40
Ostrobothnia,2011,mar,Marathi,25
Ostrobothnia,2011,mkd,Macedonian,15
Ostrobothnia,2011,mya,Burmese,12
Ostrobothnia,2011,nld,Dutch,23
Ostrobothnia,2011,nor,Norwegian,20
Ostrobothnia,2011,npi,Nepali,80
Ostrobothnia,2011,pes,"Persian, Farsi",262
Ostrobothnia,2011,pol,Polish,81
Ostrobothnia,2011,por,Portuguese,60
Ostrobothnia,2011,ron,Romanian,61
Ostrobothnia,2011,rus,Russian,689
Ostrobothnia,2011,som,Somali,585
Ostrobothnia,2011,spa,Spanish,136
Ostrobothnia,2011,srp,Serbian,135
Ostrobothnia,2011,swe,Swedish,90370
Ostrobothnia,2011,swh,Swahili,83
Ostrobothnia,2011,tgl,Tagalog,64
Ostrobothnia,2011,tha,Thai,209
Ostrobothnia,2011,tir,Tigrinya,10
Ostrobothnia,2011,tur,Turkish,71
Ostrobothnia,2011,ukr,Ukrainian,103
Ostrobothnia,2011,urd,Urdu,52
Ostrobothnia,2011,vie,Vietnamese,556
Ostrobothnia,2011,yor,Yoruba,41
Ostrobothnia,2012,aka,Akan,13
Ostrobothnia,2012,als,Albanian,349
Ostrobothnia,2012,amh,Amharic,44
Ostrobothnia,2012,arb,Arabic,367
Ostrobothnia,2012,azj,Azerbaijani,56
Ostrobothnia,2012,bel,Belarusian,10
Ostrobothnia,2012,ben,"Bengali, (Bangla)",78
Ostrobothnia,2012,bos,Bosnian,535
Ostrobothnia,2012,bul,Bulgarian,173
Ostrobothnia,2012,ces,Czech,21
Ostrobothnia,2012,che,Chechen,17
Ostrobothnia,2012,ckb,Kurdish,285
Ostrobothnia,2012,cmn,Chinese,200
Ostrobothnia,2012,deu,German,74
Ostrobothnia,2012,ekk,Estonian,452
Ostrobothnia,2012,ell,Greek (modern),10
Ostrobothnia,2012,eng,English,353
Ostrobothnia,2012,ewe,Ewe,14
Ostrobothnia,2012,fin,Finnish,75904
Ostrobothnia,2012,fra,French,27
Ostrobothnia,2012,hin,Hindi,55
Ostrobothnia,2012,hun,Hungarian,96
Ostrobothnia,2012,ibo,Igbo,11
Ostrobothnia,2012,ita,Italian,30
Ostrobothnia,2012,kik,Kikuyu,11
Ostrobothnia,2012,kin,Kinyarwanda,104
Ostrobothnia,2012,kng,Kongo,17
Ostrobothnia,2012,kor,Korean,10
Ostrobothnia,2012,lit,Lithuanian,38
Ostrobothnia,2012,mal,Malayalam,11
Ostrobothnia,2012,mar,Marathi,22
Ostrobothnia,2012,mkd,Macedonian,13
Ostrobothnia,2012,mya,Burmese,12
Ostrobothnia,2012,nld,Dutch,14
Ostrobothnia,2012,npi,Nepali,108
Ostrobothnia,2012,pes,"Persian, Farsi",331
Ostrobothnia,2012,pol,Polish,86
Ostrobothnia,2012,por,Portuguese,53
Ostrobothnia,2012,ron,Romanian,38
Ostrobothnia,2012,rus,Russian,768
Ostrobothnia,2012,som,Somali,578
Ostrobothnia,2012,spa,Spanish,149
Ostrobothnia,2012,srp,Serbian,134
Ostrobothnia,2012,swe,Swedish,90235
Ostrobothnia,2012,swh,Swahili,84
Ostrobothnia,2012,tam,Tamil,11
Ostrobothnia,2012,tel,Telugu,12
Ostrobothnia,2012,tgl,Tagalog,74
Ostrobothnia,2012,tha,Thai,245
Ostrobothnia,2012,tir,Tigrinya,15
Ostrobothnia,2012,tur,Turkish,85
Ostrobothnia,2012,ukr,Ukrainian,130
Ostrobothnia,2012,urd,Urdu,58
Ostrobothnia,2012,vie,Vietnamese,634
Ostrobothnia,2012,yor,Yoruba,53
Ostrobothnia,2013,aka,Akan,17
Ostrobothnia,2013,als,Albanian,379
Ostrobothnia,2013,amh,Amharic,49
Ostrobothnia,2013,arb,Arabic,401
Ostrobothnia,2013,azj,Azerbaijani,58
Ostrobothnia,2013,bel,Belarusian,10
Ostrobothnia,2013,ben,"Bengali, (Bangla)",92
Ostrobothnia,2013,bos,Bosnian,565
Ostrobothnia,2013,bul,Bulgarian,223
Ostrobothnia,2013,ces,Czech,23
Ostrobothnia,2013,che,Chechen,19
Ostrobothnia,2013,ckb,Kurdish,261
Ostrobothnia,2013,cmn,Chinese,208
Ostrobothnia,2013,deu,German,88
Ostrobothnia,2013,ekk,Estonian,527
Ostrobothnia,2013,ell,Greek (modern),12
Ostrobothnia,2013,eng,English,376
Ostrobothnia,2013,ewe,Ewe,18
Ostrobothnia,2013,fin,Finnish,75979
Ostrobothnia,2013,fra,French,31
Ostrobothnia,2013,hin,Hindi,56
Ostrobothnia,2013,hrv,Croatian,12
Ostrobothnia,2013,hun,Hungarian,107
Ostrobothnia,2013,ibo,Igbo,15
Ostrobothnia,2013,ind,Indonesian,11
Ostrobothnia,2013,ita,Italian,29
Ostrobothnia,2013,kan,Kannada,13
Ostrobothnia,2013,kik,Kikuyu,13
Ostrobothnia,2013,kin,Kinyarwanda,105
Ostrobothnia,2013,kng,Kongo,20
Ostrobothnia,2013,kor,Korean,11
Ostrobothnia,2013,lit,Lithuanian,53
Ostrobothnia,2013,mar,Marathi,26
Ostrobothnia,2013,mkd,Macedonian,12
Ostrobothnia,2013,mya,Burmese,22
Ostrobothnia,2013,nld,Dutch,26
Ostrobothnia,2013,nor,Norwegian,11
Ostrobothnia,2013,npi,Nepali,108
Ostrobothnia,2013,pes,"Persian, Farsi",367
Ostrobothnia,2013,pol,Polish,86
Ostrobothnia,2013,por,Portuguese,57
Ostrobothnia,2013,ron,Romanian,69
Ostrobothnia,2013,rus,Russian,837
Ostrobothnia,2013,som,Somali,588
Ostrobothnia,2013,spa,Spanish,156
Ostrobothnia,2013,srp,Serbian,132
Ostrobothnia,2013,swe,Swedish,90237
Ostrobothnia,2013,swh,Swahili,91
Ostrobothnia,2013,tam,Tamil,10
Ostrobothnia,2013,tel,Telugu,10
Ostrobothnia,2013,tgl,Tagalog,81
Ostrobothnia,2013,tha,Thai,254
Ostrobothnia,2013,tir,Tigrinya,14
Ostrobothnia,2013,tur,Turkish,81
Ostrobothnia,2013,ukr,Ukrainian,176
Ostrobothnia,2013,urd,Urdu,70
Ostrobothnia,2013,vie,Vietnamese,691
Ostrobothnia,2013,yor,Yoruba,56
Ostrobothnia,2014,aka,Akan,19
Ostrobothnia,2014,als,Albanian,385
Ostrobothnia,2014,amh,Amharic,52
Ostrobothnia,2014,arb,Arabic,444
Ostrobothnia,2014,azj,Azerbaijani,61
Ostrobothnia,2014,bel,Belarusian,10
Ostrobothnia,2014,ben,"Bengali, (Bangla)",93
Ostrobothnia,2014,bos,Bosnian,604
Ostrobothnia,2014,bul,Bulgarian,265
Ostrobothnia,2014,ces,Czech,26
Ostrobothnia,2014,che,Chechen,11
Ostrobothnia,2014,ckb,Kurdish,273
Ostrobothnia,2014,cmn,Chinese,226
Ostrobothnia,2014,deu,German,81
Ostrobothnia,2014,ekk,Estonian,566
Ostrobothnia,2014,ell,Greek (modern),13
Ostrobothnia,2014,eng,English,412
Ostrobothnia,2014,ewe,Ewe,19
Ostrobothnia,2014,fin,Finnish,76097
Ostrobothnia,2014,fra,French,48
Ostrobothnia,2014,hin,Hindi,58
Ostrobothnia,2014,hrv,Croatian,13
Ostrobothnia,2014,hun,Hungarian,124
Ostrobothnia,2014,ibo,Igbo,25
Ostrobothnia,2014,ind,Indonesian,15
Ostrobothnia,2014,ita,Italian,33
Ostrobothnia,2014,kan,Kannada,10
Ostrobothnia,2014,kik,Kikuyu,15
Ostrobothnia,2014,kin,Kinyarwanda,110
Ostrobothnia,2014,kng,Kongo,20
Ostrobothnia,2014,kor,Korean,11
Ostrobothnia,2014,lit,Lithuanian,41
Ostrobothnia,2014,mal,Malayalam,13
Ostrobothnia,2014,mar,Marathi,34
Ostrobothnia,2014,mkd,Macedonian,13
Ostrobothnia,2014,mya,Burmese,22
Ostrobothnia,2014,nld,Dutch,14
Ostrobothnia,2014,nor,Norwegian,15
Ostrobothnia,2014,npi,Nepali,111
Ostrobothnia,2014,pes,"Persian, Farsi",403
Ostrobothnia,2014,pol,Polish,88
Ostrobothnia,2014,por,Portuguese,53
Ostrobothnia,2014,ron,Romanian,83
Ostrobothnia,2014,rus,Russian,875
Ostrobothnia,2014,som,Somali,576
Ostrobothnia,2014,spa,Spanish,161
Ostrobothnia,2014,srp,Serbian,130
Ostrobothnia,2014,swe,Swedish,90252
Ostrobothnia,2014,swh,Swahili,116
Ostrobothnia,2014,tam,Tamil,11
Ostrobothnia,2014,tel,Telugu,13
Ostrobothnia,2014,tgl,Tagalog,92
Ostrobothnia,2014,tha,Thai,266
Ostrobothnia,2014,tir,Tigrinya,15
Ostrobothnia,2014,tur,Turkish,80
Ostrobothnia,2014,ukr,Ukrainian,227
Ostrobothnia,2014,urd,Urdu,77
Ostrobothnia,2014,vie,Vietnamese,769
Ostrobothnia,2014,yor,Yoruba,59
Ostrobothnia,2015,aka,Akan,32
Ostrobothnia,2015,als,Albanian,411
Ostrobothnia,2015,amh,Amharic,53
Ostrobothnia,2015,arb,Arabic,612
Ostrobothnia,2015,azj,Azerbaijani,62
Ostrobothnia,2015,bel,Belarusian,10
Ostrobothnia,2015,ben,"Bengali, (Bangla)",104
Ostrobothnia,2015,bos,Bosnian,649
Ostrobothnia,2015,bul,Bulgarian,305
Ostrobothnia,2015,ces,Czech,24
Ostrobothnia,2015,che,Chechen,12
Ostrobothnia,2015,ckb,Kurdish,242
Ostrobothnia,2015,cmn,Chinese,222
Ostrobothnia,2015,deu,German,87
Ostrobothnia,2015,ekk,Estonian,569
Ostrobothnia,2015,ell,Greek (modern),15
Ostrobothnia,2015,eng,English,478
Ostrobothnia,2015,ewe,Ewe,23
Ostrobothnia,2015,fin,Finnish,76156
Ostrobothnia,2015,fra,French,44
Ostrobothnia,2015,hin,Hindi,56
Ostrobothnia,2015,hrv,Croatian,14
Ostrobothnia,2015,hun,Hungarian,157
Ostrobothnia,2015,ibo,Igbo,28
Ostrobothnia,2015,ind,Indonesian,17
Ostrobothnia,2015,ita,Italian,50
Ostrobothnia,2015,kan,Kannada,10
Ostrobothnia,2015,kik,Kikuyu,13
Ostrobothnia,2015,kin,Kinyarwanda,111
Ostrobothnia,2015,kng,Kongo,11
Ostrobothnia,2015,kor,Korean,14
Ostrobothnia,2015,lit,Lithuanian,38
Ostrobothnia,2015,lug,Ganda,11
Ostrobothnia,2015,mal,Malayalam,12
Ostrobothnia,2015,mar,Marathi,33
Ostrobothnia,2015,mkd,Macedonian,13
Ostrobothnia,2015,mya,Burmese,23
Ostrobothnia,2015,nld,Dutch,14
Ostrobothnia,2015,nor,Norwegian,14
Ostrobothnia,2015,npi,Nepali,123
Ostrobothnia,2015,pes,"Persian, Farsi",409
Ostrobothnia,2015,pol,Polish,92
Ostrobothnia,2015,por,Portuguese,64
Ostrobothnia,2015,ron,Romanian,94
Ostrobothnia,2015,rus,Russian,909
Ostrobothnia,2015,sme,Sami,10
Ostrobothnia,2015,som,Somali,574
Ostrobothnia,2015,spa,Spanish,173
Ostrobothnia,2015,srp,Serbian,142
Ostrobothnia,2015,swe,Swedish,90083
Ostrobothnia,2015,swh,Swahili,135
Ostrobothnia,2015,tam,Tamil,17
Ostrobothnia,2015,tel,Telugu,14
Ostrobothnia,2015,tgl,Tagalog,97
Ostrobothnia,2015,tha,Thai,294
Ostrobothnia,2015,tir,Tigrinya,17
Ostrobothnia,2015,tur,Turkish,75
Ostrobothnia,2015,ukr,Ukrainian,269
Ostrobothnia,2015,urd,Urdu,78
Ostrobothnia,2015,uzn,Uzbek,10
Ostrobothnia,2015,vie,Vietnamese,867
Ostrobothnia,2015,yor,Yoruba,60
Ostrobothnia,2016,aka,Akan,41
Ostrobothnia,2016,als,Albanian,415
Ostrobothnia,2016,amh,Amharic,53
Ostrobothnia,2016,arb,Arabic,795
Ostrobothnia,2016,azj,Azerbaijani,52
Ostrobothnia,2016,ben,"Bengali, (Bangla)",123
Ostrobothnia,2016,bos,Bosnian,669
Ostrobothnia,2016,bul,Bulgarian,343
Ostrobothnia,2016,ces,Czech,23
Ostrobothnia,2016,che,Chechen,13
Ostrobothnia,2016,ckb,Kurdish,254
Ostrobothnia,2016,cmn,Chinese,200
Ostrobothnia,2016,deu,German,91
Ostrobothnia,2016,ekk,Estonian,558
Ostrobothnia,2016,ell,Greek (modern),19
Ostrobothnia,2016,eng,English,474
Ostrobothnia,2016,ewe,Ewe,18
Ostrobothnia,2016,fin,Finnish,75739
Ostrobothnia,2016,fra,French,54
Ostrobothnia,2016,hin,Hindi,55
Ostrobothnia,2016,hrv,Croatian,16
Ostrobothnia,2016,hun,Hungarian,120
Ostrobothnia,2016,ibo,Igbo,33
Ostrobothnia,2016,ind,Indonesian,17
Ostrobothnia,2016,ita,Italian,48
Ostrobothnia,2016,kik,Kikuyu,12
Ostrobothnia,2016,kin,Kinyarwanda,110
Ostrobothnia,2016,kng,Kongo,10
Ostrobothnia,2016,kor,Korean,14
Ostrobothnia,2016,lit,Lithuanian,51
Ostrobothnia,2016,lug,Ganda,10
Ostrobothnia,2016,mal,Malayalam,18
Ostrobothnia,2016,mar,Marathi,44
Ostrobothnia,2016,mkd,Macedonian,14
Ostrobothnia,2016,mya,Burmese,22
Ostrobothnia,2016,nld,Dutch,13
Ostrobothnia,2016,nor,Norwegian,26
Ostrobothnia,2016,npi,Nepali,142
Ostrobothnia,2016,pes,"Persian, Farsi",444
Ostrobothnia,2016,pol,Polish,97
Ostrobothnia,2016,por,Portuguese,66
Ostrobothnia,2016,ron,Romanian,111
Ostrobothnia,2016,rus,Russian,921
Ostrobothnia,2016,slk,Slovak,11
Ostrobothnia,2016,som,Somali,552
Ostrobothnia,2016,spa,Spanish,188
Ostrobothnia,2016,srp,Serbian,140
Ostrobothnia,2016,swe,Swedish,89881
Ostrobothnia,2016,swh,Swahili,119
Ostrobothnia,2016,tam,Tamil,17
Ostrobothnia,2016,tel,Telugu,16
Ostrobothnia,2016,tgl,Tagalog,102
Ostrobothnia,2016,tha,Thai,304
Ostrobothnia,2016,tir,Tigrinya,17
Ostrobothnia,2016,tur,Turkish,74
Ostrobothnia,2016,ukr,Ukrainian,309
Ostrobothnia,2016,urd,Urdu,80
Ostrobothnia,2016,vie,Vietnamese,978
Ostrobothnia,2016,yor,Yoruba,63
Ostrobothnia,2017,aka,Akan,48
Ostrobothnia,2017,als,Albanian,416
Ostrobothnia,2017,amh,Amharic,55
Ostrobothnia,2017,arb,Arabic,1094
Ostrobothnia,2017,azj,Azerbaijani,44
Ostrobothnia,2017,ben,"Bengali, (Bangla)",124
Ostrobothnia,2017,bos,Bosnian,677
Ostrobothnia,2017,bul,Bulgarian,362
Ostrobothnia,2017,ces,Czech,23
Ostrobothnia,2017,ckb,Kurdish,304
Ostrobothnia,2017,cmn,Chinese,210
Ostrobothnia,2017,deu,German,86
Ostrobothnia,2017,ekk,Estonian,549
Ostrobothnia,2017,ell,Greek (modern),18
Ostrobothnia,2017,eng,English,504
Ostrobothnia,2017,ewe,Ewe,18
Ostrobothnia,2017,fin,Finnish,74926
Ostrobothnia,2017,fra,French,57
Ostrobothnia,2017,hin,Hindi,51
Ostrobothnia,2017,hrv,Croatian,16
Ostrobothnia,2017,hun,Hungarian,131
Ostrobothnia,2017,ibo,Igbo,41
Ostrobothnia,2017,ind,Indonesian,17
Ostrobothnia,2017,ita,Italian,49
Ostrobothnia,2017,jpn,Japanese,11
Ostrobothnia,2017,kik,Kikuyu,12
Ostrobothnia,2017,kin,Kinyarwanda,99
Ostrobothnia,2017,kng,Kongo,10
Ostrobothnia,2017,kor,Korean,15
Ostrobothnia,2017,lit,Lithuanian,53
Ostrobothnia,2017,lug,Ganda,10
Ostrobothnia,2017,mal,Malayalam,19
Ostrobothnia,2017,mar,Marathi,47
Ostrobothnia,2017,mkd,Macedonian,15
Ostrobothnia,2017,mya,Burmese,24
Ostrobothnia,2017,nld,Dutch,13
Ostrobothnia,2017,nor,Norwegian,40
Ostrobothnia,2017,npi,Nepali,143
Ostrobothnia,2017,pes,"Persian, Farsi",476
Ostrobothnia,2017,pol,Polish,103
Ostrobothnia,2017,por,Portuguese,68
Ostrobothnia,2017,ron,Romanian,127
Ostrobothnia,2017,rus,Russian,918
Ostrobothnia,2017,som,Somali,535
Ostrobothnia,2017,spa,Spanish,191
Ostrobothnia,2017,srp,Serbian,140
Ostrobothnia,2017,swe,Swedish,89639
Ostrobothnia,2017,swh,Swahili,115
Ostrobothnia,2017,tam,Tamil,17
Ostrobothnia,2017,tgl,Tagalog,105
Ostrobothnia,2017,tha,Thai,332
Ostrobothnia,2017,tir,Tigrinya,19
Ostrobothnia,2017,tur,Turkish,74
Ostrobothnia,2017,ukr,Ukrainian,355
Ostrobothnia,2017,urd,Urdu,91
Ostrobothnia,2017,vie,Vietnamese,1079
Ostrobothnia,2017,yor,Yoruba,61
Ostrobothnia,2018,aka,Akan,54
Ostrobothnia,2018,als,Albanian,398
Ostrobothnia,2018,amh,Amharic,70
Ostrobothnia,2018,arb,Arabic,1183
Ostrobothnia,2018,azj,Azerbaijani,43
Ostrobothnia,2018,bel,Belarusian,10
Ostrobothnia,2018,ben,"Bengali, (Bangla)",142
Ostrobothnia,2018,bos,Bosnian,690
Ostrobothnia,2018,bul,Bulgarian,399
Ostrobothnia,2018,ces,Czech,25
Ostrobothnia,2018,che,Chechen,14
Ostrobothnia,2018,ckb,Kurdish,289
Ostrobothnia,2018,cmn,Chinese,196
Ostrobothnia,2018,deu,German,91
Ostrobothnia,2018,ekk,Estonian,541
Ostrobothnia,2018,ell,Greek (modern),21
Ostrobothnia,2018,eng,English,523
Ostrobothnia,2018,ewe,Ewe,17
Ostrobothnia,2018,fin,Finnish,74571
Ostrobothnia,2018,fra,French,61
Ostrobothnia,2018,hin,Hindi,50
Ostrobothnia,2018,hrv,Croatian,15
Ostrobothnia,2018,hun,Hungarian,137
Ostrobothnia,2018,ibo,Igbo,48
Ostrobothnia,2018,ind,Indonesian,15
Ostrobothnia,2018,ita,Italian,50
Ostrobothnia,2018,jpn,Japanese,13
Ostrobothnia,2018,kik,Kikuyu,11
Ostrobothnia,2018,kin,Kinyarwanda,100
Ostrobothnia,2018,kng,Kongo,10
Ostrobothnia,2018,kor,Korean,16
Ostrobothnia,2018,lit,Lithuanian,51
Ostrobothnia,2018,lug,Ganda,10
Ostrobothnia,2018,mal,Malayalam,24
Ostrobothnia,2018,mar,Marathi,45
Ostrobothnia,2018,mkd,Macedonian,16
Ostrobothnia,2018,mya,Burmese,34
Ostrobothnia,2018,nld,Dutch,13
Ostrobothnia,2018,nor,Norwegian,38
Ostrobothnia,2018,npi,Nepali,141
Ostrobothnia,2018,pes,"Persian, Farsi",475
Ostrobothnia,2018,pol,Polish,105
Ostrobothnia,2018,por,Portuguese,62
Ostrobothnia,2018,ron,Romanian,120
Ostrobothnia,2018,rus,Russian,935
Ostrobothnia,2018,som,Somali,531
Ostrobothnia,2018,spa,Spanish,209
Ostrobothnia,2018,srp,Serbian,133
Ostrobothnia,2018,swe,Swedish,89403
Ostrobothnia,2018,swh,Swahili,125
Ostrobothnia,2018,tam,Tamil,26
Ostrobothnia,2018,tgl,Tagalog,118
Ostrobothnia,2018,tha,Thai,345
Ostrobothnia,2018,tir,Tigrinya,25
Ostrobothnia,2018,tur,Turkish,76
Ostrobothnia,2018,ukr,Ukrainian,443
Ostrobothnia,2018,urd,Urdu,95
Ostrobothnia,2018,vie,Vietnamese,1181
Ostrobothnia,2018,yor,Yoruba,62
Ostrobothnia,2019,aka,Akan,50
Ostrobothnia,2019,als,Albanian,408
Ostrobothnia,2019,amh,Amharic,68
Ostrobothnia,2019,arb,Arabic,1241
Ostrobothnia,2019,azj,Azerbaijani,43
Ostrobothnia,2019,bel,Belarusian,10
Ostrobothnia,2019,ben,"Bengali, (Bangla)",159
Ostrobothnia,2019,bos,Bosnian,688
Ostrobothnia,2019,bul,Bulgarian,398
Ostrobothnia,2019,ces,Czech,15
Ostrobothnia,2019,che,Chechen,12
Ostrobothnia,2019,ckb,Kurdish,342
Ostrobothnia,2019,cmn,Chinese,187
Ostrobothnia,2019,deu,German,96
Ostrobothnia,2019,ekk,Estonian,497
Ostrobothnia,2019,ell,Greek (modern),31
Ostrobothnia,2019,eng,English,531
Ostrobothnia,2019,ewe,Ewe,15
Ostrobothnia,2019,fin,Finnish,74116
Ostrobothnia,2019,fra,French,57
Ostrobothnia,2019,hin,Hindi,53
Ostrobothnia,2019,hrv,Croatian,16
Ostrobothnia,2019,hun,Hungarian,139
Ostrobothnia,2019,ibo,Igbo,47
Ostrobothnia,2019,ind,Indonesian,14
Ostrobothnia,2019,ita,Italian,60
Ostrobothnia,2019,jpn,Japanese,14
Ostrobothnia,2019,kik,Kikuyu,10
Ostrobothnia,2019,kin,Kinyarwanda,88
Ostrobothnia,2019,kir,Kirghiz,12
Ostrobothnia,2019,kng,Kongo,10
Ostrobothnia,2019,kor,Korean,16
Ostrobothnia,2019,lit,Lithuanian,50
Ostrobothnia,2019,mal,Malayalam,32
Ostrobothnia,2019,mar,Marathi,47
Ostrobothnia,2019,mkd,Macedonian,16
Ostrobothnia,2019,mya,Burmese,34
Ostrobothnia,2019,nld,Dutch,16
Ostrobothnia,2019,nor,Norwegian,39
Ostrobothnia,2019,npi,Nepali,144
Ostrobothnia,2019,pes,"Persian, Farsi",472
Ostrobothnia,2019,pol,Polish,104
Ostrobothnia,2019,por,Portuguese,65
Ostrobothnia,2019,ron,Romanian,133
Ostrobothnia,2019,rus,Russian,956
Ostrobothnia,2019,som,Somali,526
Ostrobothnia,2019,spa,Spanish,218
Ostrobothnia,2019,srp,Serbian,132
Ostrobothnia,2019,swe,Swedish,89176
Ostrobothnia,2019,swh,Swahili,144
Ostrobothnia,2019,tam,Tamil,18
Ostrobothnia,2019,tgl,Tagalog,137
Ostrobothnia,2019,tha,Thai,367
Ostrobothnia,2019,tir,Tigrinya,28
Ostrobothnia,2019,tur,Turkish,92
Ostrobothnia,2019,ukr,Ukrainian,505
Ostrobothnia,2019,urd,Urdu,101
Ostrobothnia,2019,vie,Vietnamese,1310
Ostrobothnia,2019,yor,Yoruba,59
Ostrobothnia,2020,aka,Akan,48
Ostrobothnia,2020,als,Albanian,440
Ostrobothnia,2020,amh,Amharic,73
Ostrobothnia,2020,arb,Arabic,1277
Ostrobothnia,2020,azj,Azerbaijani,42
Ostrobothnia,2020,bel,Belarusian,10
Ostrobothnia,2020,ben,"Bengali, (Bangla)",150
Ostrobothnia,2020,bos,Bosnian,683
Ostrobothnia,2020,bul,Bulgarian,420
Ostrobothnia,2020,ces,Czech,15
Ostrobothnia,2020,ckb,Kurdish,337
Ostrobothnia,2020,cmn,Chinese,193
Ostrobothnia,2020,deu,German,82
Ostrobothnia,2020,ekk,Estonian,499
Ostrobothnia,2020,ell,Greek (modern),24
Ostrobothnia,2020,eng,English,568
Ostrobothnia,2020,ewe,Ewe,14
Ostrobothnia,2020,fin,Finnish,73610
Ostrobothnia,2020,fra,French,56
Ostrobothnia,2020,hin,Hindi,60
Ostrobothnia,2020,hrv,Croatian,16
Ostrobothnia,2020,hun,Hungarian,150
Ostrobothnia,2020,ibo,Igbo,38
Ostrobothnia,2020,ind,Indonesian,15
Ostrobothnia,2020,ita,Italian,62
Ostrobothnia,2020,jpn,Japanese,12
Ostrobothnia,2020,kik,Kikuyu,11
Ostrobothnia,2020,kin,Kinyarwanda,69
Ostrobothnia,2020,kir,Kirghiz,13
Ostrobothnia,2020,kng,Kongo,10
Ostrobothnia,2020,kor,Korean,15
Ostrobothnia,2020,lit,Lithuanian,47
Ostrobothnia,2020,lvs,Latvian,24
Ostrobothnia,2020,mal,Malayalam,32
Ostrobothnia,2020,mar,Marathi,42
Ostrobothnia,2020,mkd,Macedonian,16
Ostrobothnia,2020,mya,Burmese,34
Ostrobothnia,2020,nld,Dutch,14
Ostrobothnia,2020,nor,Norwegian,42
Ostrobothnia,2020,npi,Nepali,147
Ostrobothnia,2020,pes,"Persian, Farsi",446
Ostrobothnia,2020,pol,Polish,109
Ostrobothnia,2020,por,Portuguese,65
Ostrobothnia,2020,ron,Romanian,132
Ostrobothnia,2020,rus,Russian,970
Ostrobothnia,2020,slk,Slovak,15
Ostrobothnia,2020,som,Somali,519
Ostrobothnia,2020,spa,Spanish,226
Ostrobothnia,2020,srp,Serbian,131
Ostrobothnia,2020,swe,Swedish,89085
Ostrobothnia,2020,swh,Swahili,162
Ostrobothnia,2020,tam,Tamil,19
Ostrobothnia,2020,tgl,Tagalog,131
Ostrobothnia,2020,tha,Thai,380
Ostrobothnia,2020,tir,Tigrinya,28
Ostrobothnia,2020,tur,Turkish,87
Ostrobothnia,2020,ukr,Ukrainian,598
Ostrobothnia,2020,urd,Urdu,120
Ostrobothnia,2020,vie,Vietnamese,1499
Ostrobothnia,2020,yor,Yoruba,58
Ostrobothnia,2021,aka,Akan,75
Ostrobothnia,2021,als,Albanian,470
Ostrobothnia,2021,amh,Amharic,62
Ostrobothnia,2021,arb,Arabic,1244
Ostrobothnia,2021,azj,Azerbaijani,44
Ostrobothnia,2021,bel,Belarusian,10
Ostrobothnia,2021,ben,"Bengali, (Bangla)",172
Ostrobothnia,2021,bos,Bosnian,678
Ostrobothnia,2021,bul,Bulgarian,434
Ostrobothnia,2021,ces,Czech,15
Ostrobothnia,2021,ckb,Kurdish,327
Ostrobothnia,2021,cmn,Chinese,222
Ostrobothnia,2021,deu,German,88
Ostrobothnia,2021,ekk,Estonian,481
Ostrobothnia,2021,ell,Greek (modern),28
Ostrobothnia,2021,eng,English,665
Ostrobothnia,2021,ewe,Ewe,20
Ostrobothnia,2021,fin,Finnish,73120
Ostrobothnia,2021,fra,French,54
Ostrobothnia,2021,hin,Hindi,67
Ostrobothnia,2021,hrv,Croatian,17
Ostrobothnia,2021,hun,Hungarian,145
Ostrobothnia,2021,ibo,Igbo,43
Ostrobothnia,2021,ind,Indonesian,15
Ostrobothnia,2021,ita,Italian,75
Ostrobothnia,2021,kik,Kikuyu,11
Ostrobothnia,2021,kin,Kinyarwanda,46
Ostrobothnia,2021,kir,Kirghiz,13
Ostrobothnia,2021,kng,Kongo,10
Ostrobothnia,2021,kor,Korean,17
Ostrobothnia,2021,lin,Lingala,10
Ostrobothnia,2021,lit,Lithuanian,47
Ostrobothnia,2021,lvs,Latvian,27
Ostrobothnia,2021,mal,Malayalam,38
Ostrobothnia,2021,mar,Marathi,51
Ostrobothnia,2021,mkd,Macedonian,17
Ostrobothnia,2021,mya,Burmese,32
Ostrobothnia,2021,nld,Dutch,14
Ostrobothnia,2021,nor,Norwegian,43
Ostrobothnia,2021,npi,Nepali,177
Ostrobothnia,2021,pes,"Persian, Farsi",470
Ostrobothnia,2021,pol,Polish,104
Ostrobothnia,2021,por,Portuguese,75
Ostrobothnia,2021,ron,Romanian,139
Ostrobothnia,2021,rus,Russian,1011
Ostrobothnia,2021,slk,Slovak,13
Ostrobothnia,2021,som,Somali,508
Ostrobothnia,2021,spa,Spanish,232
Ostrobothnia,2021,srp,Serbian,136
Ostrobothnia,2021,swe,Swedish,89161
Ostrobothnia,2021,swh,Swahili,162
Ostrobothnia,2021,tam,Tamil,19
Ostrobothnia,2021,tgl,Tagalog,173
Ostrobothnia,2021,tha,Thai,414
Ostrobothnia,2021,tir,Tigrinya,28
Ostrobothnia,2021,tur,Turkish,100
Ostrobothnia,2021,ukr,Ukrainian,681
Ostrobothnia,2021,urd,Urdu,116
Ostrobothnia,2021,vie,Vietnamese,1612
Ostrobothnia,2021,yor,Yoruba,64
Ostrobothnia,2022,aka,Akan,75
Ostrobothnia,2022,als,Albanian,542
Ostrobothnia,2022,amh,Amharic,68
Ostrobothnia,2022,arb,Arabic,1233
Ostrobothnia,2022,azj,Azerbaijani,51
Ostrobothnia,2022,ben,"Bengali, (Bangla)",251
Ostrobothnia,2022,bos,Bosnian,645
Ostrobothnia,2022,bul,Bulgarian,458
Ostrobothnia,2022,ces,Czech,15
Ostrobothnia,2022,ckb,Kurdish,326
Ostrobothnia,2022,cmn,Chinese,225
Ostrobothnia,2022,deu,German,91
Ostrobothnia,2022,ekk,Estonian,472
Ostrobothnia,2022,ell,Greek (modern),37
Ostrobothnia,2022,eng,English,825
Ostrobothnia,2022,ewe,Ewe,22
Ostrobothnia,2022,fin,Finnish,72548
Ostrobothnia,2022,fra,French,50
Ostrobothnia,2022,hin,Hindi,70
Ostrobothnia,2022,hrv,Croatian,17
Ostrobothnia,2022,hun,Hungarian,151
Ostrobothnia,2022,ibo,Igbo,60
Ostrobothnia,2022,ind,Indonesian,15
Ostrobothnia,2022,ita,Italian,62
Ostrobothnia,2022,kik,Kikuyu,11
Ostrobothnia,2022,kin,Kinyarwanda,62
Ostrobothnia,2022,kir,Kirghiz,17
Ostrobothnia,2022,kng,Kongo,10
Ostrobothnia,2022,kor,Korean,18
Ostrobothnia,2022,lit,Lithuanian,43
Ostrobothnia,2022,lug,Ganda,11
Ostrobothnia,2022,lvs,Latvian,44
Ostrobothnia,2022,mal,Malayalam,40
Ostrobothnia,2022,mar,Marathi,60
Ostrobothnia,2022,mkd,Macedonian,16
Ostrobothnia,2022,mya,Burmese,34
Ostrobothnia,2022,nld,Dutch,16
Ostrobothnia,2022,nor,Norwegian,59
Ostrobothnia,2022,npi,Nepali,226
Ostrobothnia,2022,nya,"Chichewa, Chewa, Nyanja",21
Ostrobothnia,2022,pan,Panjabi,11
Ostrobothnia,2022,pes,"Persian, Farsi",508
Ostrobothnia,2022,pol,Polish,119
Ostrobothnia,2022,por,Portuguese,74
Ostrobothnia,2022,ron,Romanian,160
Ostrobothnia,2022,rus,Russian,1048
Ostrobothnia,2022,sin,Sinhala,40
Ostrobothnia,2022,slk,Slovak,14
Ostrobothnia,2022,som,Somali,542
Ostrobothnia,2022,spa,Spanish,264
Ostrobothnia,2022,srp,Serbian,135
Ostrobothnia,2022,swe,Swedish,88933
Ostrobothnia,2022,swh,Swahili,213
Ostrobothnia,2022,tam,Tamil,33
Ostrobothnia,2022,tel,Telugu,13
Ostrobothnia,2022,tgl,Tagalog,236
Ostrobothnia,2022,tha,Thai,450
Ostrobothnia,2022,tir,Tigrinya,33
Ostrobothnia,2022,tur,Turkish,121
Ostrobothnia,2022,ukr,Ukrainian,747
Ostrobothnia,2022,urd,Urdu,158
Ostrobothnia,2022,uzn,Uzbek,13
Ostrobothnia,2022,vie,Vietnamese,1763
Ostrobothnia,2022,wol,Wolof,10
Ostrobothnia,2022,yor,Yoruba,57
Ostrobothnia,2023,aka,Akan,84
Ostrobothnia,2023,als,Albanian,640
Ostrobothnia,2023,amh,Amharic,74
Ostrobothnia,2023,arb,Arabic,1287
Ostrobothnia,2023,azj,Azerbaijani,52
Ostrobothnia,2023,ben,"Bengali, (Bangla)",420
Ostrobothnia,2023,bos,Bosnian,625
Ostrobothnia,2023,bul,Bulgarian,481
Ostrobothnia,2023,ces,Czech,16
Ostrobothnia,2023,ckb,Kurdish,301
Ostrobothnia,2023,cmn,Chinese,254
Ostrobothnia,2023,deu,German,109
Ostrobothnia,2023,ekk,Estonian,463
Ostrobothnia,2023,ell,Greek (modern),30
Ostrobothnia,2023,eng,English,993
Ostrobothnia,2023,ewe,Ewe,24
Ostrobothnia,2023,fin,Finnish,71759
Ostrobothnia,2023,fra,French,58
Ostrobothnia,2023,heb,Hebrew,10
Ostrobothnia,2023,hin,Hindi,86
Ostrobothnia,2023,hrv,Croatian,14
Ostrobothnia,2023,hun,Hungarian,174
Ostrobothnia,2023,ibo,Igbo,82
Ostrobothnia,2023,ind,Indonesian,17
Ostrobothnia,2023,ita,Italian,62
Ostrobothnia,2023,kik,Kikuyu,11
Ostrobothnia,2023,kin,Kinyarwanda,64
Ostrobothnia,2023,kir,Kirghiz,19
Ostrobothnia,2023,kng,Kongo,10
Ostrobothnia,2023,kor,Korean,13
Ostrobothnia,2023,lit,Lithuanian,48
Ostrobothnia,2023,lug,Ganda,12
Ostrobothnia,2023,lvs,Latvian,46
Ostrobothnia,2023,mal,Malayalam,44
Ostrobothnia,2023,mar,Marathi,58
Ostrobothnia,2023,mkd,Macedonian,15
Ostrobothnia,2023,mya,Burmese,32
Ostrobothnia,2023,nld,Dutch,28
Ostrobothnia,2023,nor,Norwegian,57
Ostrobothnia,2023,npi,Nepali,294
Ostrobothnia,2023,nya,"Chichewa, Chewa, Nyanja",23
Ostrobothnia,2023,pan,Panjabi,20
Ostrobothnia,2023,pes,"Persian, Farsi",633
Ostrobothnia,2023,pol,Polish,149
Ostrobothnia,2023,por,Portuguese,82
Ostrobothnia,2023,ron,Romanian,154
Ostrobothnia,2023,rus,Russian,1152
Ostrobothnia,2023,sin,Sinhala,95
Ostrobothnia,2023,slk,Slovak,10
Ostrobothnia,2023,som,Somali,522
Ostrobothnia,2023,spa,Spanish,269
Ostrobothnia,2023,srp,Serbian,131
Ostrobothnia,2023,swe,Swedish,88629
Ostrobothnia,2023,swh,Swahili,225
Ostrobothnia,2023,tam,Tamil,33
Ostrobothnia,2023,tel,Telugu,14
Ostrobothnia,2023,tgl,Tagalog,320
Ostrobothnia,2023,tha,Thai,493
Ostrobothnia,2023,tir,Tigrinya,33
Ostrobothnia,2023,tur,Turkish,132
Ostrobothnia,2023,ukr,Ukrainian,1683
Ostrobothnia,2023,urd,Urdu,208
Ostrobothnia,2023,uzn,Uzbek,24
Ostrobothnia,2023,vie,Vietnamese,1919
Ostrobothnia,2023,yor,Yoruba,82
Ostrobothnia,2024,aka,Akan,99
Ostrobothnia,2024,als,Albanian,663
Ostrobothnia,2024,amh,Amharic,82
Ostrobothnia,2024,arb,Arabic,1268
Ostrobothnia,2024,azj,Azerbaijani,49
Ostrobothnia,2024,ben,"Bengali, (Bangla)",646
Ostrobothnia,2024,bos,Bosnian,602
Ostrobothnia,2024,bul,Bulgarian,484
Ostrobothnia,2024,ces,Czech,16
Ostrobothnia,2024,ckb,Kurdish,318
Ostrobothnia,2024,cmn,Chinese,285
Ostrobothnia,2024,dan,Danish,10
Ostrobothnia,2024,deu,German,106
Ostrobothnia,2024,ekk,Estonian,454
Ostrobothnia,2024,ell,Greek (modern),44
Ostrobothnia,2024,eng,English,1141
Ostrobothnia,2024,ewe,Ewe,25
Ostrobothnia,2024,fin,Finnish,71269
Ostrobothnia,2024,fra,French,61
Ostrobothnia,2024,guj,Gujarati,16
Ostrobothnia,2024,heb,Hebrew,10
Ostrobothnia,2024,hin,Hindi,111
Ostrobothnia,2024,hrv,Croatian,14
Ostrobothnia,2024,hun,Hungarian,182
Ostrobothnia,2024,ibo,Igbo,111
Ostrobothnia,2024,ind,Indonesian,22
Ostrobothnia,2024,ita,Italian,62
Ostrobothnia,2024,jpn,Japanese,10
Ostrobothnia,2024,kik,Kikuyu,12
Ostrobothnia,2024,kin,Kinyarwanda,71
Ostrobothnia,2024,kir,Kirghiz,32
Ostrobothnia,2024,kor,Korean,13
Ostrobothnia,2024,lit,Lithuanian,47
Ostrobothnia,2024,lug,Ganda,11
Ostrobothnia,2024,lvs,Latvian,50
Ostrobothnia,2024,mal,Malayalam,62
Ostrobothnia,2024,mar,Marathi,67
Ostrobothnia,2024,mkd,Macedonian,17
Ostrobothnia,2024,mya,Burmese,35
Ostrobothnia,2024,nld,Dutch,31
Ostrobothnia,2024,nor,Norwegian,54
Ostrobothnia,2024,npi,Nepali,513
Ostrobothnia,2024,nya,"Chichewa, Chewa, Nyanja",30
Ostrobothnia,2024,pan,Panjabi,27
Ostrobothnia,2024,pes,"Persian, Farsi",649
Ostrobothnia,2024,pol,Polish,139
Ostrobothnia,2024,por,Portuguese,88
Ostrobothnia,2024,ron,Romanian,162
Ostrobothnia,2024,rus,Russian,1179
Ostrobothnia,2024,sin,Sinhala,207
Ostrobothnia,2024,slk,Slovak,11
Ostrobothnia,2024,snd,Sindhi,11
Ostrobothnia,2024,som,Somali,501
Ostrobothnia,2024,spa,Spanish,295
Ostrobothnia,2024,srp,Serbian,124
Ostrobothnia,2024,swe,Swedish,88370
Ostrobothnia,2024,swh,Swahili,227
Ostrobothnia,2024,tam,Tamil,38
Ostrobothnia,2024,tel,Telugu,21
Ostrobothnia,2024,tgl,Tagalog,418
Ostrobothnia,2024,tha,Thai,497
Ostrobothnia,2024,tir,Tigrinya,30
Ostrobothnia,2024,tur,Turkish,133
Ostrobothnia,2024,ukr,Ukrainian,2197
Ostrobothnia,2024,urd,Urdu,271
Ostrobothnia,2024,uzn,Uzbek,12
Ostrobothnia,2024,vie,Vietnamese,2054
Ostrobothnia,2024,yor,Yoruba,96
Ostrobothnia,2025,aka,Akan,112
Ostrobothnia,2025,als,Albanian,686
Ostrobothnia,2025,amh,Amharic,92
Ostrobothnia,2025,arb,Arabic,1264
Ostrobothnia,2025,azj,Azerbaijani,50
Ostrobothnia,2025,ben,"Bengali, (Bangla)",758
Ostrobothnia,2025,bos,Bosnian,593
Ostrobothnia,2025,bul,Bulgarian,483
Ostrobothnia,2025,ces,Czech,25
Ostrobothnia,2025,ckb,Kurdish,302
Ostrobothnia,2025,cmn,Chinese,284
Ostrobothnia,2025,dan,Danish,10
Ostrobothnia,2025,deu,German,105
Ostrobothnia,2025,ekk,Estonian,431
Ostrobothnia,2025,ell,Greek (modern),46
Ostrobothnia,2025,eng,English,1182
Ostrobothnia,2025,ewe,Ewe,27
Ostrobothnia,2025,fin,Finnish,70751
Ostrobothnia,2025,fra,French,62
Ostrobothnia,2025,guj,Gujarati,23
Ostrobothnia,2025,heb,Hebrew,11
Ostrobothnia,2025,hin,Hindi,123
Ostrobothnia,2025,hrv,Croatian,14
Ostrobothnia,2025,hun,Hungarian,172
Ostrobothnia,2025,ibo,Igbo,131
Ostrobothnia,2025,ind,Indonesian,18
Ostrobothnia,2025,ita,Italian,66
Ostrobothnia,2025,jpn,Japanese,24
Ostrobothnia,2025,kan,Kannada,12
Ostrobothnia,2025,kik,Kikuyu,11
Ostrobothnia,2025,kin,Kinyarwanda,69
Ostrobothnia,2025,kir,Kirghiz,42
Ostrobothnia,2025,kor,Korean,10
Ostrobothnia,2025,lit,Lithuanian,48
Ostrobothnia,2025,lug,Ganda,10
Ostrobothnia,2025,lvs,Latvian,61
Ostrobothnia,2025,mal,Malayalam,108
Ostrobothnia,2025,mar,Marathi,69
Ostrobothnia,2025,mkd,Macedonian,18
Ostrobothnia,2025,mya,Burmese,45
Ostrobothnia,2025,nld,Dutch,36
Ostrobothnia,2025,nor,Norwegian,51
Ostrobothnia,2025,npi,Nepali,580
Ostrobothnia,2025,nya,"Chichewa, Chewa, Nyanja",29
Ostrobothnia,2025,pan,Panjabi,33
Ostrobothnia,2025,pes,"Persian, Farsi",657
Ostrobothnia,2025,pol,Polish,136
Ostrobothnia,2025,por,Portuguese,82
Ostrobothnia,2025,pst,Pushto,10
Ostrobothnia,2025,ron,Romanian,149
Ostrobothnia,2025,rus,Russian,1209
Ostrobothnia,2025,sin,Sinhala,359
Ostrobothnia,2025,slk,Slovak,12
Ostrobothnia,2025,snd,Sindhi,21
Ostrobothnia,2025,som,Somali,511
Ostrobothnia,2025,spa,Spanish,318
Ostrobothnia,2025,srp,Serbian,119
Ostrobothnia,2025,swe,Swedish,88238
Ostrobothnia,2025,swh,Swahili,231
Ostrobothnia,2025,tam,Tamil,54
Ostrobothnia,2025,tel,Telugu,40
Ostrobothnia,2025,tgl,Tagalog,429
Ostrobothnia,2025,tha,Thai,550
Ostrobothnia,2025,tir,Tigrinya,52
Ostrobothnia,2025,tur,Turkish,118
Ostrobothnia,2025,ukr,Ukrainian,2710
Ostrobothnia,2025,urd,Urdu,338
Ostrobothnia,2025,uzn,Uzbek,13
Ostrobothnia,2025,vie,Vietnamese,2159
Ostrobothnia,2025,yor,Yoruba,117
Pirkanmaa,1990,arb,Arabic,52
Pirkanmaa,1990,bul,Bulgarian,11
Pirkanmaa,1990,cmn,Chinese,72
Pirkanmaa,1990,dan,Danish,11
Pirkanmaa,1990,deu,German,138
Pirkanmaa,1990,ekk,Estonian,72
Pirkanmaa,1990,ell,Greek (modern),11
Pirkanmaa,1990,eng,English,197
Pirkanmaa,1990,fin,Finnish,427523
Pirkanmaa,1990,fra,French,29
Pirkanmaa,1990,hun,Hungarian,31
Pirkanmaa,1990,ita,Italian,10
Pirkanmaa,1990,nld,Dutch,11
Pirkanmaa,1990,nor,Norwegian,16
Pirkanmaa,1990,pol,Polish,80
Pirkanmaa,1990,rus,Russian,134
Pirkanmaa,1990,spa,Spanish,33
Pirkanmaa,1990,swe,Swedish,1540
Pirkanmaa,1990,tur,Turkish,73
Pirkanmaa,1990,vie,Vietnamese,100
Pirkanmaa,1991,arb,Arabic,90
Pirkanmaa,1991,ces,Czech,15
Pirkanmaa,1991,cmn,Chinese,104
Pirkanmaa,1991,dan,Danish,12
Pirkanmaa,1991,deu,German,125
Pirkanmaa,1991,ekk,Estonian,170
Pirkanmaa,1991,ell,Greek (modern),12
Pirkanmaa,1991,eng,English,210
Pirkanmaa,1991,fin,Finnish,428714
Pirkanmaa,1991,fra,French,29
Pirkanmaa,1991,heb,Hebrew,11
Pirkanmaa,1991,hun,Hungarian,46
Pirkanmaa,1991,ita,Italian,12
Pirkanmaa,1991,nor,Norwegian,12
Pirkanmaa,1991,pes,"Persian, Farsi",22
Pirkanmaa,1991,pol,Polish,81
Pirkanmaa,1991,rus,Russian,273
Pirkanmaa,1991,som,Somali,51
Pirkanmaa,1991,spa,Spanish,32
Pirkanmaa,1991,swe,Swedish,1524
Pirkanmaa,1991,tha,Thai,12
Pirkanmaa,1991,tur,Turkish,80
Pirkanmaa,1991,vie,Vietnamese,117
Pirkanmaa,1992,als,Albanian,12
Pirkanmaa,1992,arb,Arabic,100
Pirkanmaa,1992,ben,"Bengali, (Bangla)",12
Pirkanmaa,1992,bul,Bulgarian,11
Pirkanmaa,1992,ces,Czech,14
Pirkanmaa,1992,ckb,Kurdish,20
Pirkanmaa,1992,cmn,Chinese,113
Pirkanmaa,1992,dan,Danish,14
Pirkanmaa,1992,deu,German,128
Pirkanmaa,1992,ekk,Estonian,273
Pirkanmaa,1992,ell,Greek (modern),14
Pirkanmaa,1992,eng,English,234
Pirkanmaa,1992,fin,Finnish,429995
Pirkanmaa,1992,fra,French,29
Pirkanmaa,1992,heb,Hebrew,12
Pirkanmaa,1992,hun,Hungarian,45
Pirkanmaa,1992,ita,Italian,11
Pirkanmaa,1992,nor,Norwegian,12
Pirkanmaa,1992,pan,Panjabi,26
Pirkanmaa,1992,pes,"Persian, Farsi",24
Pirkanmaa,1992,pol,Polish,59
Pirkanmaa,1992,rus,Russian,366
Pirkanmaa,1992,som,Somali,103
Pirkanmaa,1992,spa,Spanish,34
Pirkanmaa,1992,swe,Swedish,1519
Pirkanmaa,1992,tha,Thai,20
Pirkanmaa,1992,tur,Turkish,89
Pirkanmaa,1992,ukr,Ukrainian,11
Pirkanmaa,1992,vie,Vietnamese,134
Pirkanmaa,1993,als,Albanian,106
Pirkanmaa,1993,arb,Arabic,146
Pirkanmaa,1993,ben,"Bengali, (Bangla)",12
Pirkanmaa,1993,bul,Bulgarian,12
Pirkanmaa,1993,ces,Czech,10
Pirkanmaa,1993,ckb,Kurdish,84
Pirkanmaa,1993,cmn,Chinese,113
Pirkanmaa,1993,dan,Danish,12
Pirkanmaa,1993,deu,German,131
Pirkanmaa,1993,ekk,Estonian,329
Pirkanmaa,1993,ell,Greek (modern),12
Pirkanmaa,1993,eng,English,243
Pirkanmaa,1993,fin,Finnish,431122
Pirkanmaa,1993,fra,French,36
Pirkanmaa,1993,heb,Hebrew,13
Pirkanmaa,1993,hun,Hungarian,34
Pirkanmaa,1993,ita,Italian,12
Pirkanmaa,1993,mkd,Macedonian,14
Pirkanmaa,1993,pan,Panjabi,27
Pirkanmaa,1993,pes,"Persian, Farsi",24
Pirkanmaa,1993,pol,Polish,56
Pirkanmaa,1993,rus,Russian,542
Pirkanmaa,1993,som,Somali,108
Pirkanmaa,1993,spa,Spanish,35
Pirkanmaa,1993,srp,Serbian,28
Pirkanmaa,1993,swe,Swedish,1516
Pirkanmaa,1993,tha,Thai,26
Pirkanmaa,1993,tur,Turkish,110
Pirkanmaa,1993,ukr,Ukrainian,13
Pirkanmaa,1993,vie,Vietnamese,147
Pirkanmaa,1994,als,Albanian,101
Pirkanmaa,1994,arb,Arabic,165
Pirkanmaa,1994,ben,"Bengali, (Bangla)",13
Pirkanmaa,1994,bul,Bulgarian,13
Pirkanmaa,1994,ckb,Kurdish,98
Pirkanmaa,1994,cmn,Chinese,127
Pirkanmaa,1994,deu,German,132
Pirkanmaa,1994,ekk,Estonian,377
Pirkanmaa,1994,ell,Greek (modern),14
Pirkanmaa,1994,eng,English,244
Pirkanmaa,1994,fin,Finnish,433098
Pirkanmaa,1994,fra,French,42
Pirkanmaa,1994,heb,Hebrew,14
Pirkanmaa,1994,hun,Hungarian,34
Pirkanmaa,1994,ita,Italian,14
Pirkanmaa,1994,pan,Panjabi,27
Pirkanmaa,1994,pes,"Persian, Farsi",34
Pirkanmaa,1994,pol,Polish,61
Pirkanmaa,1994,ron,Romanian,14
Pirkanmaa,1994,rus,Russian,660
Pirkanmaa,1994,som,Somali,121
Pirkanmaa,1994,spa,Spanish,34
Pirkanmaa,1994,srp,Serbian,55
Pirkanmaa,1994,swe,Swedish,1507
Pirkanmaa,1994,tha,Thai,36
Pirkanmaa,1994,tur,Turkish,125
Pirkanmaa,1994,ukr,Ukrainian,12
Pirkanmaa,1994,vie,Vietnamese,167
Pirkanmaa,1995,als,Albanian,104
Pirkanmaa,1995,arb,Arabic,277
Pirkanmaa,1995,ben,"Bengali, (Bangla)",17
Pirkanmaa,1995,bul,Bulgarian,18
Pirkanmaa,1995,ckb,Kurdish,115
Pirkanmaa,1995,cmn,Chinese,153
Pirkanmaa,1995,deu,German,149
Pirkanmaa,1995,ekk,Estonian,412
Pirkanmaa,1995,ell,Greek (modern),16
Pirkanmaa,1995,eng,English,313
Pirkanmaa,1995,fin,Finnish,435166
Pirkanmaa,1995,fra,French,46
Pirkanmaa,1995,heb,Hebrew,13
Pirkanmaa,1995,hun,Hungarian,35
Pirkanmaa,1995,hye,Armenian,10
Pirkanmaa,1995,ita,Italian,15
Pirkanmaa,1995,lin,Lingala,15
Pirkanmaa,1995,pan,Panjabi,34
Pirkanmaa,1995,pes,"Persian, Farsi",46
Pirkanmaa,1995,pol,Polish,68
Pirkanmaa,1995,ron,Romanian,25
Pirkanmaa,1995,rus,Russian,803
Pirkanmaa,1995,som,Somali,133
Pirkanmaa,1995,spa,Spanish,36
Pirkanmaa,1995,srp,Serbian,83
Pirkanmaa,1995,swe,Swedish,1501
Pirkanmaa,1995,tha,Thai,49
Pirkanmaa,1995,tur,Turkish,143
Pirkanmaa,1995,ukr,Ukrainian,13
Pirkanmaa,1995,vie,Vietnamese,159
Pirkanmaa,1996,als,Albanian,98
Pirkanmaa,1996,amh,Amharic,11
Pirkanmaa,1996,arb,Arabic,323
Pirkanmaa,1996,ben,"Bengali, (Bangla)",18
Pirkanmaa,1996,bul,Bulgarian,17
Pirkanmaa,1996,ckb,Kurdish,117
Pirkanmaa,1996,cmn,Chinese,159
Pirkanmaa,1996,deu,German,166
Pirkanmaa,1996,ekk,Estonian,411
Pirkanmaa,1996,ell,Greek (modern),17
Pirkanmaa,1996,eng,English,343
Pirkanmaa,1996,fin,Finnish,437087
Pirkanmaa,1996,fra,French,45
Pirkanmaa,1996,heb,Hebrew,14
Pirkanmaa,1996,hun,Hungarian,43
Pirkanmaa,1996,hye,Armenian,11
Pirkanmaa,1996,ita,Italian,20
Pirkanmaa,1996,jpn,Japanese,11
Pirkanmaa,1996,lin,Lingala,12
Pirkanmaa,1996,mkd,Macedonian,12
Pirkanmaa,1996,nld,Dutch,14
Pirkanmaa,1996,pan,Panjabi,30
Pirkanmaa,1996,pes,"Persian, Farsi",57
Pirkanmaa,1996,pol,Polish,69
Pirkanmaa,1996,por,Portuguese,14
Pirkanmaa,1996,ron,Romanian,24
Pirkanmaa,1996,rus,Russian,926
Pirkanmaa,1996,som,Somali,135
Pirkanmaa,1996,spa,Spanish,50
Pirkanmaa,1996,srp,Serbian,133
Pirkanmaa,1996,swe,Swedish,1527
Pirkanmaa,1996,tha,Thai,67
Pirkanmaa,1996,tur,Turkish,150
Pirkanmaa,1996,ukr,Ukrainian,13
Pirkanmaa,1996,urd,Urdu,13
Pirkanmaa,1996,vie,Vietnamese,177
Pirkanmaa,1997,als,Albanian,115
Pirkanmaa,1997,amh,Amharic,11
Pirkanmaa,1997,arb,Arabic,418
Pirkanmaa,1997,azj,Azerbaijani,10
Pirkanmaa,1997,ben,"Bengali, (Bangla)",17
Pirkanmaa,1997,bul,Bulgarian,17
Pirkanmaa,1997,ckb,Kurdish,155
Pirkanmaa,1997,cmn,Chinese,182
Pirkanmaa,1997,dan,Danish,10
Pirkanmaa,1997,deu,German,175
Pirkanmaa,1997,ekk,Estonian,434
Pirkanmaa,1997,ell,Greek (modern),14
Pirkanmaa,1997,eng,English,362
Pirkanmaa,1997,fin,Finnish,438986
Pirkanmaa,1997,fra,French,58
Pirkanmaa,1997,heb,Hebrew,14
Pirkanmaa,1997,hun,Hungarian,47
Pirkanmaa,1997,hye,Armenian,12
Pirkanmaa,1997,ita,Italian,21
Pirkanmaa,1997,jpn,Japanese,17
Pirkanmaa,1997,mkd,Macedonian,12
Pirkanmaa,1997,nld,Dutch,15
Pirkanmaa,1997,pan,Panjabi,35
Pirkanmaa,1997,pes,"Persian, Farsi",68
Pirkanmaa,1997,pol,Polish,76
Pirkanmaa,1997,por,Portuguese,14
Pirkanmaa,1997,ron,Romanian,32
Pirkanmaa,1997,rus,Russian,1090
Pirkanmaa,1997,som,Somali,145
Pirkanmaa,1997,spa,Spanish,56
Pirkanmaa,1997,srp,Serbian,160
Pirkanmaa,1997,swe,Swedish,1508
Pirkanmaa,1997,tgl,Tagalog,10
Pirkanmaa,1997,tha,Thai,68
Pirkanmaa,1997,tur,Turkish,171
Pirkanmaa,1997,ukr,Ukrainian,18
Pirkanmaa,1997,urd,Urdu,13
Pirkanmaa,1997,vie,Vietnamese,199
Pirkanmaa,1998,als,Albanian,129
Pirkanmaa,1998,amh,Amharic,11
Pirkanmaa,1998,arb,Arabic,467
Pirkanmaa,1998,azj,Azerbaijani,10
Pirkanmaa,1998,ben,"Bengali, (Bangla)",16
Pirkanmaa,1998,bul,Bulgarian,18
Pirkanmaa,1998,ckb,Kurdish,191
Pirkanmaa,1998,cmn,Chinese,187
Pirkanmaa,1998,dan,Danish,10
Pirkanmaa,1998,deu,German,202
Pirkanmaa,1998,ekk,Estonian,449
Pirkanmaa,1998,ell,Greek (modern),12
Pirkanmaa,1998,eng,English,418
Pirkanmaa,1998,fin,Finnish,440951
Pirkanmaa,1998,fra,French,67
Pirkanmaa,1998,heb,Hebrew,16
Pirkanmaa,1998,hin,Hindi,10
Pirkanmaa,1998,hun,Hungarian,58
Pirkanmaa,1998,hye,Armenian,14
Pirkanmaa,1998,ita,Italian,27
Pirkanmaa,1998,jpn,Japanese,19
Pirkanmaa,1998,kor,Korean,11
Pirkanmaa,1998,lin,Lingala,14
Pirkanmaa,1998,mkd,Macedonian,13
Pirkanmaa,1998,nld,Dutch,17
Pirkanmaa,1998,pan,Panjabi,33
Pirkanmaa,1998,pes,"Persian, Farsi",77
Pirkanmaa,1998,pol,Polish,73
Pirkanmaa,1998,ron,Romanian,49
Pirkanmaa,1998,rus,Russian,1221
Pirkanmaa,1998,sme,Sami,10
Pirkanmaa,1998,som,Somali,151
Pirkanmaa,1998,spa,Spanish,60
Pirkanmaa,1998,srp,Serbian,182
Pirkanmaa,1998,swe,Swedish,1519
Pirkanmaa,1998,tgl,Tagalog,12
Pirkanmaa,1998,tha,Thai,80
Pirkanmaa,1998,tur,Turkish,187
Pirkanmaa,1998,ukr,Ukrainian,26
Pirkanmaa,1998,urd,Urdu,15
Pirkanmaa,1998,vie,Vietnamese,208
Pirkanmaa,1999,als,Albanian,180
Pirkanmaa,1999,amh,Amharic,11
Pirkanmaa,1999,arb,Arabic,504
Pirkanmaa,1999,ben,"Bengali, (Bangla)",21
Pirkanmaa,1999,bul,Bulgarian,19
Pirkanmaa,1999,ckb,Kurdish,198
Pirkanmaa,1999,cmn,Chinese,211
Pirkanmaa,1999,dan,Danish,11
Pirkanmaa,1999,deu,German,223
Pirkanmaa,1999,ekk,Estonian,470
Pirkanmaa,1999,ell,Greek (modern),17
Pirkanmaa,1999,eng,English,438
Pirkanmaa,1999,fin,Finnish,442898
Pirkanmaa,1999,fra,French,83
Pirkanmaa,1999,heb,Hebrew,16
Pirkanmaa,1999,hin,Hindi,13
Pirkanmaa,1999,hun,Hungarian,92
Pirkanmaa,1999,hye,Armenian,16
Pirkanmaa,1999,ita,Italian,27
Pirkanmaa,1999,jpn,Japanese,24
Pirkanmaa,1999,kor,Korean,12
Pirkanmaa,1999,mkd,Macedonian,15
Pirkanmaa,1999,nld,Dutch,16
Pirkanmaa,1999,pan,Panjabi,33
Pirkanmaa,1999,pes,"Persian, Farsi",102
Pirkanmaa,1999,pol,Polish,71
Pirkanmaa,1999,por,Portuguese,10
Pirkanmaa,1999,pst,Pushto,17
Pirkanmaa,1999,ron,Romanian,54
Pirkanmaa,1999,rus,Russian,1350
Pirkanmaa,1999,som,Somali,138
Pirkanmaa,1999,spa,Spanish,69
Pirkanmaa,1999,srp,Serbian,176
Pirkanmaa,1999,swe,Swedish,1498
Pirkanmaa,1999,swh,Swahili,10
Pirkanmaa,1999,tgl,Tagalog,11
Pirkanmaa,1999,tha,Thai,98
Pirkanmaa,1999,tuk,Turkmen,31
Pirkanmaa,1999,tur,Turkish,172
Pirkanmaa,1999,ukr,Ukrainian,25
Pirkanmaa,1999,urd,Urdu,15
Pirkanmaa,1999,vie,Vietnamese,209
Pirkanmaa,2000,als,Albanian,163
Pirkanmaa,2000,amh,Amharic,11
Pirkanmaa,2000,arb,Arabic,538
Pirkanmaa,2000,ben,"Bengali, (Bangla)",26
Pirkanmaa,2000,bul,Bulgarian,26
Pirkanmaa,2000,ces,Czech,14
Pirkanmaa,2000,ckb,Kurdish,207
Pirkanmaa,2000,cmn,Chinese,222
Pirkanmaa,2000,dan,Danish,10
Pirkanmaa,2000,deu,German,220
Pirkanmaa,2000,ekk,Estonian,520
Pirkanmaa,2000,ell,Greek (modern),16
Pirkanmaa,2000,eng,English,501
Pirkanmaa,2000,fin,Finnish,445138
Pirkanmaa,2000,fra,French,92
Pirkanmaa,2000,heb,Hebrew,16
Pirkanmaa,2000,hin,Hindi,13
Pirkanmaa,2000,hun,Hungarian,99
Pirkanmaa,2000,hye,Armenian,16
Pirkanmaa,2000,ita,Italian,28
Pirkanmaa,2000,jpn,Japanese,23
Pirkanmaa,2000,kor,Korean,12
Pirkanmaa,2000,mkd,Macedonian,19
Pirkanmaa,2000,nld,Dutch,22
Pirkanmaa,2000,nor,Norwegian,10
Pirkanmaa,2000,pan,Panjabi,30
Pirkanmaa,2000,pes,"Persian, Farsi",156
Pirkanmaa,2000,pol,Polish,69
Pirkanmaa,2000,por,Portuguese,12
Pirkanmaa,2000,pst,Pushto,42
Pirkanmaa,2000,ron,Romanian,70
Pirkanmaa,2000,rus,Russian,1507
Pirkanmaa,2000,sme,Sami,10
Pirkanmaa,2000,som,Somali,133
Pirkanmaa,2000,spa,Spanish,80
Pirkanmaa,2000,srp,Serbian,181
Pirkanmaa,2000,swe,Swedish,1523
Pirkanmaa,2000,swh,Swahili,11
Pirkanmaa,2000,tel,Telugu,14
Pirkanmaa,2000,tgl,Tagalog,13
Pirkanmaa,2000,tha,Thai,102
Pirkanmaa,2000,tuk,Turkmen,32
Pirkanmaa,2000,tur,Turkish,178
Pirkanmaa,2000,ukr,Ukrainian,29
Pirkanmaa,2000,urd,Urdu,18
Pirkanmaa,2000,vie,Vietnamese,227
Pirkanmaa,2001,aka,Akan,10
Pirkanmaa,2001,als,Albanian,178
Pirkanmaa,2001,amh,Amharic,11
Pirkanmaa,2001,arb,Arabic,567
Pirkanmaa,2001,ben,"Bengali, (Bangla)",28
Pirkanmaa,2001,bul,Bulgarian,29
Pirkanmaa,2001,ces,Czech,16
Pirkanmaa,2001,ckb,Kurdish,232
Pirkanmaa,2001,cmn,Chinese,234
Pirkanmaa,2001,dan,Danish,10
Pirkanmaa,2001,deu,German,219
Pirkanmaa,2001,ekk,Estonian,594
Pirkanmaa,2001,ell,Greek (modern),16
Pirkanmaa,2001,eng,English,524
Pirkanmaa,2001,fin,Finnish,448031
Pirkanmaa,2001,fra,French,94
Pirkanmaa,2001,heb,Hebrew,16
Pirkanmaa,2001,hin,Hindi,16
Pirkanmaa,2001,hrv,Croatian,12
Pirkanmaa,2001,hun,Hungarian,103
Pirkanmaa,2001,hye,Armenian,16
Pirkanmaa,2001,ita,Italian,35
Pirkanmaa,2001,jpn,Japanese,25
Pirkanmaa,2001,kor,Korean,10
Pirkanmaa,2001,lit,Lithuanian,10
Pirkanmaa,2001,mkd,Macedonian,20
Pirkanmaa,2001,nld,Dutch,21
Pirkanmaa,2001,pan,Panjabi,37
Pirkanmaa,2001,pes,"Persian, Farsi",173
Pirkanmaa,2001,pol,Polish,67
Pirkanmaa,2001,por,Portuguese,16
Pirkanmaa,2001,pst,Pushto,77
Pirkanmaa,2001,ron,Romanian,72
Pirkanmaa,2001,rus,Russian,1725
Pirkanmaa,2001,som,Somali,115
Pirkanmaa,2001,spa,Spanish,106
Pirkanmaa,2001,srp,Serbian,192
Pirkanmaa,2001,swe,Swedish,1540
Pirkanmaa,2001,swh,Swahili,14
Pirkanmaa,2001,tam,Tamil,10
Pirkanmaa,2001,tel,Telugu,15
Pirkanmaa,2001,tgl,Tagalog,12
Pirkanmaa,2001,tha,Thai,116
Pirkanmaa,2001,tuk,Turkmen,36
Pirkanmaa,2001,tur,Turkish,185
Pirkanmaa,2001,ukr,Ukrainian,32
Pirkanmaa,2001,urd,Urdu,21
Pirkanmaa,2001,vie,Vietnamese,241
Pirkanmaa,2002,aka,Akan,10
Pirkanmaa,2002,als,Albanian,167
Pirkanmaa,2002,amh,Amharic,12
Pirkanmaa,2002,arb,Arabic,644
Pirkanmaa,2002,ben,"Bengali, (Bangla)",31
Pirkanmaa,2002,bos,Bosnian,135
Pirkanmaa,2002,bul,Bulgarian,36
Pirkanmaa,2002,ces,Czech,19
Pirkanmaa,2002,ckb,Kurdish,243
Pirkanmaa,2002,cmn,Chinese,271
Pirkanmaa,2002,dan,Danish,14
Pirkanmaa,2002,deu,German,251
Pirkanmaa,2002,ekk,Estonian,645
Pirkanmaa,2002,ell,Greek (modern),18
Pirkanmaa,2002,eng,English,559
Pirkanmaa,2002,fin,Finnish,450549
Pirkanmaa,2002,fra,French,98
Pirkanmaa,2002,hae,Oromo,10
Pirkanmaa,2002,heb,Hebrew,20
Pirkanmaa,2002,hin,Hindi,24
Pirkanmaa,2002,hrv,Croatian,11
Pirkanmaa,2002,hun,Hungarian,89
Pirkanmaa,2002,hye,Armenian,16
Pirkanmaa,2002,ita,Italian,44
Pirkanmaa,2002,jpn,Japanese,31
Pirkanmaa,2002,lit,Lithuanian,13
Pirkanmaa,2002,mkd,Macedonian,20
Pirkanmaa,2002,nld,Dutch,25
Pirkanmaa,2002,nor,Norwegian,13
Pirkanmaa,2002,pan,Panjabi,41
Pirkanmaa,2002,pes,"Persian, Farsi",200
Pirkanmaa,2002,pol,Polish,68
Pirkanmaa,2002,por,Portuguese,17
Pirkanmaa,2002,pst,Pushto,97
Pirkanmaa,2002,ron,Romanian,74
Pirkanmaa,2002,rus,Russian,1863
Pirkanmaa,2002,som,Somali,117
Pirkanmaa,2002,spa,Spanish,127
Pirkanmaa,2002,srp,Serbian,81
Pirkanmaa,2002,swe,Swedish,1533
Pirkanmaa,2002,swh,Swahili,15
Pirkanmaa,2002,tam,Tamil,16
Pirkanmaa,2002,tel,Telugu,14
Pirkanmaa,2002,tgl,Tagalog,12
Pirkanmaa,2002,tha,Thai,132
Pirkanmaa,2002,tuk,Turkmen,41
Pirkanmaa,2002,tur,Turkish,225
Pirkanmaa,2002,ukr,Ukrainian,41
Pirkanmaa,2002,urd,Urdu,26
Pirkanmaa,2002,vie,Vietnamese,246
Pirkanmaa,2003,aka,Akan,11
Pirkanmaa,2003,als,Albanian,182
Pirkanmaa,2003,amh,Amharic,14
Pirkanmaa,2003,arb,Arabic,674
Pirkanmaa,2003,ben,"Bengali, (Bangla)",37
Pirkanmaa,2003,bos,Bosnian,142
Pirkanmaa,2003,bul,Bulgarian,36
Pirkanmaa,2003,ces,Czech,16
Pirkanmaa,2003,ckb,Kurdish,276
Pirkanmaa,2003,cmn,Chinese,298
Pirkanmaa,2003,dan,Danish,14
Pirkanmaa,2003,deu,German,252
Pirkanmaa,2003,ekk,Estonian,715
Pirkanmaa,2003,ell,Greek (modern),19
Pirkanmaa,2003,eng,English,609
Pirkanmaa,2003,fin,Finnish,453145
Pirkanmaa,2003,fra,French,118
Pirkanmaa,2003,hae,Oromo,10
Pirkanmaa,2003,heb,Hebrew,23
Pirkanmaa,2003,hin,Hindi,37
Pirkanmaa,2003,hrv,Croatian,11
Pirkanmaa,2003,hun,Hungarian,92
Pirkanmaa,2003,hye,Armenian,18
Pirkanmaa,2003,ita,Italian,53
Pirkanmaa,2003,jpn,Japanese,38
Pirkanmaa,2003,kor,Korean,11
Pirkanmaa,2003,lin,Lingala,10
Pirkanmaa,2003,lit,Lithuanian,15
Pirkanmaa,2003,lvs,Latvian,11
Pirkanmaa,2003,mkd,Macedonian,22
Pirkanmaa,2003,nld,Dutch,25
Pirkanmaa,2003,nor,Norwegian,13
Pirkanmaa,2003,pan,Panjabi,42
Pirkanmaa,2003,pes,"Persian, Farsi",224
Pirkanmaa,2003,pol,Polish,77
Pirkanmaa,2003,por,Portuguese,31
Pirkanmaa,2003,pst,Pushto,101
Pirkanmaa,2003,ron,Romanian,83
Pirkanmaa,2003,rus,Russian,1994
Pirkanmaa,2003,sme,Sami,12
Pirkanmaa,2003,som,Somali,108
Pirkanmaa,2003,spa,Spanish,137
Pirkanmaa,2003,srp,Serbian,91
Pirkanmaa,2003,swe,Swedish,1556
Pirkanmaa,2003,swh,Swahili,24
Pirkanmaa,2003,tam,Tamil,16
Pirkanmaa,2003,tel,Telugu,32
Pirkanmaa,2003,tgl,Tagalog,17
Pirkanmaa,2003,tha,Thai,143
Pirkanmaa,2003,tuk,Turkmen,42
Pirkanmaa,2003,tur,Turkish,228
Pirkanmaa,2003,ukr,Ukrainian,41
Pirkanmaa,2003,urd,Urdu,29
Pirkanmaa,2003,vie,Vietnamese,246
Pirkanmaa,2004,aka,Akan,10
Pirkanmaa,2004,als,Albanian,195
Pirkanmaa,2004,amh,Amharic,15
Pirkanmaa,2004,arb,Arabic,744
Pirkanmaa,2004,ben,"Bengali, (Bangla)",49
Pirkanmaa,2004,bos,Bosnian,147
Pirkanmaa,2004,bul,Bulgarian,40
Pirkanmaa,2004,ces,Czech,21
Pirkanmaa,2004,che,Chechen,14
Pirkanmaa,2004,ckb,Kurdish,296
Pirkanmaa,2004,cmn,Chinese,350
Pirkanmaa,2004,dan,Danish,11
Pirkanmaa,2004,deu,German,264
Pirkanmaa,2004,ekk,Estonian,781
Pirkanmaa,2004,ell,Greek (modern),32
Pirkanmaa,2004,eng,English,643
Pirkanmaa,2004,fin,Finnish,456382
Pirkanmaa,2004,fra,French,121
Pirkanmaa,2004,hae,Oromo,10
Pirkanmaa,2004,heb,Hebrew,25
Pirkanmaa,2004,hin,Hindi,47
Pirkanmaa,2004,hrv,Croatian,11
Pirkanmaa,2004,hun,Hungarian,104
Pirkanmaa,2004,hye,Armenian,19
Pirkanmaa,2004,ind,Indonesian,10
Pirkanmaa,2004,ita,Italian,66
Pirkanmaa,2004,jpn,Japanese,36
Pirkanmaa,2004,kan,Kannada,10
Pirkanmaa,2004,kor,Korean,11
Pirkanmaa,2004,lin,Lingala,10
Pirkanmaa,2004,lit,Lithuanian,13
Pirkanmaa,2004,lvs,Latvian,10
Pirkanmaa,2004,mal,Malayalam,13
Pirkanmaa,2004,mar,Marathi,10
Pirkanmaa,2004,mkd,Macedonian,22
Pirkanmaa,2004,nld,Dutch,29
Pirkanmaa,2004,nor,Norwegian,18
Pirkanmaa,2004,pan,Panjabi,49
Pirkanmaa,2004,pes,"Persian, Farsi",441
Pirkanmaa,2004,pol,Polish,83
Pirkanmaa,2004,por,Portuguese,44
Pirkanmaa,2004,pst,Pushto,111
Pirkanmaa,2004,ron,Romanian,95
Pirkanmaa,2004,rus,Russian,2125
Pirkanmaa,2004,sme,Sami,16
Pirkanmaa,2004,som,Somali,137
Pirkanmaa,2004,spa,Spanish,155
Pirkanmaa,2004,srp,Serbian,94
Pirkanmaa,2004,swe,Swedish,1597
Pirkanmaa,2004,swh,Swahili,30
Pirkanmaa,2004,tam,Tamil,14
Pirkanmaa,2004,tel,Telugu,62
Pirkanmaa,2004,tgl,Tagalog,21
Pirkanmaa,2004,tha,Thai,183
Pirkanmaa,2004,tuk,Turkmen,51
Pirkanmaa,2004,tur,Turkish,226
Pirkanmaa,2004,ukr,Ukrainian,47
Pirkanmaa,2004,urd,Urdu,41
Pirkanmaa,2004,vie,Vietnamese,257
Pirkanmaa,2005,aka,Akan,13
Pirkanmaa,2005,als,Albanian,202
Pirkanmaa,2005,amh,Amharic,14
Pirkanmaa,2005,arb,Arabic,795
Pirkanmaa,2005,azj,Azerbaijani,15
Pirkanmaa,2005,ben,"Bengali, (Bangla)",46
Pirkanmaa,2005,bos,Bosnian,159
Pirkanmaa,2005,bul,Bulgarian,45
Pirkanmaa,2005,ces,Czech,24
Pirkanmaa,2005,che,Chechen,19
Pirkanmaa,2005,ckb,Kurdish,315
Pirkanmaa,2005,cmn,Chinese,398
Pirkanmaa,2005,dan,Danish,14
Pirkanmaa,2005,deu,German,289
Pirkanmaa,2005,ekk,Estonian,886
Pirkanmaa,2005,ell,Greek (modern),34
Pirkanmaa,2005,eng,English,689
Pirkanmaa,2005,fin,Finnish,459511
Pirkanmaa,2005,fra,French,135
Pirkanmaa,2005,hae,Oromo,11
Pirkanmaa,2005,heb,Hebrew,24
Pirkanmaa,2005,hin,Hindi,60
Pirkanmaa,2005,hrv,Croatian,11
Pirkanmaa,2005,hun,Hungarian,104
Pirkanmaa,2005,hye,Armenian,22
Pirkanmaa,2005,ind,Indonesian,13
Pirkanmaa,2005,ita,Italian,64
Pirkanmaa,2005,jpn,Japanese,45
Pirkanmaa,2005,kan,Kannada,14
Pirkanmaa,2005,kor,Korean,12
Pirkanmaa,2005,lin,Lingala,13
Pirkanmaa,2005,lit,Lithuanian,14
Pirkanmaa,2005,lvs,Latvian,10
Pirkanmaa,2005,mal,Malayalam,14
Pirkanmaa,2005,mar,Marathi,11
Pirkanmaa,2005,mkd,Macedonian,21
Pirkanmaa,2005,nld,Dutch,37
Pirkanmaa,2005,nor,Norwegian,14
Pirkanmaa,2005,pan,Panjabi,51
Pirkanmaa,2005,pes,"Persian, Farsi",476
Pirkanmaa,2005,pol,Polish,93
Pirkanmaa,2005,por,Portuguese,51
Pirkanmaa,2005,pst,Pushto,118
Pirkanmaa,2005,ron,Romanian,94
Pirkanmaa,2005,rus,Russian,2242
Pirkanmaa,2005,sme,Sami,15
Pirkanmaa,2005,som,Somali,166
Pirkanmaa,2005,spa,Spanish,176
Pirkanmaa,2005,srp,Serbian,93
Pirkanmaa,2005,swe,Swedish,1629
Pirkanmaa,2005,swh,Swahili,33
Pirkanmaa,2005,tam,Tamil,13
Pirkanmaa,2005,tel,Telugu,85
Pirkanmaa,2005,tgl,Tagalog,26
Pirkanmaa,2005,tha,Thai,195
Pirkanmaa,2005,tuk,Turkmen,51
Pirkanmaa,2005,tur,Turkish,251
Pirkanmaa,2005,ukr,Ukrainian,50
Pirkanmaa,2005,urd,Urdu,56
Pirkanmaa,2005,vie,Vietnamese,257
Pirkanmaa,2006,aka,Akan,13
Pirkanmaa,2006,als,Albanian,206
Pirkanmaa,2006,amh,Amharic,17
Pirkanmaa,2006,arb,Arabic,822
Pirkanmaa,2006,azj,Azerbaijani,13
Pirkanmaa,2006,ben,"Bengali, (Bangla)",51
Pirkanmaa,2006,bos,Bosnian,160
Pirkanmaa,2006,bul,Bulgarian,48
Pirkanmaa,2006,ces,Czech,25
Pirkanmaa,2006,che,Chechen,21
Pirkanmaa,2006,ckb,Kurdish,344
Pirkanmaa,2006,cmn,Chinese,449
Pirkanmaa,2006,dan,Danish,15
Pirkanmaa,2006,deu,German,319
Pirkanmaa,2006,ekk,Estonian,1024
Pirkanmaa,2006,ell,Greek (modern),34
Pirkanmaa,2006,eng,English,709
Pirkanmaa,2006,fin,Finnish,463440
Pirkanmaa,2006,fra,French,139
Pirkanmaa,2006,hae,Oromo,11
Pirkanmaa,2006,heb,Hebrew,28
Pirkanmaa,2006,hin,Hindi,60
Pirkanmaa,2006,hrv,Croatian,11
Pirkanmaa,2006,hun,Hungarian,104
Pirkanmaa,2006,hye,Armenian,24
Pirkanmaa,2006,ibo,Igbo,11
Pirkanmaa,2006,ind,Indonesian,13
Pirkanmaa,2006,ita,Italian,67
Pirkanmaa,2006,jpn,Japanese,48
Pirkanmaa,2006,kan,Kannada,18
Pirkanmaa,2006,kor,Korean,11
Pirkanmaa,2006,lin,Lingala,13
Pirkanmaa,2006,lit,Lithuanian,25
Pirkanmaa,2006,mal,Malayalam,21
Pirkanmaa,2006,mar,Marathi,17
Pirkanmaa,2006,mkd,Macedonian,20
Pirkanmaa,2006,nld,Dutch,38
Pirkanmaa,2006,nor,Norwegian,16
Pirkanmaa,2006,npi,Nepali,13
Pirkanmaa,2006,pan,Panjabi,55
Pirkanmaa,2006,pes,"Persian, Farsi",529
Pirkanmaa,2006,pol,Polish,112
Pirkanmaa,2006,por,Portuguese,64
Pirkanmaa,2006,pst,Pushto,110
Pirkanmaa,2006,ron,Romanian,104
Pirkanmaa,2006,rus,Russian,2410
Pirkanmaa,2006,sme,Sami,16
Pirkanmaa,2006,som,Somali,187
Pirkanmaa,2006,spa,Spanish,198
Pirkanmaa,2006,srp,Serbian,104
Pirkanmaa,2006,swe,Swedish,1677
Pirkanmaa,2006,swh,Swahili,38
Pirkanmaa,2006,tam,Tamil,16
Pirkanmaa,2006,tel,Telugu,122
Pirkanmaa,2006,tgl,Tagalog,28
Pirkanmaa,2006,tha,Thai,223
Pirkanmaa,2006,tuk,Turkmen,50
Pirkanmaa,2006,tur,Turkish,292
Pirkanmaa,2006,ukr,Ukrainian,52
Pirkanmaa,2006,urd,Urdu,60
Pirkanmaa,2006,vie,Vietnamese,276
Pirkanmaa,2007,aka,Akan,13
Pirkanmaa,2007,als,Albanian,220
Pirkanmaa,2007,amh,Amharic,21
Pirkanmaa,2007,arb,Arabic,863
Pirkanmaa,2007,azj,Azerbaijani,17
Pirkanmaa,2007,ben,"Bengali, (Bangla)",60
Pirkanmaa,2007,bos,Bosnian,175
Pirkanmaa,2007,bul,Bulgarian,53
Pirkanmaa,2007,ces,Czech,31
Pirkanmaa,2007,che,Chechen,22
Pirkanmaa,2007,ckb,Kurdish,375
Pirkanmaa,2007,cmn,Chinese,501
Pirkanmaa,2007,dan,Danish,18
Pirkanmaa,2007,deu,German,391
Pirkanmaa,2007,ekk,Estonian,1148
Pirkanmaa,2007,ell,Greek (modern),38
Pirkanmaa,2007,eng,English,803
Pirkanmaa,2007,fin,Finnish,466666
Pirkanmaa,2007,fra,French,185
Pirkanmaa,2007,heb,Hebrew,29
Pirkanmaa,2007,hin,Hindi,69
Pirkanmaa,2007,hrv,Croatian,13
Pirkanmaa,2007,hun,Hungarian,105
Pirkanmaa,2007,hye,Armenian,23
Pirkanmaa,2007,ibo,Igbo,19
Pirkanmaa,2007,ind,Indonesian,15
Pirkanmaa,2007,ita,Italian,67
Pirkanmaa,2007,jpn,Japanese,48
Pirkanmaa,2007,kan,Kannada,19
Pirkanmaa,2007,lin,Lingala,15
Pirkanmaa,2007,lit,Lithuanian,24
Pirkanmaa,2007,mal,Malayalam,25
Pirkanmaa,2007,mar,Marathi,19
Pirkanmaa,2007,mkd,Macedonian,23
Pirkanmaa,2007,nld,Dutch,39
Pirkanmaa,2007,nor,Norwegian,15
Pirkanmaa,2007,npi,Nepali,18
Pirkanmaa,2007,pan,Panjabi,56
Pirkanmaa,2007,pes,"Persian, Farsi",595
Pirkanmaa,2007,pol,Polish,131
Pirkanmaa,2007,por,Portuguese,73
Pirkanmaa,2007,pst,Pushto,128
Pirkanmaa,2007,ron,Romanian,109
Pirkanmaa,2007,rus,Russian,2585
Pirkanmaa,2007,slk,Slovak,10
Pirkanmaa,2007,sme,Sami,17
Pirkanmaa,2007,som,Somali,225
Pirkanmaa,2007,spa,Spanish,233
Pirkanmaa,2007,srp,Serbian,105
Pirkanmaa,2007,swe,Swedish,1714
Pirkanmaa,2007,swh,Swahili,48
Pirkanmaa,2007,tam,Tamil,33
Pirkanmaa,2007,tel,Telugu,130
Pirkanmaa,2007,tgl,Tagalog,25
Pirkanmaa,2007,tha,Thai,289
Pirkanmaa,2007,tuk,Turkmen,44
Pirkanmaa,2007,tur,Turkish,329
Pirkanmaa,2007,ukr,Ukrainian,58
Pirkanmaa,2007,urd,Urdu,78
Pirkanmaa,2007,vie,Vietnamese,281
Pirkanmaa,2008,aka,Akan,12
Pirkanmaa,2008,als,Albanian,232
Pirkanmaa,2008,amh,Amharic,32
Pirkanmaa,2008,arb,Arabic,918
Pirkanmaa,2008,azj,Azerbaijani,16
Pirkanmaa,2008,ben,"Bengali, (Bangla)",71
Pirkanmaa,2008,bos,Bosnian,176
Pirkanmaa,2008,bul,Bulgarian,57
Pirkanmaa,2008,ces,Czech,28
Pirkanmaa,2008,che,Chechen,24
Pirkanmaa,2008,ckb,Kurdish,405
Pirkanmaa,2008,cmn,Chinese,544
Pirkanmaa,2008,dan,Danish,13
Pirkanmaa,2008,deu,German,398
Pirkanmaa,2008,ekk,Estonian,1267
Pirkanmaa,2008,ell,Greek (modern),40
Pirkanmaa,2008,eng,English,859
Pirkanmaa,2008,fin,Finnish,469483
Pirkanmaa,2008,fra,French,180
Pirkanmaa,2008,heb,Hebrew,35
Pirkanmaa,2008,hin,Hindi,68
Pirkanmaa,2008,hrv,Croatian,13
Pirkanmaa,2008,hun,Hungarian,116
Pirkanmaa,2008,hye,Armenian,26
Pirkanmaa,2008,ibo,Igbo,22
Pirkanmaa,2008,ind,Indonesian,17
Pirkanmaa,2008,ita,Italian,75
Pirkanmaa,2008,jpn,Japanese,50
Pirkanmaa,2008,kan,Kannada,22
Pirkanmaa,2008,kor,Korean,13
Pirkanmaa,2008,lin,Lingala,17
Pirkanmaa,2008,lit,Lithuanian,33
Pirkanmaa,2008,lug,Ganda,10
Pirkanmaa,2008,lvs,Latvian,14
Pirkanmaa,2008,mal,Malayalam,23
Pirkanmaa,2008,mar,Marathi,23
Pirkanmaa,2008,mkd,Macedonian,22
Pirkanmaa,2008,nld,Dutch,38
Pirkanmaa,2008,nor,Norwegian,17
Pirkanmaa,2008,npi,Nepali,25
Pirkanmaa,2008,pan,Panjabi,63
Pirkanmaa,2008,pes,"Persian, Farsi",656
Pirkanmaa,2008,pol,Polish,163
Pirkanmaa,2008,por,Portuguese,75
Pirkanmaa,2008,pst,Pushto,139
Pirkanmaa,2008,ron,Romanian,108
Pirkanmaa,2008,rus,Russian,2849
Pirkanmaa,2008,slk,Slovak,10
Pirkanmaa,2008,sme,Sami,18
Pirkanmaa,2008,som,Somali,280
Pirkanmaa,2008,spa,Spanish,271
Pirkanmaa,2008,srp,Serbian,104
Pirkanmaa,2008,swe,Swedish,1720
Pirkanmaa,2008,swh,Swahili,58
Pirkanmaa,2008,tam,Tamil,41
Pirkanmaa,2008,tel,Telugu,128
Pirkanmaa,2008,tgl,Tagalog,27
Pirkanmaa,2008,tha,Thai,327
Pirkanmaa,2008,tuk,Turkmen,48
Pirkanmaa,2008,tur,Turkish,337
Pirkanmaa,2008,ukr,Ukrainian,63
Pirkanmaa,2008,urd,Urdu,93
Pirkanmaa,2008,vie,Vietnamese,296
Pirkanmaa,2008,yor,Yoruba,14
Pirkanmaa,2009,aka,Akan,10
Pirkanmaa,2009,als,Albanian,241
Pirkanmaa,2009,amh,Amharic,39
Pirkanmaa,2009,arb,Arabic,1050
Pirkanmaa,2009,azj,Azerbaijani,20
Pirkanmaa,2009,ben,"Bengali, (Bangla)",80
Pirkanmaa,2009,bos,Bosnian,186
Pirkanmaa,2009,bul,Bulgarian,68
Pirkanmaa,2009,ces,Czech,27
Pirkanmaa,2009,che,Chechen,21
Pirkanmaa,2009,ckb,Kurdish,435
Pirkanmaa,2009,cmn,Chinese,560
Pirkanmaa,2009,dan,Danish,11
Pirkanmaa,2009,deu,German,396
Pirkanmaa,2009,ekk,Estonian,1398
Pirkanmaa,2009,ell,Greek (modern),41
Pirkanmaa,2009,eng,English,885
Pirkanmaa,2009,fin,Finnish,472137
Pirkanmaa,2009,fra,French,181
Pirkanmaa,2009,heb,Hebrew,35
Pirkanmaa,2009,hin,Hindi,76
Pirkanmaa,2009,hrv,Croatian,13
Pirkanmaa,2009,hun,Hungarian,140
Pirkanmaa,2009,hye,Armenian,25
Pirkanmaa,2009,ibo,Igbo,25
Pirkanmaa,2009,ind,Indonesian,19
Pirkanmaa,2009,ita,Italian,78
Pirkanmaa,2009,jpn,Japanese,49
Pirkanmaa,2009,kan,Kannada,19
Pirkanmaa,2009,kor,Korean,16
Pirkanmaa,2009,lin,Lingala,18
Pirkanmaa,2009,lit,Lithuanian,34
Pirkanmaa,2009,lug,Ganda,11
Pirkanmaa,2009,lvs,Latvian,20
Pirkanmaa,2009,mal,Malayalam,28
Pirkanmaa,2009,mar,Marathi,26
Pirkanmaa,2009,mkd,Macedonian,23
Pirkanmaa,2009,nld,Dutch,44
Pirkanmaa,2009,nor,Norwegian,15
Pirkanmaa,2009,npi,Nepali,50
Pirkanmaa,2009,pan,Panjabi,62
Pirkanmaa,2009,pes,"Persian, Farsi",700
Pirkanmaa,2009,pol,Polish,156
Pirkanmaa,2009,por,Portuguese,84
Pirkanmaa,2009,pst,Pushto,153
Pirkanmaa,2009,ron,Romanian,104
Pirkanmaa,2009,rus,Russian,3033
Pirkanmaa,2009,slk,Slovak,10
Pirkanmaa,2009,sme,Sami,17
Pirkanmaa,2009,som,Somali,319
Pirkanmaa,2009,spa,Spanish,296
Pirkanmaa,2009,srp,Serbian,101
Pirkanmaa,2009,swe,Swedish,1728
Pirkanmaa,2009,swh,Swahili,69
Pirkanmaa,2009,tam,Tamil,48
Pirkanmaa,2009,tel,Telugu,126
Pirkanmaa,2009,tgl,Tagalog,28
Pirkanmaa,2009,tha,Thai,381
Pirkanmaa,2009,tuk,Turkmen,50
Pirkanmaa,2009,tur,Turkish,355
Pirkanmaa,2009,ukr,Ukrainian,63
Pirkanmaa,2009,urd,Urdu,117
Pirkanmaa,2009,vie,Vietnamese,316
Pirkanmaa,2009,yor,Yoruba,19
Pirkanmaa,2010,aka,Akan,10
Pirkanmaa,2010,als,Albanian,254
Pirkanmaa,2010,amh,Amharic,40
Pirkanmaa,2010,arb,Arabic,1139
Pirkanmaa,2010,azj,Azerbaijani,22
Pirkanmaa,2010,ben,"Bengali, (Bangla)",100
Pirkanmaa,2010,bos,Bosnian,187
Pirkanmaa,2010,bul,Bulgarian,73
Pirkanmaa,2010,ces,Czech,31
Pirkanmaa,2010,che,Chechen,21
Pirkanmaa,2010,ckb,Kurdish,497
Pirkanmaa,2010,cmn,Chinese,612
Pirkanmaa,2010,dan,Danish,11
Pirkanmaa,2010,deu,German,405
Pirkanmaa,2010,ekk,Estonian,1533
Pirkanmaa,2010,ell,Greek (modern),37
Pirkanmaa,2010,eng,English,921
Pirkanmaa,2010,fin,Finnish,474313
Pirkanmaa,2010,fra,French,187
Pirkanmaa,2010,heb,Hebrew,41
Pirkanmaa,2010,hin,Hindi,87
Pirkanmaa,2010,hrv,Croatian,14
Pirkanmaa,2010,hun,Hungarian,144
Pirkanmaa,2010,hye,Armenian,24
Pirkanmaa,2010,ibo,Igbo,25
Pirkanmaa,2010,ind,Indonesian,21
Pirkanmaa,2010,ita,Italian,80
Pirkanmaa,2010,jpn,Japanese,59
Pirkanmaa,2010,kan,Kannada,21
Pirkanmaa,2010,kor,Korean,26
Pirkanmaa,2010,lin,Lingala,19
Pirkanmaa,2010,lit,Lithuanian,43
Pirkanmaa,2010,lug,Ganda,12
Pirkanmaa,2010,lvs,Latvian,32
Pirkanmaa,2010,mal,Malayalam,32
Pirkanmaa,2010,mar,Marathi,25
Pirkanmaa,2010,mkd,Macedonian,24
Pirkanmaa,2010,nld,Dutch,38
Pirkanmaa,2010,nor,Norwegian,15
Pirkanmaa,2010,npi,Nepali,77
Pirkanmaa,2010,oss,"Ossetian, Ossetic",11
Pirkanmaa,2010,pan,Panjabi,69
Pirkanmaa,2010,pes,"Persian, Farsi",790
Pirkanmaa,2010,pol,Polish,161
Pirkanmaa,2010,por,Portuguese,103
Pirkanmaa,2010,pst,Pushto,165
Pirkanmaa,2010,ron,Romanian,115
Pirkanmaa,2010,rus,Russian,3202
Pirkanmaa,2010,slk,Slovak,22
Pirkanmaa,2010,sme,Sami,19
Pirkanmaa,2010,som,Somali,361
Pirkanmaa,2010,spa,Spanish,329
Pirkanmaa,2010,srp,Serbian,104
Pirkanmaa,2010,swe,Swedish,1785
Pirkanmaa,2010,swh,Swahili,87
Pirkanmaa,2010,tam,Tamil,66
Pirkanmaa,2010,tel,Telugu,137
Pirkanmaa,2010,tgl,Tagalog,34
Pirkanmaa,2010,tha,Thai,405
Pirkanmaa,2010,tuk,Turkmen,49
Pirkanmaa,2010,tur,Turkish,393
Pirkanmaa,2010,ukr,Ukrainian,76
Pirkanmaa,2010,urd,Urdu,132
Pirkanmaa,2010,vie,Vietnamese,341
Pirkanmaa,2010,wol,Wolof,12
Pirkanmaa,2010,yor,Yoruba,42
Pirkanmaa,2011,aka,Akan,11
Pirkanmaa,2011,als,Albanian,285
Pirkanmaa,2011,amh,Amharic,48
Pirkanmaa,2011,arb,Arabic,1249
Pirkanmaa,2011,azj,Azerbaijani,19
Pirkanmaa,2011,ben,"Bengali, (Bangla)",95
Pirkanmaa,2011,bos,Bosnian,192
Pirkanmaa,2011,bul,Bulgarian,79
Pirkanmaa,2011,ces,Czech,31
Pirkanmaa,2011,che,Chechen,22
Pirkanmaa,2011,ckb,Kurdish,547
Pirkanmaa,2011,cmn,Chinese,662
Pirkanmaa,2011,dan,Danish,14
Pirkanmaa,2011,deu,German,434
Pirkanmaa,2011,ekk,Estonian,1751
Pirkanmaa,2011,ell,Greek (modern),42
Pirkanmaa,2011,eng,English,1032
Pirkanmaa,2011,fin,Finnish,476525
Pirkanmaa,2011,fra,French,196
Pirkanmaa,2011,heb,Hebrew,34
Pirkanmaa,2011,hin,Hindi,80
Pirkanmaa,2011,hrv,Croatian,13
Pirkanmaa,2011,hun,Hungarian,140
Pirkanmaa,2011,hye,Armenian,25
Pirkanmaa,2011,ibo,Igbo,38
Pirkanmaa,2011,ind,Indonesian,19
Pirkanmaa,2011,ita,Italian,87
Pirkanmaa,2011,jpn,Japanese,57
Pirkanmaa,2011,kan,Kannada,26
Pirkanmaa,2011,kor,Korean,31
Pirkanmaa,2011,lin,Lingala,22
Pirkanmaa,2011,lit,Lithuanian,52
Pirkanmaa,2011,lug,Ganda,14
Pirkanmaa,2011,lvs,Latvian,37
Pirkanmaa,2011,mal,Malayalam,37
Pirkanmaa,2011,mar,Marathi,28
Pirkanmaa,2011,mkd,Macedonian,27
Pirkanmaa,2011,nld,Dutch,39
Pirkanmaa,2011,nor,Norwegian,13
Pirkanmaa,2011,npi,Nepali,85
Pirkanmaa,2011,oss,"Ossetian, Ossetic",11
Pirkanmaa,2011,pan,Panjabi,61
Pirkanmaa,2011,pes,"Persian, Farsi",924
Pirkanmaa,2011,pol,Polish,204
Pirkanmaa,2011,por,Portuguese,98
Pirkanmaa,2011,pst,Pushto,175
Pirkanmaa,2011,ron,Romanian,116
Pirkanmaa,2011,rus,Russian,3343
Pirkanmaa,2011,slk,Slovak,21
Pirkanmaa,2011,sme,Sami,20
Pirkanmaa,2011,som,Somali,409
Pirkanmaa,2011,spa,Spanish,366
Pirkanmaa,2011,srp,Serbian,103
Pirkanmaa,2011,swe,Swedish,1798
Pirkanmaa,2011,swh,Swahili,93
Pirkanmaa,2011,tam,Tamil,68
Pirkanmaa,2011,tel,Telugu,139
Pirkanmaa,2011,tgl,Tagalog,38
Pirkanmaa,2011,tha,Thai,450
Pirkanmaa,2011,tuk,Turkmen,53
Pirkanmaa,2011,tur,Turkish,407
Pirkanmaa,2011,ukr,Ukrainian,67
Pirkanmaa,2011,urd,Urdu,150
Pirkanmaa,2011,vie,Vietnamese,382
Pirkanmaa,2011,wol,Wolof,11
Pirkanmaa,2011,yor,Yoruba,43
Pirkanmaa,2012,aka,Akan,14
Pirkanmaa,2012,als,Albanian,310
Pirkanmaa,2012,amh,Amharic,53
Pirkanmaa,2012,arb,Arabic,1308
Pirkanmaa,2012,azj,Azerbaijani,21
Pirkanmaa,2012,ben,"Bengali, (Bangla)",106
Pirkanmaa,2012,bos,Bosnian,196
Pirkanmaa,2012,bul,Bulgarian,85
Pirkanmaa,2012,ces,Czech,33
Pirkanmaa,2012,che,Chechen,32
Pirkanmaa,2012,ckb,Kurdish,571
Pirkanmaa,2012,cmn,Chinese,695
Pirkanmaa,2012,dan,Danish,13
Pirkanmaa,2012,deu,German,444
Pirkanmaa,2012,ekk,Estonian,1909
Pirkanmaa,2012,ell,Greek (modern),49
Pirkanmaa,2012,eng,English,1102
Pirkanmaa,2012,fin,Finnish,479116
Pirkanmaa,2012,fra,French,201
Pirkanmaa,2012,heb,Hebrew,38
Pirkanmaa,2012,hin,Hindi,81
Pirkanmaa,2012,hrv,Croatian,15
Pirkanmaa,2012,hun,Hungarian,150
Pirkanmaa,2012,hye,Armenian,32
Pirkanmaa,2012,ibo,Igbo,35
Pirkanmaa,2012,ind,Indonesian,21
Pirkanmaa,2012,ita,Italian,105
Pirkanmaa,2012,jpn,Japanese,49
Pirkanmaa,2012,kan,Kannada,28
Pirkanmaa,2012,khm,Central Khmer,11
Pirkanmaa,2012,kor,Korean,32
Pirkanmaa,2012,lin,Lingala,28
Pirkanmaa,2012,lit,Lithuanian,67
Pirkanmaa,2012,lug,Ganda,13
Pirkanmaa,2012,lvs,Latvian,52
Pirkanmaa,2012,mal,Malayalam,30
Pirkanmaa,2012,mar,Marathi,31
Pirkanmaa,2012,mkd,Macedonian,32
Pirkanmaa,2012,nld,Dutch,57
Pirkanmaa,2012,nor,Norwegian,10
Pirkanmaa,2012,npi,Nepali,117
Pirkanmaa,2012,oss,"Ossetian, Ossetic",11
Pirkanmaa,2012,pan,Panjabi,60
Pirkanmaa,2012,pes,"Persian, Farsi",1066
Pirkanmaa,2012,pol,Polish,246
Pirkanmaa,2012,por,Portuguese,100
Pirkanmaa,2012,pst,Pushto,182
Pirkanmaa,2012,ron,Romanian,119
Pirkanmaa,2012,rus,Russian,3513
Pirkanmaa,2012,slk,Slovak,23
Pirkanmaa,2012,sme,Sami,15
Pirkanmaa,2012,som,Somali,434
Pirkanmaa,2012,spa,Spanish,383
Pirkanmaa,2012,srp,Serbian,104
Pirkanmaa,2012,swe,Swedish,1837
Pirkanmaa,2012,swh,Swahili,87
Pirkanmaa,2012,tam,Tamil,67
Pirkanmaa,2012,tel,Telugu,121
Pirkanmaa,2012,tgl,Tagalog,47
Pirkanmaa,2012,tha,Thai,467
Pirkanmaa,2012,tir,Tigrinya,10
Pirkanmaa,2012,tuk,Turkmen,50
Pirkanmaa,2012,tur,Turkish,464
Pirkanmaa,2012,ukr,Ukrainian,88
Pirkanmaa,2012,urd,Urdu,174
Pirkanmaa,2012,vie,Vietnamese,413
Pirkanmaa,2012,wol,Wolof,12
Pirkanmaa,2012,yor,Yoruba,40
Pirkanmaa,2013,aka,Akan,26
Pirkanmaa,2013,als,Albanian,346
Pirkanmaa,2013,amh,Amharic,57
Pirkanmaa,2013,arb,Arabic,1402
Pirkanmaa,2013,azj,Azerbaijani,21
Pirkanmaa,2013,ben,"Bengali, (Bangla)",105
Pirkanmaa,2013,bos,Bosnian,205
Pirkanmaa,2013,bul,Bulgarian,88
Pirkanmaa,2013,ces,Czech,39
Pirkanmaa,2013,che,Chechen,51
Pirkanmaa,2013,ckb,Kurdish,601
Pirkanmaa,2013,cmn,Chinese,784
Pirkanmaa,2013,dan,Danish,11
Pirkanmaa,2013,deu,German,456
Pirkanmaa,2013,ekk,Estonian,2072
Pirkanmaa,2013,ell,Greek (modern),69
Pirkanmaa,2013,eng,English,1171
Pirkanmaa,2013,fin,Finnish,481253
Pirkanmaa,2013,fra,French,216
Pirkanmaa,2013,heb,Hebrew,33
Pirkanmaa,2013,hin,Hindi,81
Pirkanmaa,2013,hrv,Croatian,15
Pirkanmaa,2013,hun,Hungarian,153
Pirkanmaa,2013,hye,Armenian,30
Pirkanmaa,2013,ibo,Igbo,38
Pirkanmaa,2013,ind,Indonesian,26
Pirkanmaa,2013,ita,Italian,138
Pirkanmaa,2013,jpn,Japanese,53
Pirkanmaa,2013,kan,Kannada,32
Pirkanmaa,2013,khm,Central Khmer,11
Pirkanmaa,2013,kin,Kinyarwanda,16
Pirkanmaa,2013,kor,Korean,33
Pirkanmaa,2013,lin,Lingala,30
Pirkanmaa,2013,lit,Lithuanian,70
Pirkanmaa,2013,lug,Ganda,17
Pirkanmaa,2013,lvs,Latvian,45
Pirkanmaa,2013,mal,Malayalam,35
Pirkanmaa,2013,mar,Marathi,29
Pirkanmaa,2013,mkd,Macedonian,29
Pirkanmaa,2013,nld,Dutch,57
Pirkanmaa,2013,nor,Norwegian,15
Pirkanmaa,2013,npi,Nepali,133
Pirkanmaa,2013,oss,"Ossetian, Ossetic",11
Pirkanmaa,2013,pan,Panjabi,63
Pirkanmaa,2013,pes,"Persian, Farsi",1202
Pirkanmaa,2013,pol,Polish,297
Pirkanmaa,2013,por,Portuguese,131
Pirkanmaa,2013,pst,Pushto,185
Pirkanmaa,2013,ron,Romanian,122
Pirkanmaa,2013,rus,Russian,3715
Pirkanmaa,2013,slk,Slovak,27
Pirkanmaa,2013,sme,Sami,17
Pirkanmaa,2013,som,Somali,500
Pirkanmaa,2013,spa,Spanish,452
Pirkanmaa,2013,srp,Serbian,105
Pirkanmaa,2013,swe,Swedish,1828
Pirkanmaa,2013,swh,Swahili,92
Pirkanmaa,2013,tam,Tamil,73
Pirkanmaa,2013,tel,Telugu,120
Pirkanmaa,2013,tgl,Tagalog,56
Pirkanmaa,2013,tha,Thai,512
Pirkanmaa,2013,tir,Tigrinya,11
Pirkanmaa,2013,tuk,Turkmen,55
Pirkanmaa,2013,tur,Turkish,493
Pirkanmaa,2013,ukr,Ukrainian,89
Pirkanmaa,2013,urd,Urdu,186
Pirkanmaa,2013,vie,Vietnamese,418
Pirkanmaa,2013,wol,Wolof,15
Pirkanmaa,2013,yor,Yoruba,50
Pirkanmaa,2014,aka,Akan,33
Pirkanmaa,2014,als,Albanian,382
Pirkanmaa,2014,amh,Amharic,52
Pirkanmaa,2014,arb,Arabic,1498
Pirkanmaa,2014,azj,Azerbaijani,12
Pirkanmaa,2014,ben,"Bengali, (Bangla)",120
Pirkanmaa,2014,bos,Bosnian,207
Pirkanmaa,2014,bul,Bulgarian,108
Pirkanmaa,2014,ces,Czech,44
Pirkanmaa,2014,che,Chechen,59
Pirkanmaa,2014,ckb,Kurdish,633
Pirkanmaa,2014,cmn,Chinese,833
Pirkanmaa,2014,dan,Danish,16
Pirkanmaa,2014,deu,German,460
Pirkanmaa,2014,ekk,Estonian,2184
Pirkanmaa,2014,ell,Greek (modern),78
Pirkanmaa,2014,eng,English,1232
Pirkanmaa,2014,fin,Finnish,483354
Pirkanmaa,2014,fra,French,219
Pirkanmaa,2014,heb,Hebrew,33
Pirkanmaa,2014,hin,Hindi,81
Pirkanmaa,2014,hrv,Croatian,16
Pirkanmaa,2014,hun,Hungarian,154
Pirkanmaa,2014,hye,Armenian,33
Pirkanmaa,2014,ibo,Igbo,42
Pirkanmaa,2014,ind,Indonesian,33
Pirkanmaa,2014,ita,Italian,141
Pirkanmaa,2014,jpn,Japanese,53
Pirkanmaa,2014,kan,Kannada,33
Pirkanmaa,2014,kaz,Kazakh,10
Pirkanmaa,2014,khm,Central Khmer,11
Pirkanmaa,2014,kin,Kinyarwanda,29
Pirkanmaa,2014,kor,Korean,30
Pirkanmaa,2014,lin,Lingala,34
Pirkanmaa,2014,lit,Lithuanian,83
Pirkanmaa,2014,lug,Ganda,17
Pirkanmaa,2014,lvs,Latvian,72
Pirkanmaa,2014,mal,Malayalam,39
Pirkanmaa,2014,mar,Marathi,33
Pirkanmaa,2014,mkd,Macedonian,28
Pirkanmaa,2014,nld,Dutch,61
Pirkanmaa,2014,nor,Norwegian,17
Pirkanmaa,2014,npi,Nepali,149
Pirkanmaa,2014,oss,"Ossetian, Ossetic",12
Pirkanmaa,2014,pan,Panjabi,65
Pirkanmaa,2014,pes,"Persian, Farsi",1291
Pirkanmaa,2014,pol,Polish,309
Pirkanmaa,2014,por,Portuguese,150
Pirkanmaa,2014,pst,Pushto,189
Pirkanmaa,2014,ron,Romanian,125
Pirkanmaa,2014,rus,Russian,3840
Pirkanmaa,2014,slk,Slovak,30
Pirkanmaa,2014,sme,Sami,17
Pirkanmaa,2014,som,Somali,521
Pirkanmaa,2014,spa,Spanish,496
Pirkanmaa,2014,srp,Serbian,108
Pirkanmaa,2014,swe,Swedish,1837
Pirkanmaa,2014,swh,Swahili,118
Pirkanmaa,2014,tam,Tamil,80
Pirkanmaa,2014,tel,Telugu,123
Pirkanmaa,2014,tgl,Tagalog,85
Pirkanmaa,2014,tha,Thai,540
Pirkanmaa,2014,tir,Tigrinya,13
Pirkanmaa,2014,tuk,Turkmen,56
Pirkanmaa,2014,tur,Turkish,528
Pirkanmaa,2014,ukr,Ukrainian,106
Pirkanmaa,2014,urd,Urdu,221
Pirkanmaa,2014,vie,Vietnamese,432
Pirkanmaa,2014,wol,Wolof,15
Pirkanmaa,2014,yor,Yoruba,53
Pirkanmaa,2015,aka,Akan,30
Pirkanmaa,2015,als,Albanian,416
Pirkanmaa,2015,amh,Amharic,51
Pirkanmaa,2015,arb,Arabic,1610
Pirkanmaa,2015,azj,Azerbaijani,12
Pirkanmaa,2015,ben,"Bengali, (Bangla)",146
Pirkanmaa,2015,bos,Bosnian,218
Pirkanmaa,2015,bul,Bulgarian,118
Pirkanmaa,2015,ces,Czech,46
Pirkanmaa,2015,che,Chechen,55
Pirkanmaa,2015,ckb,Kurdish,630
Pirkanmaa,2015,cmn,Chinese,892
Pirkanmaa,2015,dan,Danish,14
Pirkanmaa,2015,deu,German,466
Pirkanmaa,2015,ekk,Estonian,2201
Pirkanmaa,2015,ell,Greek (modern),82
Pirkanmaa,2015,eng,English,1297
Pirkanmaa,2015,fin,Finnish,485027
Pirkanmaa,2015,fra,French,229
Pirkanmaa,2015,heb,Hebrew,30
Pirkanmaa,2015,hin,Hindi,80
Pirkanmaa,2015,hrv,Croatian,20
Pirkanmaa,2015,hun,Hungarian,160
Pirkanmaa,2015,hye,Armenian,35
Pirkanmaa,2015,ibo,Igbo,36
Pirkanmaa,2015,ind,Indonesian,34
Pirkanmaa,2015,ita,Italian,150
Pirkanmaa,2015,jpn,Japanese,57
Pirkanmaa,2015,kan,Kannada,33
Pirkanmaa,2015,kaz,Kazakh,12
Pirkanmaa,2015,khm,Central Khmer,11
Pirkanmaa,2015,kin,Kinyarwanda,33
Pirkanmaa,2015,kor,Korean,33
Pirkanmaa,2015,lin,Lingala,34
Pirkanmaa,2015,lit,Lithuanian,85
Pirkanmaa,2015,lug,Ganda,17
Pirkanmaa,2015,lvs,Latvian,70
Pirkanmaa,2015,mal,Malayalam,47
Pirkanmaa,2015,mar,Marathi,27
Pirkanmaa,2015,mkd,Macedonian,27
Pirkanmaa,2015,nld,Dutch,65
Pirkanmaa,2015,nor,Norwegian,18
Pirkanmaa,2015,npi,Nepali,164
Pirkanmaa,2015,oss,"Ossetian, Ossetic",12
Pirkanmaa,2015,pan,Panjabi,67
Pirkanmaa,2015,pes,"Persian, Farsi",1357
Pirkanmaa,2015,pol,Polish,332
Pirkanmaa,2015,por,Portuguese,160
Pirkanmaa,2015,pst,Pushto,191
Pirkanmaa,2015,ron,Romanian,123
Pirkanmaa,2015,rus,Russian,3972
Pirkanmaa,2015,slk,Slovak,32
Pirkanmaa,2015,sme,Sami,17
Pirkanmaa,2015,som,Somali,546
Pirkanmaa,2015,spa,Spanish,523
Pirkanmaa,2015,srp,Serbian,103
Pirkanmaa,2015,swe,Swedish,1862
Pirkanmaa,2015,swh,Swahili,148
Pirkanmaa,2015,tam,Tamil,78
Pirkanmaa,2015,tel,Telugu,118
Pirkanmaa,2015,tgl,Tagalog,96
Pirkanmaa,2015,tha,Thai,604
Pirkanmaa,2015,tir,Tigrinya,16
Pirkanmaa,2015,tuk,Turkmen,58
Pirkanmaa,2015,tur,Turkish,542
Pirkanmaa,2015,ukr,Ukrainian,101
Pirkanmaa,2015,urd,Urdu,248
Pirkanmaa,2015,vie,Vietnamese,485
Pirkanmaa,2015,wol,Wolof,18
Pirkanmaa,2015,yor,Yoruba,63
Pirkanmaa,2016,aka,Akan,32
Pirkanmaa,2016,als,Albanian,421
Pirkanmaa,2016,amh,Amharic,48
Pirkanmaa,2016,arb,Arabic,1978
Pirkanmaa,2016,azj,Azerbaijani,12
Pirkanmaa,2016,ben,"Bengali, (Bangla)",181
Pirkanmaa,2016,bos,Bosnian,210
Pirkanmaa,2016,bul,Bulgarian,129
Pirkanmaa,2016,ces,Czech,46
Pirkanmaa,2016,che,Chechen,57
Pirkanmaa,2016,ckb,Kurdish,678
Pirkanmaa,2016,cmn,Chinese,920
Pirkanmaa,2016,dan,Danish,15
Pirkanmaa,2016,deu,German,487
Pirkanmaa,2016,ekk,Estonian,2226
Pirkanmaa,2016,ell,Greek (modern),90
Pirkanmaa,2016,eng,English,1348
Pirkanmaa,2016,fin,Finnish,486723
Pirkanmaa,2016,fra,French,261
Pirkanmaa,2016,fuc,"Fula, Fulah, Pulaar, Pular",10
Pirkanmaa,2016,heb,Hebrew,31
Pirkanmaa,2016,hin,Hindi,83
Pirkanmaa,2016,hrv,Croatian,18
Pirkanmaa,2016,hun,Hungarian,163
Pirkanmaa,2016,hye,Armenian,39
Pirkanmaa,2016,ibo,Igbo,43
Pirkanmaa,2016,ind,Indonesian,36
Pirkanmaa,2016,ita,Italian,150
Pirkanmaa,2016,jpn,Japanese,62
Pirkanmaa,2016,kan,Kannada,31
Pirkanmaa,2016,kaz,Kazakh,12
Pirkanmaa,2016,khm,Central Khmer,14
Pirkanmaa,2016,kin,Kinyarwanda,34
Pirkanmaa,2016,kor,Korean,31
Pirkanmaa,2016,lin,Lingala,38
Pirkanmaa,2016,lit,Lithuanian,88
Pirkanmaa,2016,lug,Ganda,19
Pirkanmaa,2016,lvs,Latvian,71
Pirkanmaa,2016,mal,Malayalam,50
Pirkanmaa,2016,mar,Marathi,28
Pirkanmaa,2016,mkd,Macedonian,30
Pirkanmaa,2016,nld,Dutch,57
Pirkanmaa,2016,nor,Norwegian,17
Pirkanmaa,2016,npi,Nepali,193
Pirkanmaa,2016,oss,"Ossetian, Ossetic",12
Pirkanmaa,2016,pan,Panjabi,70
Pirkanmaa,2016,pes,"Persian, Farsi",1553
Pirkanmaa,2016,pol,Polish,337
Pirkanmaa,2016,por,Portuguese,176
Pirkanmaa,2016,pst,Pushto,208
Pirkanmaa,2016,ron,Romanian,130
Pirkanmaa,2016,rus,Russian,4060
Pirkanmaa,2016,sin,Sinhala,10
Pirkanmaa,2016,slk,Slovak,38
Pirkanmaa,2016,sme,Sami,17
Pirkanmaa,2016,som,Somali,565
Pirkanmaa,2016,spa,Spanish,562
Pirkanmaa,2016,srp,Serbian,115
Pirkanmaa,2016,swe,Swedish,1889
Pirkanmaa,2016,swh,Swahili,176
Pirkanmaa,2016,tam,Tamil,86
Pirkanmaa,2016,tel,Telugu,106
Pirkanmaa,2016,tgl,Tagalog,110
Pirkanmaa,2016,tha,Thai,656
Pirkanmaa,2016,tir,Tigrinya,17
Pirkanmaa,2016,tuk,Turkmen,59
Pirkanmaa,2016,tur,Turkish,574
Pirkanmaa,2016,ukr,Ukrainian,137
Pirkanmaa,2016,urd,Urdu,263
Pirkanmaa,2016,vie,Vietnamese,553
Pirkanmaa,2016,wol,Wolof,17
Pirkanmaa,2016,yor,Yoruba,72
Pirkanmaa,2017,aka,Akan,33
Pirkanmaa,2017,als,Albanian,433
Pirkanmaa,2017,amh,Amharic,56
Pirkanmaa,2017,arb,Arabic,2315
Pirkanmaa,2017,azj,Azerbaijani,15
Pirkanmaa,2017,ben,"Bengali, (Bangla)",217
Pirkanmaa,2017,bos,Bosnian,214
Pirkanmaa,2017,bul,Bulgarian,141
Pirkanmaa,2017,ces,Czech,44
Pirkanmaa,2017,che,Chechen,54
Pirkanmaa,2017,ckb,Kurdish,728
Pirkanmaa,2017,cmn,Chinese,947
Pirkanmaa,2017,dan,Danish,20
Pirkanmaa,2017,deu,German,485
Pirkanmaa,2017,ekk,Estonian,2204
Pirkanmaa,2017,ell,Greek (modern),90
Pirkanmaa,2017,eng,English,1428
Pirkanmaa,2017,fin,Finnish,488315
Pirkanmaa,2017,fra,French,277
Pirkanmaa,2017,fuc,"Fula, Fulah, Pulaar, Pular",11
Pirkanmaa,2017,heb,Hebrew,30
Pirkanmaa,2017,hin,Hindi,94
Pirkanmaa,2017,hrv,Croatian,19
Pirkanmaa,2017,hun,Hungarian,162
Pirkanmaa,2017,hye,Armenian,30
Pirkanmaa,2017,ibo,Igbo,36
Pirkanmaa,2017,ind,Indonesian,39
Pirkanmaa,2017,ita,Italian,160
Pirkanmaa,2017,jpn,Japanese,63
Pirkanmaa,2017,kan,Kannada,26
Pirkanmaa,2017,kaz,Kazakh,14
Pirkanmaa,2017,khk,Mongolian,10
Pirkanmaa,2017,khm,Central Khmer,13
Pirkanmaa,2017,kin,Kinyarwanda,35
Pirkanmaa,2017,kor,Korean,37
Pirkanmaa,2017,lin,Lingala,39
Pirkanmaa,2017,lit,Lithuanian,95
Pirkanmaa,2017,lug,Ganda,21
Pirkanmaa,2017,lvs,Latvian,84
Pirkanmaa,2017,mal,Malayalam,51
Pirkanmaa,2017,mar,Marathi,30
Pirkanmaa,2017,mkd,Macedonian,31
Pirkanmaa,2017,nld,Dutch,67
Pirkanmaa,2017,nor,Norwegian,21
Pirkanmaa,2017,npi,Nepali,205
Pirkanmaa,2017,oss,"Ossetian, Ossetic",12
Pirkanmaa,2017,pan,Panjabi,68
Pirkanmaa,2017,pes,"Persian, Farsi",1675
Pirkanmaa,2017,pol,Polish,337
Pirkanmaa,2017,por,Portuguese,193
Pirkanmaa,2017,pst,Pushto,229
Pirkanmaa,2017,ron,Romanian,150
Pirkanmaa,2017,rus,Russian,4164
Pirkanmaa,2017,sin,Sinhala,14
Pirkanmaa,2017,slk,Slovak,31
Pirkanmaa,2017,slv,Slovene,11
Pirkanmaa,2017,sme,Sami,18
Pirkanmaa,2017,som,Somali,617
Pirkanmaa,2017,spa,Spanish,572
Pirkanmaa,2017,srp,Serbian,107
Pirkanmaa,2017,swe,Swedish,1944
Pirkanmaa,2017,swh,Swahili,175
Pirkanmaa,2017,tam,Tamil,90
Pirkanmaa,2017,tel,Telugu,107
Pirkanmaa,2017,tgl,Tagalog,109
Pirkanmaa,2017,tha,Thai,672
Pirkanmaa,2017,tir,Tigrinya,16
Pirkanmaa,2017,tuk,Turkmen,61
Pirkanmaa,2017,tur,Turkish,592
Pirkanmaa,2017,ukr,Ukrainian,174
Pirkanmaa,2017,urd,Urdu,266
Pirkanmaa,2017,vie,Vietnamese,571
Pirkanmaa,2017,wol,Wolof,18
Pirkanmaa,2017,yor,Yoruba,73
Pirkanmaa,2018,aka,Akan,32
Pirkanmaa,2018,als,Albanian,484
Pirkanmaa,2018,amh,Amharic,61
Pirkanmaa,2018,arb,Arabic,2476
Pirkanmaa,2018,azj,Azerbaijani,29
Pirkanmaa,2018,ben,"Bengali, (Bangla)",239
Pirkanmaa,2018,bos,Bosnian,206
Pirkanmaa,2018,bul,Bulgarian,154
Pirkanmaa,2018,ces,Czech,47
Pirkanmaa,2018,che,Chechen,58
Pirkanmaa,2018,ckb,Kurdish,742
Pirkanmaa,2018,cmn,Chinese,966
Pirkanmaa,2018,dan,Danish,25
Pirkanmaa,2018,deu,German,496
Pirkanmaa,2018,ekk,Estonian,2229
Pirkanmaa,2018,ell,Greek (modern),88
Pirkanmaa,2018,eng,English,1519
Pirkanmaa,2018,fin,Finnish,490338
Pirkanmaa,2018,fra,French,289
Pirkanmaa,2018,fuc,"Fula, Fulah, Pulaar, Pular",11
Pirkanmaa,2018,heb,Hebrew,27
Pirkanmaa,2018,hin,Hindi,99
Pirkanmaa,2018,hrv,Croatian,18
Pirkanmaa,2018,hun,Hungarian,173
Pirkanmaa,2018,hye,Armenian,29
Pirkanmaa,2018,ibo,Igbo,41
Pirkanmaa,2018,ind,Indonesian,49
Pirkanmaa,2018,ita,Italian,161
Pirkanmaa,2018,jpn,Japanese,75
Pirkanmaa,2018,kan,Kannada,22
Pirkanmaa,2018,kaz,Kazakh,13
Pirkanmaa,2018,khm,Central Khmer,15
Pirkanmaa,2018,kin,Kinyarwanda,36
Pirkanmaa,2018,kor,Korean,45
Pirkanmaa,2018,lin,Lingala,32
Pirkanmaa,2018,lit,Lithuanian,98
Pirkanmaa,2018,lug,Ganda,19
Pirkanmaa,2018,lvs,Latvian,112
Pirkanmaa,2018,mal,Malayalam,49
Pirkanmaa,2018,mar,Marathi,30
Pirkanmaa,2018,mkd,Macedonian,31
Pirkanmaa,2018,nld,Dutch,66
Pirkanmaa,2018,nor,Norwegian,24
Pirkanmaa,2018,npi,Nepali,201
Pirkanmaa,2018,ory,Oriya,11
Pirkanmaa,2018,oss,"Ossetian, Ossetic",12
Pirkanmaa,2018,pan,Panjabi,75
Pirkanmaa,2018,pes,"Persian, Farsi",1776
Pirkanmaa,2018,pol,Polish,338
Pirkanmaa,2018,por,Portuguese,220
Pirkanmaa,2018,pst,Pushto,218
Pirkanmaa,2018,ron,Romanian,172
Pirkanmaa,2018,rus,Russian,4275
Pirkanmaa,2018,sin,Sinhala,19
Pirkanmaa,2018,slk,Slovak,31
Pirkanmaa,2018,slv,Slovene,10
Pirkanmaa,2018,sme,Sami,13
Pirkanmaa,2018,som,Somali,622
Pirkanmaa,2018,spa,Spanish,601
Pirkanmaa,2018,srp,Serbian,103
Pirkanmaa,2018,swe,Swedish,1948
Pirkanmaa,2018,swh,Swahili,165
Pirkanmaa,2018,tam,Tamil,123
Pirkanmaa,2018,tel,Telugu,104
Pirkanmaa,2018,tgl,Tagalog,131
Pirkanmaa,2018,tha,Thai,710
Pirkanmaa,2018,tir,Tigrinya,17
Pirkanmaa,2018,tuk,Turkmen,57
Pirkanmaa,2018,tur,Turkish,598
Pirkanmaa,2018,ukr,Ukrainian,228
Pirkanmaa,2018,urd,Urdu,267
Pirkanmaa,2018,vie,Vietnamese,578
Pirkanmaa,2018,wol,Wolof,22
Pirkanmaa,2018,yor,Yoruba,84
Pirkanmaa,2019,aka,Akan,32
Pirkanmaa,2019,als,Albanian,497
Pirkanmaa,2019,amh,Amharic,60
Pirkanmaa,2019,arb,Arabic,2582
Pirkanmaa,2019,azj,Azerbaijani,29
Pirkanmaa,2019,ben,"Bengali, (Bangla)",266
Pirkanmaa,2019,bos,Bosnian,216
Pirkanmaa,2019,bul,Bulgarian,149
Pirkanmaa,2019,ces,Czech,55
Pirkanmaa,2019,che,Chechen,58
Pirkanmaa,2019,ckb,Kurdish,796
Pirkanmaa,2019,cmn,Chinese,1012
Pirkanmaa,2019,dan,Danish,25
Pirkanmaa,2019,deu,German,515
Pirkanmaa,2019,ekk,Estonian,2219
Pirkanmaa,2019,ell,Greek (modern),98
Pirkanmaa,2019,eng,English,1624
Pirkanmaa,2019,fin,Finnish,491669
Pirkanmaa,2019,fra,French,296
Pirkanmaa,2019,fuc,"Fula, Fulah, Pulaar, Pular",11
Pirkanmaa,2019,heb,Hebrew,28
Pirkanmaa,2019,hin,Hindi,113
Pirkanmaa,2019,hrv,Croatian,24
Pirkanmaa,2019,hun,Hungarian,198
Pirkanmaa,2019,hye,Armenian,29
Pirkanmaa,2019,ibo,Igbo,45
Pirkanmaa,2019,ind,Indonesian,57
Pirkanmaa,2019,ita,Italian,161
Pirkanmaa,2019,jpn,Japanese,76
Pirkanmaa,2019,kan,Kannada,25
Pirkanmaa,2019,kaz,Kazakh,15
Pirkanmaa,2019,khk,Mongolian,10
Pirkanmaa,2019,khm,Central Khmer,13
Pirkanmaa,2019,kin,Kinyarwanda,43
Pirkanmaa,2019,kor,Korean,49
Pirkanmaa,2019,lin,Lingala,29
Pirkanmaa,2019,lit,Lithuanian,101
Pirkanmaa,2019,lug,Ganda,13
Pirkanmaa,2019,lvs,Latvian,119
Pirkanmaa,2019,mal,Malayalam,66
Pirkanmaa,2019,mar,Marathi,34
Pirkanmaa,2019,mkd,Macedonian,35
Pirkanmaa,2019,mya,Burmese,10
Pirkanmaa,2019,nld,Dutch,72
Pirkanmaa,2019,nor,Norwegian,23
Pirkanmaa,2019,npi,Nepali,216
Pirkanmaa,2019,ory,Oriya,11
Pirkanmaa,2019,oss,"Ossetian, Ossetic",12
Pirkanmaa,2019,pan,Panjabi,75
Pirkanmaa,2019,pes,"Persian, Farsi",1890
Pirkanmaa,2019,pol,Polish,359
Pirkanmaa,2019,por,Portuguese,256
Pirkanmaa,2019,pst,Pushto,240
Pirkanmaa,2019,ron,Romanian,160
Pirkanmaa,2019,rus,Russian,4395
Pirkanmaa,2019,sin,Sinhala,25
Pirkanmaa,2019,slk,Slovak,25
Pirkanmaa,2019,slv,Slovene,11
Pirkanmaa,2019,sme,Sami,17
Pirkanmaa,2019,som,Somali,617
Pirkanmaa,2019,spa,Spanish,644
Pirkanmaa,2019,srp,Serbian,107
Pirkanmaa,2019,swe,Swedish,1958
Pirkanmaa,2019,swh,Swahili,188
Pirkanmaa,2019,tam,Tamil,147
Pirkanmaa,2019,tel,Telugu,119
Pirkanmaa,2019,tgl,Tagalog,156
Pirkanmaa,2019,tha,Thai,730
Pirkanmaa,2019,tir,Tigrinya,18
Pirkanmaa,2019,tuk,Turkmen,57
Pirkanmaa,2019,tur,Turkish,641
Pirkanmaa,2019,ukr,Ukrainian,260
Pirkanmaa,2019,urd,Urdu,281
Pirkanmaa,2019,vie,Vietnamese,608
Pirkanmaa,2019,wol,Wolof,22
Pirkanmaa,2019,yor,Yoruba,88
Pirkanmaa,2020,aka,Akan,37
Pirkanmaa,2020,als,Albanian,522
Pirkanmaa,2020,amh,Amharic,63
Pirkanmaa,2020,arb,Arabic,2686
Pirkanmaa,2020,azj,Azerbaijani,30
Pirkanmaa,2020,ben,"Bengali, (Bangla)",269
Pirkanmaa,2020,bos,Bosnian,220
Pirkanmaa,2020,bul,Bulgarian,146
Pirkanmaa,2020,ces,Czech,52
Pirkanmaa,2020,che,Chechen,65
Pirkanmaa,2020,ckb,Kurdish,819
Pirkanmaa,2020,cmn,Chinese,992
Pirkanmaa,2020,dan,Danish,24
Pirkanmaa,2020,deu,German,509
Pirkanmaa,2020,ekk,Estonian,2184
Pirkanmaa,2020,ell,Greek (modern),100
Pirkanmaa,2020,eng,English,1719
Pirkanmaa,2020,fin,Finnish,493909
Pirkanmaa,2020,fra,French,309
Pirkanmaa,2020,fuc,"Fula, Fulah, Pulaar, Pular",12
Pirkanmaa,2020,hau,Hausa,10
Pirkanmaa,2020,heb,Hebrew,25
Pirkanmaa,2020,hin,Hindi,100
Pirkanmaa,2020,hrv,Croatian,23
Pirkanmaa,2020,hun,Hungarian,200
Pirkanmaa,2020,hye,Armenian,29
Pirkanmaa,2020,ibo,Igbo,46
Pirkanmaa,2020,ind,Indonesian,56
Pirkanmaa,2020,ita,Italian,169
Pirkanmaa,2020,jpn,Japanese,80
Pirkanmaa,2020,kan,Kannada,27
Pirkanmaa,2020,kat,Georgian,10
Pirkanmaa,2020,kaz,Kazakh,12
Pirkanmaa,2020,khk,Mongolian,12
Pirkanmaa,2020,khm,Central Khmer,14
Pirkanmaa,2020,kin,Kinyarwanda,45
Pirkanmaa,2020,kor,Korean,52
Pirkanmaa,2020,lin,Lingala,28
Pirkanmaa,2020,lit,Lithuanian,98
Pirkanmaa,2020,lug,Ganda,11
Pirkanmaa,2020,lvs,Latvian,124
Pirkanmaa,2020,mal,Malayalam,70
Pirkanmaa,2020,mar,Marathi,41
Pirkanmaa,2020,mkd,Macedonian,36
Pirkanmaa,2020,nld,Dutch,74
Pirkanmaa,2020,nor,Norwegian,26
Pirkanmaa,2020,npi,Nepali,224
Pirkanmaa,2020,oss,"Ossetian, Ossetic",13
Pirkanmaa,2020,pan,Panjabi,80
Pirkanmaa,2020,pes,"Persian, Farsi",2040
Pirkanmaa,2020,pol,Polish,350
Pirkanmaa,2020,por,Portuguese,272
Pirkanmaa,2020,pst,Pushto,248
Pirkanmaa,2020,ron,Romanian,183
Pirkanmaa,2020,rus,Russian,4486
Pirkanmaa,2020,sin,Sinhala,24
Pirkanmaa,2020,slk,Slovak,22
Pirkanmaa,2020,slv,Slovene,10
Pirkanmaa,2020,sme,Sami,16
Pirkanmaa,2020,som,Somali,636
Pirkanmaa,2020,spa,Spanish,664
Pirkanmaa,2020,srp,Serbian,109
Pirkanmaa,2020,swe,Swedish,1975
Pirkanmaa,2020,swh,Swahili,204
Pirkanmaa,2020,tam,Tamil,154
Pirkanmaa,2020,tel,Telugu,105
Pirkanmaa,2020,tgl,Tagalog,181
Pirkanmaa,2020,tha,Thai,776
Pirkanmaa,2020,tir,Tigrinya,19
Pirkanmaa,2020,tuk,Turkmen,58
Pirkanmaa,2020,tur,Turkish,680
Pirkanmaa,2020,ukr,Ukrainian,274
Pirkanmaa,2020,urd,Urdu,311
Pirkanmaa,2020,uzn,Uzbek,11
Pirkanmaa,2020,vie,Vietnamese,599
Pirkanmaa,2020,wol,Wolof,24
Pirkanmaa,2020,yor,Yoruba,89
Pirkanmaa,2020,zlm,Malay,10
Pirkanmaa,2021,afr,Afrikaans,15
Pirkanmaa,2021,aka,Akan,42
Pirkanmaa,2021,als,Albanian,560
Pirkanmaa,2021,amh,Amharic,66
Pirkanmaa,2021,arb,Arabic,2794
Pirkanmaa,2021,azj,Azerbaijani,30
Pirkanmaa,2021,ben,"Bengali, (Bangla)",305
Pirkanmaa,2021,bos,Bosnian,230
Pirkanmaa,2021,bul,Bulgarian,153
Pirkanmaa,2021,ces,Czech,58
Pirkanmaa,2021,che,Chechen,67
Pirkanmaa,2021,ckb,Kurdish,820
Pirkanmaa,2021,cmn,Chinese,1058
Pirkanmaa,2021,dan,Danish,30
Pirkanmaa,2021,deu,German,543
Pirkanmaa,2021,ekk,Estonian,2236
Pirkanmaa,2021,ell,Greek (modern),106
Pirkanmaa,2021,eng,English,1921
Pirkanmaa,2021,fin,Finnish,496763
Pirkanmaa,2021,fra,French,326
Pirkanmaa,2021,fuc,"Fula, Fulah, Pulaar, Pular",12
Pirkanmaa,2021,heb,Hebrew,26
Pirkanmaa,2021,hin,Hindi,138
Pirkanmaa,2021,hrv,Croatian,21
Pirkanmaa,2021,hun,Hungarian,201
Pirkanmaa,2021,hye,Armenian,33
Pirkanmaa,2021,ibo,Igbo,52
Pirkanmaa,2021,ind,Indonesian,60
Pirkanmaa,2021,ita,Italian,195
Pirkanmaa,2021,jpn,Japanese,80
Pirkanmaa,2021,kan,Kannada,29
Pirkanmaa,2021,kat,Georgian,14
Pirkanmaa,2021,kaz,Kazakh,14
Pirkanmaa,2021,khk,Mongolian,13
Pirkanmaa,2021,khm,Central Khmer,11
Pirkanmaa,2021,kin,Kinyarwanda,48
Pirkanmaa,2021,kor,Korean,57
Pirkanmaa,2021,lin,Lingala,32
Pirkanmaa,2021,lit,Lithuanian,102
Pirkanmaa,2021,lug,Ganda,12
Pirkanmaa,2021,lvs,Latvian,137
Pirkanmaa,2021,mal,Malayalam,93
Pirkanmaa,2021,mar,Marathi,50
Pirkanmaa,2021,mkd,Macedonian,34
Pirkanmaa,2021,mya,Burmese,10
Pirkanmaa,2021,nld,Dutch,86
Pirkanmaa,2021,nor,Norwegian,30
Pirkanmaa,2021,npi,Nepali,252
Pirkanmaa,2021,oss,"Ossetian, Ossetic",13
Pirkanmaa,2021,pan,Panjabi,84
Pirkanmaa,2021,pes,"Persian, Farsi",2187
Pirkanmaa,2021,pol,Polish,377
Pirkanmaa,2021,por,Portuguese,309
Pirkanmaa,2021,pst,Pushto,261
Pirkanmaa,2021,ron,Romanian,184
Pirkanmaa,2021,rus,Russian,4633
Pirkanmaa,2021,sin,Sinhala,33
Pirkanmaa,2021,slk,Slovak,27
Pirkanmaa,2021,sme,Sami,19
Pirkanmaa,2021,som,Somali,631
Pirkanmaa,2021,spa,Spanish,723
Pirkanmaa,2021,srp,Serbian,109
Pirkanmaa,2021,swe,Swedish,2033
Pirkanmaa,2021,swh,Swahili,211
Pirkanmaa,2021,tam,Tamil,158
Pirkanmaa,2021,tel,Telugu,123
Pirkanmaa,2021,tgl,Tagalog,237
Pirkanmaa,2021,tha,Thai,788
Pirkanmaa,2021,tir,Tigrinya,21
Pirkanmaa,2021,tuk,Turkmen,48
Pirkanmaa,2021,tur,Turkish,748
Pirkanmaa,2021,ukr,Ukrainian,325
Pirkanmaa,2021,urd,Urdu,332
Pirkanmaa,2021,uzn,Uzbek,17
Pirkanmaa,2021,vie,Vietnamese,652
Pirkanmaa,2021,wol,Wolof,25
Pirkanmaa,2021,yor,Yoruba,99
Pirkanmaa,2022,afr,Afrikaans,16
Pirkanmaa,2022,aka,Akan,48
Pirkanmaa,2022,als,Albanian,608
Pirkanmaa,2022,amh,Amharic,74
Pirkanmaa,2022,arb,Arabic,2941
Pirkanmaa,2022,azj,Azerbaijani,47
Pirkanmaa,2022,bel,Belarusian,18
Pirkanmaa,2022,ben,"Bengali, (Bangla)",428
Pirkanmaa,2022,bos,Bosnian,244
Pirkanmaa,2022,bul,Bulgarian,148
Pirkanmaa,2022,ces,Czech,68
Pirkanmaa,2022,che,Chechen,74
Pirkanmaa,2022,ckb,Kurdish,902
Pirkanmaa,2022,cmn,Chinese,1125
Pirkanmaa,2022,dan,Danish,28
Pirkanmaa,2022,deu,German,560
Pirkanmaa,2022,ekk,Estonian,2280
Pirkanmaa,2022,ell,Greek (modern),103
Pirkanmaa,2022,eng,English,2344
Pirkanmaa,2022,ewe,Ewe,11
Pirkanmaa,2022,fin,Finnish,498771
Pirkanmaa,2022,fra,French,353
Pirkanmaa,2022,fuc,"Fula, Fulah, Pulaar, Pular",10
Pirkanmaa,2022,guj,Gujarati,20
Pirkanmaa,2022,heb,Hebrew,27
Pirkanmaa,2022,hin,Hindi,176
Pirkanmaa,2022,hrv,Croatian,22
Pirkanmaa,2022,hun,Hungarian,212
Pirkanmaa,2022,hye,Armenian,31
Pirkanmaa,2022,ibo,Igbo,63
Pirkanmaa,2022,ind,Indonesian,64
Pirkanmaa,2022,ita,Italian,207
Pirkanmaa,2022,jpn,Japanese,86
Pirkanmaa,2022,kan,Kannada,38
Pirkanmaa,2022,kat,Georgian,27
Pirkanmaa,2022,kaz,Kazakh,14
Pirkanmaa,2022,khk,Mongolian,15
Pirkanmaa,2022,khm,Central Khmer,14
Pirkanmaa,2022,kin,Kinyarwanda,59
Pirkanmaa,2022,kir,Kirghiz,11
Pirkanmaa,2022,kor,Korean,66
Pirkanmaa,2022,lin,Lingala,29
Pirkanmaa,2022,lit,Lithuanian,100
Pirkanmaa,2022,lug,Ganda,12
Pirkanmaa,2022,lvs,Latvian,182
Pirkanmaa,2022,mal,Malayalam,98
Pirkanmaa,2022,mar,Marathi,60
Pirkanmaa,2022,mkd,Macedonian,33
Pirkanmaa,2022,mya,Burmese,10
Pirkanmaa,2022,nld,Dutch,104
Pirkanmaa,2022,nor,Norwegian,31
Pirkanmaa,2022,npi,Nepali,289
Pirkanmaa,2022,oss,"Ossetian, Ossetic",13
Pirkanmaa,2022,pan,Panjabi,95
Pirkanmaa,2022,pes,"Persian, Farsi",2395
Pirkanmaa,2022,pol,Polish,419
Pirkanmaa,2022,por,Portuguese,326
Pirkanmaa,2022,pst,Pushto,303
Pirkanmaa,2022,ron,Romanian,214
Pirkanmaa,2022,rus,Russian,5042
Pirkanmaa,2022,sin,Sinhala,161
Pirkanmaa,2022,slk,Slovak,31
Pirkanmaa,2022,sme,Sami,19
Pirkanmaa,2022,som,Somali,634
Pirkanmaa,2022,spa,Spanish,780
Pirkanmaa,2022,srp,Serbian,110
Pirkanmaa,2022,swe,Swedish,2027
Pirkanmaa,2022,swh,Swahili,237
Pirkanmaa,2022,tam,Tamil,183
Pirkanmaa,2022,tel,Telugu,137
Pirkanmaa,2022,tgl,Tagalog,515
Pirkanmaa,2022,tha,Thai,836
Pirkanmaa,2022,tir,Tigrinya,25
Pirkanmaa,2022,tuk,Turkmen,46
Pirkanmaa,2022,tur,Turkish,828
Pirkanmaa,2022,ukr,Ukrainian,439
Pirkanmaa,2022,urd,Urdu,432
Pirkanmaa,2022,uzn,Uzbek,55
Pirkanmaa,2022,vie,Vietnamese,741
Pirkanmaa,2022,wol,Wolof,25
Pirkanmaa,2022,yor,Yoruba,108
Pirkanmaa,2022,zlm,Malay,13
Pirkanmaa,2023,afr,Afrikaans,15
Pirkanmaa,2023,aka,Akan,49
Pirkanmaa,2023,als,Albanian,654
Pirkanmaa,2023,amh,Amharic,89
Pirkanmaa,2023,arb,Arabic,3020
Pirkanmaa,2023,azj,Azerbaijani,56
Pirkanmaa,2023,bel,Belarusian,20
Pirkanmaa,2023,ben,"Bengali, (Bangla)",637
Pirkanmaa,2023,bos,Bosnian,241
Pirkanmaa,2023,bul,Bulgarian,154
Pirkanmaa,2023,ces,Czech,70
Pirkanmaa,2023,che,Chechen,76
Pirkanmaa,2023,ckb,Kurdish,952
Pirkanmaa,2023,cmn,Chinese,1237
Pirkanmaa,2023,dan,Danish,31
Pirkanmaa,2023,deu,German,569
Pirkanmaa,2023,ekk,Estonian,2281
Pirkanmaa,2023,ell,Greek (modern),106
Pirkanmaa,2023,eng,English,2728
Pirkanmaa,2023,ewe,Ewe,11
Pirkanmaa,2023,fin,Finnish,500727
Pirkanmaa,2023,fra,French,374
Pirkanmaa,2023,fuc,"Fula, Fulah, Pulaar, Pular",13
Pirkanmaa,2023,guj,Gujarati,58
Pirkanmaa,2023,hau,Hausa,11
Pirkanmaa,2023,heb,Hebrew,25
Pirkanmaa,2023,hin,Hindi,238
Pirkanmaa,2023,hrv,Croatian,25
Pirkanmaa,2023,hun,Hungarian,239
Pirkanmaa,2023,hye,Armenian,31
Pirkanmaa,2023,ibo,Igbo,84
Pirkanmaa,2023,ind,Indonesian,68
Pirkanmaa,2023,ita,Italian,204
Pirkanmaa,2023,jpn,Japanese,90
Pirkanmaa,2023,kan,Kannada,46
Pirkanmaa,2023,kat,Georgian,29
Pirkanmaa,2023,kaz,Kazakh,24
Pirkanmaa,2023,khk,Mongolian,17
Pirkanmaa,2023,khm,Central Khmer,14
Pirkanmaa,2023,kin,Kinyarwanda,69
Pirkanmaa,2023,kir,Kirghiz,10
Pirkanmaa,2023,kor,Korean,67
Pirkanmaa,2023,lin,Lingala,35
Pirkanmaa,2023,lit,Lithuanian,102
Pirkanmaa,2023,lug,Ganda,12
Pirkanmaa,2023,lvs,Latvian,187
Pirkanmaa,2023,mal,Malayalam,109
Pirkanmaa,2023,mar,Marathi,69
Pirkanmaa,2023,mkd,Macedonian,36
Pirkanmaa,2023,mya,Burmese,14
Pirkanmaa,2023,nld,Dutch,103
Pirkanmaa,2023,nor,Norwegian,31
Pirkanmaa,2023,npi,Nepali,349
Pirkanmaa,2023,oss,"Ossetian, Ossetic",13
Pirkanmaa,2023,pan,Panjabi,122
Pirkanmaa,2023,pes,"Persian, Farsi",2642
Pirkanmaa,2023,pol,Polish,439
Pirkanmaa,2023,por,Portuguese,331
Pirkanmaa,2023,pst,Pushto,333
Pirkanmaa,2023,ron,Romanian,224
Pirkanmaa,2023,rus,Russian,5384
Pirkanmaa,2023,sin,Sinhala,573
Pirkanmaa,2023,slk,Slovak,32
Pirkanmaa,2023,sme,Sami,17
Pirkanmaa,2023,snd,Sindhi,16
Pirkanmaa,2023,som,Somali,632
Pirkanmaa,2023,spa,Spanish,852
Pirkanmaa,2023,srp,Serbian,108
Pirkanmaa,2023,swe,Swedish,2100
Pirkanmaa,2023,swh,Swahili,264
Pirkanmaa,2023,tam,Tamil,214
Pirkanmaa,2023,tel,Telugu,138
Pirkanmaa,2023,tgk,Tajik,14
Pirkanmaa,2023,tgl,Tagalog,763
Pirkanmaa,2023,tha,Thai,869
Pirkanmaa,2023,tir,Tigrinya,28
Pirkanmaa,2023,tuk,Turkmen,43
Pirkanmaa,2023,tur,Turkish,973
Pirkanmaa,2023,uig,Uighur,11
Pirkanmaa,2023,ukr,Ukrainian,1569
Pirkanmaa,2023,urd,Urdu,618
Pirkanmaa,2023,uzn,Uzbek,75
Pirkanmaa,2023,vie,Vietnamese,965
Pirkanmaa,2023,wol,Wolof,27
Pirkanmaa,2023,yor,Yoruba,122
Pirkanmaa,2023,zlm,Malay,13
Pirkanmaa,2024,afr,Afrikaans,18
Pirkanmaa,2024,aka,Akan,47
Pirkanmaa,2024,als,Albanian,701
Pirkanmaa,2024,amh,Amharic,101
Pirkanmaa,2024,arb,Arabic,3087
Pirkanmaa,2024,azj,Azerbaijani,60
Pirkanmaa,2024,bel,Belarusian,22
Pirkanmaa,2024,ben,"Bengali, (Bangla)",870
Pirkanmaa,2024,bos,Bosnian,245
Pirkanmaa,2024,bul,Bulgarian,144
Pirkanmaa,2024,ces,Czech,74
Pirkanmaa,2024,che,Chechen,80
Pirkanmaa,2024,ckb,Kurdish,964
Pirkanmaa,2024,cmn,Chinese,1375
Pirkanmaa,2024,dan,Danish,33
Pirkanmaa,2024,deu,German,581
Pirkanmaa,2024,ekk,Estonian,2218
Pirkanmaa,2024,ell,Greek (modern),107
Pirkanmaa,2024,eng,English,3027
Pirkanmaa,2024,ewe,Ewe,11
Pirkanmaa,2024,fin,Finnish,502826
Pirkanmaa,2024,fra,French,390
Pirkanmaa,2024,fuc,"Fula, Fulah, Pulaar, Pular",14
Pirkanmaa,2024,guj,Gujarati,74
Pirkanmaa,2024,hau,Hausa,15
Pirkanmaa,2024,heb,Hebrew,25
Pirkanmaa,2024,hin,Hindi,306
Pirkanmaa,2024,hrv,Croatian,25
Pirkanmaa,2024,hun,Hungarian,284
Pirkanmaa,2024,hye,Armenian,35
Pirkanmaa,2024,ibo,Igbo,124
Pirkanmaa,2024,ind,Indonesian,73
Pirkanmaa,2024,ita,Italian,224
Pirkanmaa,2024,jpn,Japanese,92
Pirkanmaa,2024,kan,Kannada,52
Pirkanmaa,2024,kat,Georgian,23
Pirkanmaa,2024,kaz,Kazakh,22
Pirkanmaa,2024,khk,Mongolian,17
Pirkanmaa,2024,khm,Central Khmer,14
Pirkanmaa,2024,kin,Kinyarwanda,89
Pirkanmaa,2024,kir,Kirghiz,25
Pirkanmaa,2024,kor,Korean,69
Pirkanmaa,2024,lin,Lingala,34
Pirkanmaa,2024,lit,Lithuanian,122
Pirkanmaa,2024,lvs,Latvian,209
Pirkanmaa,2024,mal,Malayalam,147
Pirkanmaa,2024,mar,Marathi,63
Pirkanmaa,2024,mkd,Macedonian,35
Pirkanmaa,2024,mya,Burmese,39
Pirkanmaa,2024,nld,Dutch,113
Pirkanmaa,2024,nor,Norwegian,31
Pirkanmaa,2024,npi,Nepali,494
Pirkanmaa,2024,nya,"Chichewa, Chewa, Nyanja",10
Pirkanmaa,2024,oss,"Ossetian, Ossetic",13
Pirkanmaa,2024,pan,Panjabi,144
Pirkanmaa,2024,pes,"Persian, Farsi",2860
Pirkanmaa,2024,pol,Polish,427
Pirkanmaa,2024,por,Portuguese,339
Pirkanmaa,2024,pst,Pushto,364
Pirkanmaa,2024,ron,Romanian,245
Pirkanmaa,2024,rus,Russian,5528
Pirkanmaa,2024,sin,Sinhala,836
Pirkanmaa,2024,slk,Slovak,42
Pirkanmaa,2024,sme,Sami,16
Pirkanmaa,2024,snd,Sindhi,18
Pirkanmaa,2024,som,Somali,687
Pirkanmaa,2024,spa,Spanish,903
Pirkanmaa,2024,srp,Serbian,102
Pirkanmaa,2024,swe,Swedish,2171
Pirkanmaa,2024,swh,Swahili,289
Pirkanmaa,2024,tam,Tamil,235
Pirkanmaa,2024,tel,Telugu,136
Pirkanmaa,2024,tgk,Tajik,13
Pirkanmaa,2024,tgl,Tagalog,916
Pirkanmaa,2024,tha,Thai,900
Pirkanmaa,2024,tir,Tigrinya,29
Pirkanmaa,2024,tuk,Turkmen,44
Pirkanmaa,2024,tur,Turkish,1059
Pirkanmaa,2024,uig,Uighur,11
Pirkanmaa,2024,ukr,Ukrainian,2363
Pirkanmaa,2024,urd,Urdu,786
Pirkanmaa,2024,uzn,Uzbek,88
Pirkanmaa,2024,vie,Vietnamese,1271
Pirkanmaa,2024,wol,Wolof,28
Pirkanmaa,2024,yor,Yoruba,186
Pirkanmaa,2024,zlm,Malay,15
Pirkanmaa,2025,afr,Afrikaans,26
Pirkanmaa,2025,aka,Akan,49
Pirkanmaa,2025,als,Albanian,716
Pirkanmaa,2025,amh,Amharic,98
Pirkanmaa,2025,arb,Arabic,3147
Pirkanmaa,2025,azj,Azerbaijani,60
Pirkanmaa,2025,bel,Belarusian,17
Pirkanmaa,2025,ben,"Bengali, (Bangla)",999
Pirkanmaa,2025,bos,Bosnian,242
Pirkanmaa,2025,bul,Bulgarian,149
Pirkanmaa,2025,ces,Czech,78
Pirkanmaa,2025,che,Chechen,82
Pirkanmaa,2025,ckb,Kurdish,997
Pirkanmaa,2025,cmn,Chinese,1407
Pirkanmaa,2025,dan,Danish,28
Pirkanmaa,2025,deu,German,597
Pirkanmaa,2025,ekk,Estonian,2167
Pirkanmaa,2025,ell,Greek (modern),108
Pirkanmaa,2025,eng,English,3176
Pirkanmaa,2025,ewe,Ewe,12
Pirkanmaa,2025,fin,Finnish,503913
Pirkanmaa,2025,fra,French,379
Pirkanmaa,2025,fuc,"Fula, Fulah, Pulaar, Pular",16
Pirkanmaa,2025,guj,Gujarati,75
Pirkanmaa,2025,hae,Oromo,12
Pirkanmaa,2025,hau,Hausa,18
Pirkanmaa,2025,heb,Hebrew,26
Pirkanmaa,2025,hin,Hindi,332
Pirkanmaa,2025,hrv,Croatian,30
Pirkanmaa,2025,hun,Hungarian,278
Pirkanmaa,2025,hye,Armenian,32
Pirkanmaa,2025,ibo,Igbo,127
Pirkanmaa,2025,ind,Indonesian,75
Pirkanmaa,2025,ita,Italian,239
Pirkanmaa,2025,jpn,Japanese,98
Pirkanmaa,2025,kan,Kannada,46
Pirkanmaa,2025,kas,Kashmiri,11
Pirkanmaa,2025,kat,Georgian,18
Pirkanmaa,2025,kaz,Kazakh,24
Pirkanmaa,2025,khk,Mongolian,16
Pirkanmaa,2025,khm,Central Khmer,14
Pirkanmaa,2025,kin,Kinyarwanda,92
Pirkanmaa,2025,kir,Kirghiz,24
Pirkanmaa,2025,kor,Korean,73
Pirkanmaa,2025,lin,Lingala,33
Pirkanmaa,2025,lit,Lithuanian,126
Pirkanmaa,2025,lug,Ganda,13
Pirkanmaa,2025,lvs,Latvian,216
Pirkanmaa,2025,mal,Malayalam,211
Pirkanmaa,2025,mar,Marathi,67
Pirkanmaa,2025,mkd,Macedonian,35
Pirkanmaa,2025,mya,Burmese,76
Pirkanmaa,2025,nld,Dutch,113
Pirkanmaa,2025,nor,Norwegian,31
Pirkanmaa,2025,npi,Nepali,533
Pirkanmaa,2025,oss,"Ossetian, Ossetic",13
Pirkanmaa,2025,pan,Panjabi,155
Pirkanmaa,2025,pes,"Persian, Farsi",3007
Pirkanmaa,2025,pol,Polish,417
Pirkanmaa,2025,por,Portuguese,348
Pirkanmaa,2025,pst,Pushto,392
Pirkanmaa,2025,ron,Romanian,236
Pirkanmaa,2025,rus,Russian,5546
Pirkanmaa,2025,sin,Sinhala,1023
Pirkanmaa,2025,slk,Slovak,45
Pirkanmaa,2025,sme,Sami,14
Pirkanmaa,2025,snd,Sindhi,16
Pirkanmaa,2025,som,Somali,709
Pirkanmaa,2025,spa,Spanish,900
Pirkanmaa,2025,srp,Serbian,102
Pirkanmaa,2025,swe,Swedish,2114
Pirkanmaa,2025,swh,Swahili,318
Pirkanmaa,2025,tam,Tamil,243
Pirkanmaa,2025,tel,Telugu,140
Pirkanmaa,2025,tgk,Tajik,14
Pirkanmaa,2025,tgl,Tagalog,979
Pirkanmaa,2025,tha,Thai,930
Pirkanmaa,2025,tir,Tigrinya,30
Pirkanmaa,2025,tuk,Turkmen,43
Pirkanmaa,2025,tur,Turkish,1172
Pirkanmaa,2025,ukr,Ukrainian,2766
Pirkanmaa,2025,urd,Urdu,885
Pirkanmaa,2025,uzn,Uzbek,108
Pirkanmaa,2025,vie,Vietnamese,1561
Pirkanmaa,2025,wol,Wolof,30
Pirkanmaa,2025,yor,Yoruba,190
Pirkanmaa,2025,zlm,Malay,14
Päijät-Häme,1990,arb,Arabic,15
Päijät-Häme,1990,ces,Czech,11
Päijät-Häme,1990,ckb,Kurdish,41
Päijät-Häme,1990,dan,Danish,11
Päijät-Häme,1990,deu,German,84
Päijät-Häme,1990,ekk,Estonian,36
Päijät-Häme,1990,eng,English,97
Päijät-Häme,1990,fin,Finnish,203650
Päijät-Häme,1990,fra,French,14
Päijät-Häme,1990,hun,Hungarian,11
Päijät-Häme,1990,pol,Polish,14
Päijät-Häme,1990,rus,Russian,81
Päijät-Häme,1990,spa,Spanish,10
Päijät-Häme,1990,swe,Swedish,536
Päijät-Häme,1990,tur,Turkish,18
Päijät-Häme,1991,arb,Arabic,23
Päijät-Häme,1991,bul,Bulgarian,16
Päijät-Häme,1991,ces,Czech,11
Päijät-Häme,1991,ckb,Kurdish,42
Päijät-Häme,1991,dan,Danish,12
Päijät-Häme,1991,deu,German,85
Päijät-Häme,1991,ekk,Estonian,166
Päijät-Häme,1991,eng,English,106
Päijät-Häme,1991,fin,Finnish,203917
Päijät-Häme,1991,fra,French,14
Päijät-Häme,1991,hun,Hungarian,13
Päijät-Häme,1991,pol,Polish,16
Päijät-Häme,1991,rus,Russian,228
Päijät-Häme,1991,som,Somali,84
Päijät-Häme,1991,spa,Spanish,13
Päijät-Häme,1991,swe,Swedish,530
Päijät-Häme,1991,tur,Turkish,30
Päijät-Häme,1992,arb,Arabic,29
Päijät-Häme,1992,bul,Bulgarian,16
Päijät-Häme,1992,ckb,Kurdish,51
Päijät-Häme,1992,deu,German,82
Päijät-Häme,1992,ekk,Estonian,257
Päijät-Häme,1992,eng,English,114
Päijät-Häme,1992,fin,Finnish,204156
Päijät-Häme,1992,fra,French,15
Päijät-Häme,1992,hun,Hungarian,12
Päijät-Häme,1992,ita,Italian,10
Päijät-Häme,1992,nor,Norwegian,13
Päijät-Häme,1992,pol,Polish,16
Päijät-Häme,1992,rus,Russian,411
Päijät-Häme,1992,som,Somali,30
Päijät-Häme,1992,spa,Spanish,19
Päijät-Häme,1992,swe,Swedish,544
Päijät-Häme,1992,tha,Thai,11
Päijät-Häme,1992,tur,Turkish,38
Päijät-Häme,1993,als,Albanian,44
Päijät-Häme,1993,arb,Arabic,29
Päijät-Häme,1993,bul,Bulgarian,17
Päijät-Häme,1993,ckb,Kurdish,78
Päijät-Häme,1993,deu,German,83
Päijät-Häme,1993,ekk,Estonian,296
Päijät-Häme,1993,eng,English,116
Päijät-Häme,1993,fin,Finnish,204029
Päijät-Häme,1993,fra,French,15
Päijät-Häme,1993,hun,Hungarian,12
Päijät-Häme,1993,ita,Italian,12
Päijät-Häme,1993,nor,Norwegian,13
Päijät-Häme,1993,pol,Polish,14
Päijät-Häme,1993,por,Portuguese,12
Päijät-Häme,1993,rus,Russian,516
Päijät-Häme,1993,som,Somali,29
Päijät-Häme,1993,spa,Spanish,20
Päijät-Häme,1993,swe,Swedish,536
Päijät-Häme,1993,tha,Thai,17
Päijät-Häme,1993,tur,Turkish,45
Päijät-Häme,1994,als,Albanian,57
Päijät-Häme,1994,arb,Arabic,27
Päijät-Häme,1994,bul,Bulgarian,17
Päijät-Häme,1994,ckb,Kurdish,83
Päijät-Häme,1994,deu,German,90
Päijät-Häme,1994,ekk,Estonian,327
Päijät-Häme,1994,ell,Greek (modern),10
Päijät-Häme,1994,eng,English,116
Päijät-Häme,1994,fin,Finnish,203791
Päijät-Häme,1994,fra,French,16
Päijät-Häme,1994,hun,Hungarian,13
Päijät-Häme,1994,nor,Norwegian,12
Päijät-Häme,1994,pol,Polish,13
Päijät-Häme,1994,por,Portuguese,13
Päijät-Häme,1994,rus,Russian,605
Päijät-Häme,1994,som,Somali,28
Päijät-Häme,1994,spa,Spanish,18
Päijät-Häme,1994,swe,Swedish,523
Päijät-Häme,1994,tha,Thai,19
Päijät-Häme,1994,tur,Turkish,53
Päijät-Häme,1995,als,Albanian,57
Päijät-Häme,1995,arb,Arabic,47
Päijät-Häme,1995,bul,Bulgarian,18
Päijät-Häme,1995,ckb,Kurdish,115
Päijät-Häme,1995,deu,German,99
Päijät-Häme,1995,ekk,Estonian,351
Päijät-Häme,1995,ell,Greek (modern),10
Päijät-Häme,1995,eng,English,117
Päijät-Häme,1995,fin,Finnish,203396
Päijät-Häme,1995,fra,French,20
Päijät-Häme,1995,hun,Hungarian,12
Päijät-Häme,1995,ita,Italian,10
Päijät-Häme,1995,nor,Norwegian,11
Päijät-Häme,1995,pol,Polish,11
Päijät-Häme,1995,por,Portuguese,15
Päijät-Häme,1995,rus,Russian,689
Päijät-Häme,1995,som,Somali,28
Päijät-Häme,1995,spa,Spanish,15
Päijät-Häme,1995,swe,Swedish,529
Päijät-Häme,1995,tha,Thai,22
Päijät-Häme,1995,tur,Turkish,60
Päijät-Häme,1996,als,Albanian,63
Päijät-Häme,1996,arb,Arabic,85
Päijät-Häme,1996,bul,Bulgarian,16
Päijät-Häme,1996,ckb,Kurdish,129
Päijät-Häme,1996,deu,German,107
Päijät-Häme,1996,ekk,Estonian,355
Päijät-Häme,1996,ell,Greek (modern),10
Päijät-Häme,1996,eng,English,124
Päijät-Häme,1996,fin,Finnish,202592
Päijät-Häme,1996,fra,French,17
Päijät-Häme,1996,hun,Hungarian,12
Päijät-Häme,1996,ita,Italian,13
Päijät-Häme,1996,nor,Norwegian,10
Päijät-Häme,1996,pan,Panjabi,10
Päijät-Häme,1996,pol,Polish,11
Päijät-Häme,1996,por,Portuguese,11
Päijät-Häme,1996,rus,Russian,799
Päijät-Häme,1996,som,Somali,19
Päijät-Häme,1996,spa,Spanish,16
Päijät-Häme,1996,srp,Serbian,15
Päijät-Häme,1996,swe,Swedish,545
Päijät-Häme,1996,tha,Thai,20
Päijät-Häme,1996,tur,Turkish,65
Päijät-Häme,1997,als,Albanian,63
Päijät-Häme,1997,arb,Arabic,126
Päijät-Häme,1997,bul,Bulgarian,16
Päijät-Häme,1997,ckb,Kurdish,153
Päijät-Häme,1997,cmn,Chinese,11
Päijät-Häme,1997,deu,German,126
Päijät-Häme,1997,ekk,Estonian,354
Päijät-Häme,1997,ell,Greek (modern),11
Päijät-Häme,1997,eng,English,132
Päijät-Häme,1997,fin,Finnish,202245
Päijät-Häme,1997,fra,French,17
Päijät-Häme,1997,hun,Hungarian,12
Päijät-Häme,1997,ita,Italian,13
Päijät-Häme,1997,nor,Norwegian,14
Päijät-Häme,1997,pan,Panjabi,11
Päijät-Häme,1997,pol,Polish,13
Päijät-Häme,1997,por,Portuguese,10
Päijät-Häme,1997,rus,Russian,986
Päijät-Häme,1997,som,Somali,25
Päijät-Häme,1997,spa,Spanish,19
Päijät-Häme,1997,srp,Serbian,17
Päijät-Häme,1997,swe,Swedish,534
Päijät-Häme,1997,tha,Thai,24
Päijät-Häme,1997,tur,Turkish,71
Päijät-Häme,1998,als,Albanian,62
Päijät-Häme,1998,arb,Arabic,136
Päijät-Häme,1998,bul,Bulgarian,16
Päijät-Häme,1998,ckb,Kurdish,182
Päijät-Häme,1998,cmn,Chinese,12
Päijät-Häme,1998,dan,Danish,10
Päijät-Häme,1998,deu,German,134
Päijät-Häme,1998,ekk,Estonian,350
Päijät-Häme,1998,ell,Greek (modern),11
Päijät-Häme,1998,eng,English,138
Päijät-Häme,1998,fin,Finnish,201650
Päijät-Häme,1998,fra,French,17
Päijät-Häme,1998,hun,Hungarian,14
Päijät-Häme,1998,ita,Italian,17
Päijät-Häme,1998,nor,Norwegian,15
Päijät-Häme,1998,pol,Polish,13
Päijät-Häme,1998,rus,Russian,1175
Päijät-Häme,1998,som,Somali,19
Päijät-Häme,1998,spa,Spanish,24
Päijät-Häme,1998,srp,Serbian,24
Päijät-Häme,1998,swe,Swedish,536
Päijät-Häme,1998,tha,Thai,30
Päijät-Häme,1998,tur,Turkish,85
Päijät-Häme,1999,als,Albanian,60
Päijät-Häme,1999,arb,Arabic,136
Päijät-Häme,1999,bul,Bulgarian,17
Päijät-Häme,1999,ckb,Kurdish,214
Päijät-Häme,1999,cmn,Chinese,13
Päijät-Häme,1999,deu,German,123
Päijät-Häme,1999,ekk,Estonian,376
Päijät-Häme,1999,ell,Greek (modern),13
Päijät-Häme,1999,eng,English,140
Päijät-Häme,1999,fin,Finnish,201201
Päijät-Häme,1999,fra,French,15
Päijät-Häme,1999,hun,Hungarian,13
Päijät-Häme,1999,ita,Italian,17
Päijät-Häme,1999,nor,Norwegian,15
Päijät-Häme,1999,pol,Polish,17
Päijät-Häme,1999,rus,Russian,1336
Päijät-Häme,1999,som,Somali,20
Päijät-Häme,1999,spa,Spanish,29
Päijät-Häme,1999,srp,Serbian,24
Päijät-Häme,1999,swe,Swedish,532
Päijät-Häme,1999,tha,Thai,34
Päijät-Häme,1999,tur,Turkish,94
Päijät-Häme,2000,als,Albanian,53
Päijät-Häme,2000,arb,Arabic,143
Päijät-Häme,2000,bul,Bulgarian,19
Päijät-Häme,2000,ckb,Kurdish,228
Päijät-Häme,2000,cmn,Chinese,15
Päijät-Häme,2000,deu,German,135
Päijät-Häme,2000,ekk,Estonian,390
Päijät-Häme,2000,ell,Greek (modern),11
Päijät-Häme,2000,eng,English,147
Päijät-Häme,2000,fin,Finnish,201048
Päijät-Häme,2000,fra,French,17
Päijät-Häme,2000,hun,Hungarian,13
Päijät-Häme,2000,ita,Italian,12
Päijät-Häme,2000,nor,Norwegian,19
Päijät-Häme,2000,pes,"Persian, Farsi",12
Päijät-Häme,2000,pol,Polish,17
Päijät-Häme,2000,por,Portuguese,12
Päijät-Häme,2000,rus,Russian,1526
Päijät-Häme,2000,som,Somali,16
Päijät-Häme,2000,spa,Spanish,30
Päijät-Häme,2000,srp,Serbian,25
Päijät-Häme,2000,swe,Swedish,501
Päijät-Häme,2000,tha,Thai,37
Päijät-Häme,2000,tur,Turkish,92
Päijät-Häme,2001,als,Albanian,56
Päijät-Häme,2001,arb,Arabic,146
Päijät-Häme,2001,bul,Bulgarian,23
Päijät-Häme,2001,ckb,Kurdish,230
Päijät-Häme,2001,cmn,Chinese,21
Päijät-Häme,2001,deu,German,133
Päijät-Häme,2001,ekk,Estonian,405
Päijät-Häme,2001,ell,Greek (modern),12
Päijät-Häme,2001,eng,English,154
Päijät-Häme,2001,fin,Finnish,200977
Päijät-Häme,2001,fra,French,16
Päijät-Häme,2001,hun,Hungarian,17
Päijät-Häme,2001,ita,Italian,11
Päijät-Häme,2001,jpn,Japanese,11
Päijät-Häme,2001,nor,Norwegian,19
Päijät-Häme,2001,pes,"Persian, Farsi",10
Päijät-Häme,2001,pol,Polish,18
Päijät-Häme,2001,por,Portuguese,12
Päijät-Häme,2001,rus,Russian,1671
Päijät-Häme,2001,som,Somali,14
Päijät-Häme,2001,spa,Spanish,36
Päijät-Häme,2001,srp,Serbian,27
Päijät-Häme,2001,swe,Swedish,506
Päijät-Häme,2001,tha,Thai,50
Päijät-Häme,2001,tur,Turkish,103
Päijät-Häme,2001,ukr,Ukrainian,12
Päijät-Häme,2002,als,Albanian,67
Päijät-Häme,2002,arb,Arabic,144
Päijät-Häme,2002,bos,Bosnian,19
Päijät-Häme,2002,bul,Bulgarian,24
Päijät-Häme,2002,ckb,Kurdish,268
Päijät-Häme,2002,cmn,Chinese,17
Päijät-Häme,2002,deu,German,135
Päijät-Häme,2002,ekk,Estonian,418
Päijät-Häme,2002,ell,Greek (modern),12
Päijät-Häme,2002,eng,English,166
Päijät-Häme,2002,fin,Finnish,201092
Päijät-Häme,2002,fra,French,17
Päijät-Häme,2002,hun,Hungarian,21
Päijät-Häme,2002,ita,Italian,10
Päijät-Häme,2002,jpn,Japanese,10
Päijät-Häme,2002,nld,Dutch,10
Päijät-Häme,2002,nor,Norwegian,13
Päijät-Häme,2002,pan,Panjabi,11
Päijät-Häme,2002,pes,"Persian, Farsi",15
Päijät-Häme,2002,pol,Polish,21
Päijät-Häme,2002,por,Portuguese,14
Päijät-Häme,2002,rus,Russian,1812
Päijät-Häme,2002,som,Somali,13
Päijät-Häme,2002,spa,Spanish,39
Päijät-Häme,2002,swe,Swedish,540
Päijät-Häme,2002,tha,Thai,53
Päijät-Häme,2002,tur,Turkish,94
Päijät-Häme,2002,ukr,Ukrainian,12
Päijät-Häme,2003,als,Albanian,73
Päijät-Häme,2003,arb,Arabic,153
Päijät-Häme,2003,bos,Bosnian,19
Päijät-Häme,2003,bul,Bulgarian,24
Päijät-Häme,2003,ckb,Kurdish,266
Päijät-Häme,2003,cmn,Chinese,21
Päijät-Häme,2003,dan,Danish,10
Päijät-Häme,2003,deu,German,129
Päijät-Häme,2003,ekk,Estonian,433
Päijät-Häme,2003,ell,Greek (modern),11
Päijät-Häme,2003,eng,English,165
Päijät-Häme,2003,fin,Finnish,201194
Päijät-Häme,2003,fra,French,22
Päijät-Häme,2003,hun,Hungarian,19
Päijät-Häme,2003,ita,Italian,14
Päijät-Häme,2003,nld,Dutch,11
Päijät-Häme,2003,nor,Norwegian,15
Päijät-Häme,2003,pan,Panjabi,14
Päijät-Häme,2003,pes,"Persian, Farsi",13
Päijät-Häme,2003,pol,Polish,20
Päijät-Häme,2003,por,Portuguese,16
Päijät-Häme,2003,rus,Russian,1867
Päijät-Häme,2003,som,Somali,12
Päijät-Häme,2003,spa,Spanish,39
Päijät-Häme,2003,swe,Swedish,563
Päijät-Häme,2003,tha,Thai,73
Päijät-Häme,2003,tur,Turkish,93
Päijät-Häme,2003,ukr,Ukrainian,15
Päijät-Häme,2004,als,Albanian,72
Päijät-Häme,2004,arb,Arabic,178
Päijät-Häme,2004,bos,Bosnian,19
Päijät-Häme,2004,bul,Bulgarian,21
Päijät-Häme,2004,ckb,Kurdish,300
Päijät-Häme,2004,cmn,Chinese,18
Päijät-Häme,2004,deu,German,128
Päijät-Häme,2004,ekk,Estonian,519
Päijät-Häme,2004,ell,Greek (modern),12
Päijät-Häme,2004,eng,English,194
Päijät-Häme,2004,fin,Finnish,201165
Päijät-Häme,2004,fra,French,25
Päijät-Häme,2004,hun,Hungarian,18
Päijät-Häme,2004,ita,Italian,17
Päijät-Häme,2004,nld,Dutch,11
Päijät-Häme,2004,nor,Norwegian,17
Päijät-Häme,2004,pan,Panjabi,14
Päijät-Häme,2004,pes,"Persian, Farsi",12
Päijät-Häme,2004,pol,Polish,23
Päijät-Häme,2004,por,Portuguese,18
Päijät-Häme,2004,rus,Russian,1937
Päijät-Häme,2004,som,Somali,12
Päijät-Häme,2004,spa,Spanish,41
Päijät-Häme,2004,swe,Swedish,565
Päijät-Häme,2004,tha,Thai,101
Päijät-Häme,2004,tur,Turkish,114
Päijät-Häme,2004,ukr,Ukrainian,14
Päijät-Häme,2004,vie,Vietnamese,24
Päijät-Häme,2005,als,Albanian,67
Päijät-Häme,2005,arb,Arabic,191
Päijät-Häme,2005,bos,Bosnian,18
Päijät-Häme,2005,bul,Bulgarian,23
Päijät-Häme,2005,ckb,Kurdish,305
Päijät-Häme,2005,cmn,Chinese,26
Päijät-Häme,2005,deu,German,132
Päijät-Häme,2005,ekk,Estonian,585
Päijät-Häme,2005,ell,Greek (modern),12
Päijät-Häme,2005,eng,English,199
Päijät-Häme,2005,fin,Finnish,201103
Päijät-Häme,2005,fra,French,26
Päijät-Häme,2005,hun,Hungarian,18
Päijät-Häme,2005,ita,Italian,22
Päijät-Häme,2005,nld,Dutch,15
Päijät-Häme,2005,nor,Norwegian,19
Päijät-Häme,2005,pan,Panjabi,18
Päijät-Häme,2005,pes,"Persian, Farsi",10
Päijät-Häme,2005,pol,Polish,23
Päijät-Häme,2005,por,Portuguese,22
Päijät-Häme,2005,rus,Russian,2023
Päijät-Häme,2005,som,Somali,13
Päijät-Häme,2005,spa,Spanish,45
Päijät-Häme,2005,swe,Swedish,590
Päijät-Häme,2005,tha,Thai,130
Päijät-Häme,2005,tur,Turkish,122
Päijät-Häme,2005,ukr,Ukrainian,16
Päijät-Häme,2005,vie,Vietnamese,11
Päijät-Häme,2006,als,Albanian,67
Päijät-Häme,2006,arb,Arabic,206
Päijät-Häme,2006,bos,Bosnian,18
Päijät-Häme,2006,bul,Bulgarian,21
Päijät-Häme,2006,ckb,Kurdish,311
Päijät-Häme,2006,cmn,Chinese,39
Päijät-Häme,2006,deu,German,136
Päijät-Häme,2006,ekk,Estonian,662
Päijät-Häme,2006,ell,Greek (modern),14
Päijät-Häme,2006,eng,English,199
Päijät-Häme,2006,fin,Finnish,201050
Päijät-Häme,2006,fra,French,27
Päijät-Häme,2006,hun,Hungarian,20
Päijät-Häme,2006,ita,Italian,22
Päijät-Häme,2006,nld,Dutch,14
Päijät-Häme,2006,nor,Norwegian,19
Päijät-Häme,2006,pan,Panjabi,19
Päijät-Häme,2006,pes,"Persian, Farsi",16
Päijät-Häme,2006,pol,Polish,34
Päijät-Häme,2006,por,Portuguese,27
Päijät-Häme,2006,rus,Russian,2103
Päijät-Häme,2006,som,Somali,12
Päijät-Häme,2006,spa,Spanish,59
Päijät-Häme,2006,swe,Swedish,592
Päijät-Häme,2006,tha,Thai,149
Päijät-Häme,2006,tur,Turkish,123
Päijät-Häme,2006,ukr,Ukrainian,15
Päijät-Häme,2006,vie,Vietnamese,13
Päijät-Häme,2007,als,Albanian,72
Päijät-Häme,2007,arb,Arabic,217
Päijät-Häme,2007,bos,Bosnian,19
Päijät-Häme,2007,bul,Bulgarian,21
Päijät-Häme,2007,ckb,Kurdish,342
Päijät-Häme,2007,cmn,Chinese,35
Päijät-Häme,2007,deu,German,145
Päijät-Häme,2007,ekk,Estonian,727
Päijät-Häme,2007,ell,Greek (modern),15
Päijät-Häme,2007,eng,English,215
Päijät-Häme,2007,fin,Finnish,201479
Päijät-Häme,2007,fra,French,28
Päijät-Häme,2007,hun,Hungarian,22
Päijät-Häme,2007,ita,Italian,24
Päijät-Häme,2007,jpn,Japanese,10
Päijät-Häme,2007,lit,Lithuanian,11
Päijät-Häme,2007,nld,Dutch,16
Päijät-Häme,2007,nor,Norwegian,23
Päijät-Häme,2007,pan,Panjabi,21
Päijät-Häme,2007,pes,"Persian, Farsi",18
Päijät-Häme,2007,pol,Polish,47
Päijät-Häme,2007,por,Portuguese,27
Päijät-Häme,2007,ron,Romanian,10
Päijät-Häme,2007,rus,Russian,2194
Päijät-Häme,2007,spa,Spanish,59
Päijät-Häme,2007,swe,Swedish,599
Päijät-Häme,2007,tha,Thai,194
Päijät-Häme,2007,tur,Turkish,137
Päijät-Häme,2007,ukr,Ukrainian,18
Päijät-Häme,2007,vie,Vietnamese,12
Päijät-Häme,2008,als,Albanian,82
Päijät-Häme,2008,arb,Arabic,249
Päijät-Häme,2008,bos,Bosnian,20
Päijät-Häme,2008,bul,Bulgarian,20
Päijät-Häme,2008,che,Chechen,10
Päijät-Häme,2008,ckb,Kurdish,385
Päijät-Häme,2008,cmn,Chinese,52
Päijät-Häme,2008,deu,German,150
Päijät-Häme,2008,ekk,Estonian,818
Päijät-Häme,2008,ell,Greek (modern),17
Päijät-Häme,2008,eng,English,214
Päijät-Häme,2008,fin,Finnish,201683
Päijät-Häme,2008,fra,French,26
Päijät-Häme,2008,hun,Hungarian,27
Päijät-Häme,2008,ita,Italian,20
Päijät-Häme,2008,jpn,Japanese,11
Päijät-Häme,2008,lit,Lithuanian,14
Päijät-Häme,2008,nld,Dutch,13
Päijät-Häme,2008,nor,Norwegian,23
Päijät-Häme,2008,pan,Panjabi,19
Päijät-Häme,2008,pes,"Persian, Farsi",15
Päijät-Häme,2008,pol,Polish,52
Päijät-Häme,2008,por,Portuguese,28
Päijät-Häme,2008,ron,Romanian,10
Päijät-Häme,2008,rus,Russian,2353
Päijät-Häme,2008,spa,Spanish,86
Päijät-Häme,2008,swe,Swedish,609
Päijät-Häme,2008,tgl,Tagalog,10
Päijät-Häme,2008,tha,Thai,204
Päijät-Häme,2008,tur,Turkish,145
Päijät-Häme,2008,ukr,Ukrainian,18
Päijät-Häme,2008,vie,Vietnamese,17
Päijät-Häme,2009,als,Albanian,91
Päijät-Häme,2009,arb,Arabic,282
Päijät-Häme,2009,bos,Bosnian,20
Päijät-Häme,2009,bul,Bulgarian,20
Päijät-Häme,2009,ckb,Kurdish,428
Päijät-Häme,2009,cmn,Chinese,73
Päijät-Häme,2009,deu,German,156
Päijät-Häme,2009,ekk,Estonian,924
Päijät-Häme,2009,ell,Greek (modern),18
Päijät-Häme,2009,eng,English,237
Päijät-Häme,2009,fin,Finnish,201580
Päijät-Häme,2009,fra,French,28
Päijät-Häme,2009,hun,Hungarian,33
Päijät-Häme,2009,ita,Italian,20
Päijät-Häme,2009,jpn,Japanese,12
Päijät-Häme,2009,lit,Lithuanian,12
Päijät-Häme,2009,nld,Dutch,14
Päijät-Häme,2009,nor,Norwegian,24
Päijät-Häme,2009,pan,Panjabi,20
Päijät-Häme,2009,pes,"Persian, Farsi",15
Päijät-Häme,2009,pol,Polish,59
Päijät-Häme,2009,por,Portuguese,32
Päijät-Häme,2009,ron,Romanian,11
Päijät-Häme,2009,rus,Russian,2488
Päijät-Häme,2009,sme,Sami,10
Päijät-Häme,2009,spa,Spanish,105
Päijät-Häme,2009,swe,Swedish,620
Päijät-Häme,2009,tgl,Tagalog,14
Päijät-Häme,2009,tha,Thai,234
Päijät-Häme,2009,tuk,Turkmen,11
Päijät-Häme,2009,tur,Turkish,170
Päijät-Häme,2009,ukr,Ukrainian,18
Päijät-Häme,2009,vie,Vietnamese,16
Päijät-Häme,2010,als,Albanian,99
Päijät-Häme,2010,arb,Arabic,308
Päijät-Häme,2010,bos,Bosnian,21
Päijät-Häme,2010,bul,Bulgarian,20
Päijät-Häme,2010,che,Chechen,11
Päijät-Häme,2010,ckb,Kurdish,475
Päijät-Häme,2010,cmn,Chinese,71
Päijät-Häme,2010,deu,German,163
Päijät-Häme,2010,ekk,Estonian,1025
Päijät-Häme,2010,ell,Greek (modern),20
Päijät-Häme,2010,eng,English,252
Päijät-Häme,2010,fin,Finnish,201543
Päijät-Häme,2010,fra,French,33
Päijät-Häme,2010,hun,Hungarian,34
Päijät-Häme,2010,ita,Italian,22
Päijät-Häme,2010,jpn,Japanese,13
Päijät-Häme,2010,lit,Lithuanian,13
Päijät-Häme,2010,nld,Dutch,15
Päijät-Häme,2010,nor,Norwegian,28
Päijät-Häme,2010,pan,Panjabi,19
Päijät-Häme,2010,pes,"Persian, Farsi",19
Päijät-Häme,2010,pol,Polish,66
Päijät-Häme,2010,por,Portuguese,37
Päijät-Häme,2010,ron,Romanian,12
Päijät-Häme,2010,rus,Russian,2623
Päijät-Häme,2010,sme,Sami,11
Päijät-Häme,2010,som,Somali,16
Päijät-Häme,2010,spa,Spanish,107
Päijät-Häme,2010,swe,Swedish,645
Päijät-Häme,2010,tgl,Tagalog,15
Päijät-Häme,2010,tha,Thai,248
Päijät-Häme,2010,tuk,Turkmen,12
Päijät-Häme,2010,tur,Turkish,170
Päijät-Häme,2010,ukr,Ukrainian,20
Päijät-Häme,2010,vie,Vietnamese,16
Päijät-Häme,2011,als,Albanian,110
Päijät-Häme,2011,arb,Arabic,320
Päijät-Häme,2011,ben,"Bengali, (Bangla)",10
Päijät-Häme,2011,bos,Bosnian,19
Päijät-Häme,2011,bul,Bulgarian,26
Päijät-Häme,2011,che,Chechen,11
Päijät-Häme,2011,ckb,Kurdish,472
Päijät-Häme,2011,cmn,Chinese,92
Päijät-Häme,2011,deu,German,157
Päijät-Häme,2011,ekk,Estonian,1148
Päijät-Häme,2011,ell,Greek (modern),22
Päijät-Häme,2011,eng,English,275
Päijät-Häme,2011,fin,Finnish,201468
Päijät-Häme,2011,fra,French,40
Päijät-Häme,2011,hun,Hungarian,35
Päijät-Häme,2011,ita,Italian,21
Päijät-Häme,2011,jpn,Japanese,10
Päijät-Häme,2011,lit,Lithuanian,16
Päijät-Häme,2011,nld,Dutch,15
Päijät-Häme,2011,nor,Norwegian,27
Päijät-Häme,2011,pan,Panjabi,22
Päijät-Häme,2011,pes,"Persian, Farsi",21
Päijät-Häme,2011,pol,Polish,74
Päijät-Häme,2011,por,Portuguese,39
Päijät-Häme,2011,ron,Romanian,11
Päijät-Häme,2011,rus,Russian,2822
Päijät-Häme,2011,sin,Sinhala,15
Päijät-Häme,2011,som,Somali,27
Päijät-Häme,2011,spa,Spanish,115
Päijät-Häme,2011,swe,Swedish,662
Päijät-Häme,2011,swh,Swahili,13
Päijät-Häme,2011,tgl,Tagalog,19
Päijät-Häme,2011,tha,Thai,260
Päijät-Häme,2011,tuk,Turkmen,11
Päijät-Häme,2011,tur,Turkish,172
Päijät-Häme,2011,ukr,Ukrainian,23
Päijät-Häme,2011,vie,Vietnamese,26
Päijät-Häme,2012,als,Albanian,112
Päijät-Häme,2012,arb,Arabic,300
Päijät-Häme,2012,bos,Bosnian,17
Päijät-Häme,2012,bul,Bulgarian,32
Päijät-Häme,2012,che,Chechen,16
Päijät-Häme,2012,ckb,Kurdish,493
Päijät-Häme,2012,cmn,Chinese,93
Päijät-Häme,2012,dan,Danish,11
Päijät-Häme,2012,deu,German,158
Päijät-Häme,2012,ekk,Estonian,1314
Päijät-Häme,2012,ell,Greek (modern),27
Päijät-Häme,2012,eng,English,293
Päijät-Häme,2012,fin,Finnish,201131
Päijät-Häme,2012,fra,French,44
Päijät-Häme,2012,hun,Hungarian,28
Päijät-Häme,2012,ita,Italian,22
Päijät-Häme,2012,jpn,Japanese,11
Päijät-Häme,2012,kin,Kinyarwanda,14
Päijät-Häme,2012,lin,Lingala,12
Päijät-Häme,2012,lit,Lithuanian,19
Päijät-Häme,2012,nld,Dutch,13
Päijät-Häme,2012,nor,Norwegian,25
Päijät-Häme,2012,pan,Panjabi,26
Päijät-Häme,2012,pes,"Persian, Farsi",40
Päijät-Häme,2012,pol,Polish,85
Päijät-Häme,2012,por,Portuguese,42
Päijät-Häme,2012,ron,Romanian,13
Päijät-Häme,2012,rus,Russian,3030
Päijät-Häme,2012,sin,Sinhala,13
Päijät-Häme,2012,sme,Sami,11
Päijät-Häme,2012,som,Somali,32
Päijät-Häme,2012,spa,Spanish,125
Päijät-Häme,2012,swe,Swedish,678
Päijät-Häme,2012,swh,Swahili,17
Päijät-Häme,2012,tgl,Tagalog,23
Päijät-Häme,2012,tha,Thai,301
Päijät-Häme,2012,tuk,Turkmen,10
Päijät-Häme,2012,tur,Turkish,191
Päijät-Häme,2012,ukr,Ukrainian,23
Päijät-Häme,2012,vie,Vietnamese,42
Päijät-Häme,2013,als,Albanian,115
Päijät-Häme,2013,arb,Arabic,319
Päijät-Häme,2013,bos,Bosnian,18
Päijät-Häme,2013,bul,Bulgarian,33
Päijät-Häme,2013,che,Chechen,19
Päijät-Häme,2013,ckb,Kurdish,516
Päijät-Häme,2013,cmn,Chinese,105
Päijät-Häme,2013,deu,German,154
Päijät-Häme,2013,ekk,Estonian,1397
Päijät-Häme,2013,ell,Greek (modern),28
Päijät-Häme,2013,eng,English,318
Päijät-Häme,2013,fin,Finnish,200626
Päijät-Häme,2013,fra,French,47
Päijät-Häme,2013,hun,Hungarian,32
Päijät-Häme,2013,ita,Italian,25
Päijät-Häme,2013,jpn,Japanese,11
Päijät-Häme,2013,kin,Kinyarwanda,17
Päijät-Häme,2013,lin,Lingala,13
Päijät-Häme,2013,lit,Lithuanian,22
Päijät-Häme,2013,nld,Dutch,13
Päijät-Häme,2013,nor,Norwegian,25
Päijät-Häme,2013,pan,Panjabi,23
Päijät-Häme,2013,pes,"Persian, Farsi",53
Päijät-Häme,2013,pol,Polish,81
Päijät-Häme,2013,por,Portuguese,47
Päijät-Häme,2013,ron,Romanian,13
Päijät-Häme,2013,rus,Russian,3183
Päijät-Häme,2013,sin,Sinhala,12
Päijät-Häme,2013,sme,Sami,12
Päijät-Häme,2013,som,Somali,33
Päijät-Häme,2013,spa,Spanish,134
Päijät-Häme,2013,swe,Swedish,670
Päijät-Häme,2013,swh,Swahili,22
Päijät-Häme,2013,tgl,Tagalog,30
Päijät-Häme,2013,tha,Thai,333
Päijät-Häme,2013,tuk,Turkmen,10
Päijät-Häme,2013,tur,Turkish,178
Päijät-Häme,2013,ukr,Ukrainian,24
Päijät-Häme,2013,vie,Vietnamese,43
Päijät-Häme,2014,als,Albanian,124
Päijät-Häme,2014,arb,Arabic,369
Päijät-Häme,2014,bos,Bosnian,17
Päijät-Häme,2014,bul,Bulgarian,36
Päijät-Häme,2014,che,Chechen,19
Päijät-Häme,2014,ckb,Kurdish,541
Päijät-Häme,2014,cmn,Chinese,118
Päijät-Häme,2014,deu,German,155
Päijät-Häme,2014,ekk,Estonian,1491
Päijät-Häme,2014,ell,Greek (modern),28
Päijät-Häme,2014,eng,English,331
Päijät-Häme,2014,fin,Finnish,199769
Päijät-Häme,2014,fra,French,50
Päijät-Häme,2014,hae,Oromo,14
Päijät-Häme,2014,hun,Hungarian,29
Päijät-Häme,2014,ita,Italian,25
Päijät-Häme,2014,jpn,Japanese,11
Päijät-Häme,2014,kin,Kinyarwanda,19
Päijät-Häme,2014,lin,Lingala,15
Päijät-Häme,2014,lit,Lithuanian,20
Päijät-Häme,2014,nld,Dutch,15
Päijät-Häme,2014,nor,Norwegian,25
Päijät-Häme,2014,pan,Panjabi,22
Päijät-Häme,2014,pes,"Persian, Farsi",57
Päijät-Häme,2014,pol,Polish,71
Päijät-Häme,2014,por,Portuguese,43
Päijät-Häme,2014,ron,Romanian,13
Päijät-Häme,2014,rus,Russian,3320
Päijät-Häme,2014,sin,Sinhala,12
Päijät-Häme,2014,sme,Sami,13
Päijät-Häme,2014,spa,Spanish,124
Päijät-Häme,2014,swe,Swedish,691
Päijät-Häme,2014,swh,Swahili,31
Päijät-Häme,2014,tgl,Tagalog,32
Päijät-Häme,2014,tha,Thai,353
Päijät-Häme,2014,tuk,Turkmen,10
Päijät-Häme,2014,tur,Turkish,190
Päijät-Häme,2014,ukr,Ukrainian,40
Päijät-Häme,2014,vie,Vietnamese,58
Päijät-Häme,2014,yor,Yoruba,11
Päijät-Häme,2015,als,Albanian,127
Päijät-Häme,2015,arb,Arabic,389
Päijät-Häme,2015,bos,Bosnian,18
Päijät-Häme,2015,bul,Bulgarian,37
Päijät-Häme,2015,che,Chechen,18
Päijät-Häme,2015,ckb,Kurdish,544
Päijät-Häme,2015,cmn,Chinese,131
Päijät-Häme,2015,deu,German,166
Päijät-Häme,2015,ekk,Estonian,1560
Päijät-Häme,2015,ell,Greek (modern),28
Päijät-Häme,2015,eng,English,354
Päijät-Häme,2015,fin,Finnish,198934
Päijät-Häme,2015,fra,French,51
Päijät-Häme,2015,hae,Oromo,14
Päijät-Häme,2015,hun,Hungarian,32
Päijät-Häme,2015,ibo,Igbo,10
Päijät-Häme,2015,ita,Italian,29
Päijät-Häme,2015,jpn,Japanese,14
Päijät-Häme,2015,kin,Kinyarwanda,20
Päijät-Häme,2015,lin,Lingala,15
Päijät-Häme,2015,lit,Lithuanian,19
Päijät-Häme,2015,nld,Dutch,20
Päijät-Häme,2015,nor,Norwegian,29
Päijät-Häme,2015,npi,Nepali,14
Päijät-Häme,2015,pan,Panjabi,23
Päijät-Häme,2015,pes,"Persian, Farsi",78
Päijät-Häme,2015,pol,Polish,81
Päijät-Häme,2015,por,Portuguese,45
Päijät-Häme,2015,ron,Romanian,10
Päijät-Häme,2015,rus,Russian,3408
Päijät-Häme,2015,sin,Sinhala,12
Päijät-Häme,2015,sme,Sami,12
Päijät-Häme,2015,spa,Spanish,129
Päijät-Häme,2015,swe,Swedish,688
Päijät-Häme,2015,swh,Swahili,41
Päijät-Häme,2015,tgl,Tagalog,36
Päijät-Häme,2015,tha,Thai,378
Päijät-Häme,2015,tuk,Turkmen,11
Päijät-Häme,2015,tur,Turkish,208
Päijät-Häme,2015,ukr,Ukrainian,32
Päijät-Häme,2015,vie,Vietnamese,71
Päijät-Häme,2015,yor,Yoruba,13
Päijät-Häme,2016,als,Albanian,130
Päijät-Häme,2016,arb,Arabic,711
Päijät-Häme,2016,bos,Bosnian,19
Päijät-Häme,2016,bul,Bulgarian,37
Päijät-Häme,2016,che,Chechen,19
Päijät-Häme,2016,ckb,Kurdish,606
Päijät-Häme,2016,cmn,Chinese,153
Päijät-Häme,2016,dan,Danish,10
Päijät-Häme,2016,deu,German,161
Päijät-Häme,2016,ekk,Estonian,1551
Päijät-Häme,2016,ell,Greek (modern),28
Päijät-Häme,2016,eng,English,363
Päijät-Häme,2016,fin,Finnish,198172
Päijät-Häme,2016,fra,French,52
Päijät-Häme,2016,hae,Oromo,13
Päijät-Häme,2016,hun,Hungarian,29
Päijät-Häme,2016,ibo,Igbo,11
Päijät-Häme,2016,ita,Italian,36
Päijät-Häme,2016,jpn,Japanese,13
Päijät-Häme,2016,kin,Kinyarwanda,21
Päijät-Häme,2016,lin,Lingala,11
Päijät-Häme,2016,lit,Lithuanian,20
Päijät-Häme,2016,nld,Dutch,22
Päijät-Häme,2016,nor,Norwegian,25
Päijät-Häme,2016,npi,Nepali,22
Päijät-Häme,2016,pan,Panjabi,25
Päijät-Häme,2016,pes,"Persian, Farsi",157
Päijät-Häme,2016,pol,Polish,82
Päijät-Häme,2016,por,Portuguese,42
Päijät-Häme,2016,pst,Pushto,17
Päijät-Häme,2016,ron,Romanian,13
Päijät-Häme,2016,rus,Russian,3514
Päijät-Häme,2016,sin,Sinhala,10
Päijät-Häme,2016,sme,Sami,14
Päijät-Häme,2016,som,Somali,24
Päijät-Häme,2016,spa,Spanish,146
Päijät-Häme,2016,srp,Serbian,11
Päijät-Häme,2016,swe,Swedish,700
Päijät-Häme,2016,swh,Swahili,42
Päijät-Häme,2016,tgl,Tagalog,53
Päijät-Häme,2016,tha,Thai,400
Päijät-Häme,2016,tir,Tigrinya,14
Päijät-Häme,2016,tuk,Turkmen,13
Päijät-Häme,2016,tur,Turkish,226
Päijät-Häme,2016,ukr,Ukrainian,56
Päijät-Häme,2016,urd,Urdu,10
Päijät-Häme,2016,vie,Vietnamese,96
Päijät-Häme,2016,yor,Yoruba,16
Päijät-Häme,2017,als,Albanian,131
Päijät-Häme,2017,amh,Amharic,10
Päijät-Häme,2017,arb,Arabic,961
Päijät-Häme,2017,bos,Bosnian,21
Päijät-Häme,2017,bul,Bulgarian,39
Päijät-Häme,2017,che,Chechen,18
Päijät-Häme,2017,ckb,Kurdish,677
Päijät-Häme,2017,cmn,Chinese,167
Päijät-Häme,2017,dan,Danish,11
Päijät-Häme,2017,deu,German,163
Päijät-Häme,2017,ekk,Estonian,1555
Päijät-Häme,2017,ell,Greek (modern),29
Päijät-Häme,2017,eng,English,371
Päijät-Häme,2017,fin,Finnish,197094
Päijät-Häme,2017,fra,French,51
Päijät-Häme,2017,hae,Oromo,14
Päijät-Häme,2017,hun,Hungarian,26
Päijät-Häme,2017,ita,Italian,35
Päijät-Häme,2017,jpn,Japanese,13
Päijät-Häme,2017,kin,Kinyarwanda,20
Päijät-Häme,2017,lin,Lingala,11
Päijät-Häme,2017,lit,Lithuanian,21
Päijät-Häme,2017,nld,Dutch,22
Päijät-Häme,2017,nor,Norwegian,28
Päijät-Häme,2017,npi,Nepali,24
Päijät-Häme,2017,pan,Panjabi,26
Päijät-Häme,2017,pes,"Persian, Farsi",184
Päijät-Häme,2017,pol,Polish,89
Päijät-Häme,2017,por,Portuguese,43
Päijät-Häme,2017,pst,Pushto,13
Päijät-Häme,2017,ron,Romanian,24
Päijät-Häme,2017,rus,Russian,3572
Päijät-Häme,2017,sin,Sinhala,10
Päijät-Häme,2017,sme,Sami,12
Päijät-Häme,2017,som,Somali,34
Päijät-Häme,2017,spa,Spanish,142
Päijät-Häme,2017,swe,Swedish,704
Päijät-Häme,2017,swh,Swahili,44
Päijät-Häme,2017,tgl,Tagalog,46
Päijät-Häme,2017,tha,Thai,417
Päijät-Häme,2017,tir,Tigrinya,55
Päijät-Häme,2017,tuk,Turkmen,14
Päijät-Häme,2017,tur,Turkish,222
Päijät-Häme,2017,ukr,Ukrainian,60
Päijät-Häme,2017,urd,Urdu,11
Päijät-Häme,2017,vie,Vietnamese,109
Päijät-Häme,2017,yor,Yoruba,19
Päijät-Häme,2018,als,Albanian,134
Päijät-Häme,2018,amh,Amharic,12
Päijät-Häme,2018,arb,Arabic,1079
Päijät-Häme,2018,ben,"Bengali, (Bangla)",14
Päijät-Häme,2018,bos,Bosnian,17
Päijät-Häme,2018,bul,Bulgarian,37
Päijät-Häme,2018,che,Chechen,21
Päijät-Häme,2018,ckb,Kurdish,733
Päijät-Häme,2018,cmn,Chinese,196
Päijät-Häme,2018,dan,Danish,12
Päijät-Häme,2018,deu,German,168
Päijät-Häme,2018,ekk,Estonian,1573
Päijät-Häme,2018,ell,Greek (modern),28
Päijät-Häme,2018,eng,English,389
Päijät-Häme,2018,fin,Finnish,195926
Päijät-Häme,2018,fra,French,55
Päijät-Häme,2018,hae,Oromo,23
Päijät-Häme,2018,hun,Hungarian,29
Päijät-Häme,2018,ita,Italian,33
Päijät-Häme,2018,jpn,Japanese,11
Päijät-Häme,2018,kin,Kinyarwanda,21
Päijät-Häme,2018,lit,Lithuanian,23
Päijät-Häme,2018,nld,Dutch,20
Päijät-Häme,2018,nor,Norwegian,31
Päijät-Häme,2018,npi,Nepali,27
Päijät-Häme,2018,pan,Panjabi,26
Päijät-Häme,2018,pes,"Persian, Farsi",234
Päijät-Häme,2018,pol,Polish,81
Päijät-Häme,2018,por,Portuguese,43
Päijät-Häme,2018,pst,Pushto,14
Päijät-Häme,2018,ron,Romanian,12
Päijät-Häme,2018,rus,Russian,3616
Päijät-Häme,2018,sin,Sinhala,11
Päijät-Häme,2018,sme,Sami,14
Päijät-Häme,2018,som,Somali,24
Päijät-Häme,2018,spa,Spanish,147
Päijät-Häme,2018,swe,Swedish,731
Päijät-Häme,2018,swh,Swahili,45
Päijät-Häme,2018,tgl,Tagalog,44
Päijät-Häme,2018,tha,Thai,425
Päijät-Häme,2018,tir,Tigrinya,115
Päijät-Häme,2018,tuk,Turkmen,13
Päijät-Häme,2018,tur,Turkish,256
Päijät-Häme,2018,ukr,Ukrainian,68
Päijät-Häme,2018,urd,Urdu,12
Päijät-Häme,2018,vie,Vietnamese,116
Päijät-Häme,2018,yor,Yoruba,15
Päijät-Häme,2019,als,Albanian,141
Päijät-Häme,2019,amh,Amharic,11
Päijät-Häme,2019,arb,Arabic,1153
Päijät-Häme,2019,ben,"Bengali, (Bangla)",19
Päijät-Häme,2019,bos,Bosnian,16
Päijät-Häme,2019,bul,Bulgarian,41
Päijät-Häme,2019,che,Chechen,22
Päijät-Häme,2019,ckb,Kurdish,768
Päijät-Häme,2019,cmn,Chinese,187
Päijät-Häme,2019,dan,Danish,12
Päijät-Häme,2019,deu,German,183
Päijät-Häme,2019,ekk,Estonian,1587
Päijät-Häme,2019,ell,Greek (modern),25
Päijät-Häme,2019,eng,English,424
Päijät-Häme,2019,fin,Finnish,194426
Päijät-Häme,2019,fra,French,55
Päijät-Häme,2019,hae,Oromo,26
Päijät-Häme,2019,hun,Hungarian,39
Päijät-Häme,2019,ibo,Igbo,10
Päijät-Häme,2019,ind,Indonesian,13
Päijät-Häme,2019,ita,Italian,40
Päijät-Häme,2019,jpn,Japanese,15
Päijät-Häme,2019,kin,Kinyarwanda,22
Päijät-Häme,2019,lit,Lithuanian,22
Päijät-Häme,2019,lvs,Latvian,12
Päijät-Häme,2019,nld,Dutch,21
Päijät-Häme,2019,nor,Norwegian,31
Päijät-Häme,2019,npi,Nepali,31
Päijät-Häme,2019,pan,Panjabi,26
Päijät-Häme,2019,pes,"Persian, Farsi",238
Päijät-Häme,2019,pol,Polish,82
Päijät-Häme,2019,por,Portuguese,44
Päijät-Häme,2019,pst,Pushto,14
Päijät-Häme,2019,ron,Romanian,22
Päijät-Häme,2019,rus,Russian,3673
Päijät-Häme,2019,sin,Sinhala,10
Päijät-Häme,2019,sme,Sami,17
Päijät-Häme,2019,som,Somali,43
Päijät-Häme,2019,spa,Spanish,175
Päijät-Häme,2019,swe,Swedish,734
Päijät-Häme,2019,swh,Swahili,47
Päijät-Häme,2019,tgl,Tagalog,48
Päijät-Häme,2019,tha,Thai,449
Päijät-Häme,2019,tir,Tigrinya,161
Päijät-Häme,2019,tuk,Turkmen,14
Päijät-Häme,2019,tur,Turkish,264
Päijät-Häme,2019,ukr,Ukrainian,73
Päijät-Häme,2019,urd,Urdu,16
Päijät-Häme,2019,vie,Vietnamese,115
Päijät-Häme,2019,yor,Yoruba,18
Päijät-Häme,2020,als,Albanian,146
Päijät-Häme,2020,amh,Amharic,12
Päijät-Häme,2020,arb,Arabic,1237
Päijät-Häme,2020,ben,"Bengali, (Bangla)",20
Päijät-Häme,2020,bos,Bosnian,16
Päijät-Häme,2020,bul,Bulgarian,38
Päijät-Häme,2020,che,Chechen,21
Päijät-Häme,2020,ckb,Kurdish,788
Päijät-Häme,2020,cmn,Chinese,192
Päijät-Häme,2020,dan,Danish,11
Päijät-Häme,2020,deu,German,174
Päijät-Häme,2020,ekk,Estonian,1613
Päijät-Häme,2020,ell,Greek (modern),25
Päijät-Häme,2020,eng,English,438
Päijät-Häme,2020,fin,Finnish,193469
Päijät-Häme,2020,fra,French,61
Päijät-Häme,2020,hae,Oromo,27
Päijät-Häme,2020,hun,Hungarian,41
Päijät-Häme,2020,ibo,Igbo,13
Päijät-Häme,2020,ind,Indonesian,13
Päijät-Häme,2020,ita,Italian,38
Päijät-Häme,2020,jpn,Japanese,17
Päijät-Häme,2020,kin,Kinyarwanda,24
Päijät-Häme,2020,lit,Lithuanian,26
Päijät-Häme,2020,lvs,Latvian,18
Päijät-Häme,2020,nld,Dutch,22
Päijät-Häme,2020,nor,Norwegian,31
Päijät-Häme,2020,npi,Nepali,34
Päijät-Häme,2020,pan,Panjabi,26
Päijät-Häme,2020,pes,"Persian, Farsi",244
Päijät-Häme,2020,pol,Polish,92
Päijät-Häme,2020,por,Portuguese,52
Päijät-Häme,2020,pst,Pushto,18
Päijät-Häme,2020,ron,Romanian,12
Päijät-Häme,2020,rus,Russian,3706
Päijät-Häme,2020,sin,Sinhala,11
Päijät-Häme,2020,sme,Sami,21
Päijät-Häme,2020,som,Somali,43
Päijät-Häme,2020,spa,Spanish,181
Päijät-Häme,2020,swe,Swedish,756
Päijät-Häme,2020,swh,Swahili,45
Päijät-Häme,2020,tgl,Tagalog,57
Päijät-Häme,2020,tha,Thai,454
Päijät-Häme,2020,tir,Tigrinya,171
Päijät-Häme,2020,tuk,Turkmen,14
Päijät-Häme,2020,tur,Turkish,306
Päijät-Häme,2020,ukr,Ukrainian,104
Päijät-Häme,2020,urd,Urdu,12
Päijät-Häme,2020,vie,Vietnamese,141
Päijät-Häme,2020,yor,Yoruba,20
Päijät-Häme,2021,als,Albanian,149
Päijät-Häme,2021,amh,Amharic,12
Päijät-Häme,2021,arb,Arabic,1323
Päijät-Häme,2021,ben,"Bengali, (Bangla)",23
Päijät-Häme,2021,bos,Bosnian,14
Päijät-Häme,2021,bul,Bulgarian,37
Päijät-Häme,2021,che,Chechen,22
Päijät-Häme,2021,ckb,Kurdish,793
Päijät-Häme,2021,cmn,Chinese,247
Päijät-Häme,2021,dan,Danish,11
Päijät-Häme,2021,deu,German,172
Päijät-Häme,2021,ekk,Estonian,1632
Päijät-Häme,2021,ell,Greek (modern),27
Päijät-Häme,2021,eng,English,466
Päijät-Häme,2021,fin,Finnish,192307
Päijät-Häme,2021,fra,French,60
Päijät-Häme,2021,hae,Oromo,24
Päijät-Häme,2021,hun,Hungarian,48
Päijät-Häme,2021,ibo,Igbo,14
Päijät-Häme,2021,ind,Indonesian,10
Päijät-Häme,2021,ita,Italian,36
Päijät-Häme,2021,jpn,Japanese,16
Päijät-Häme,2021,kin,Kinyarwanda,26
Päijät-Häme,2021,lit,Lithuanian,27
Päijät-Häme,2021,lvs,Latvian,48
Päijät-Häme,2021,nld,Dutch,22
Päijät-Häme,2021,nor,Norwegian,31
Päijät-Häme,2021,npi,Nepali,25
Päijät-Häme,2021,pan,Panjabi,20
Päijät-Häme,2021,pes,"Persian, Farsi",263
Päijät-Häme,2021,pol,Polish,85
Päijät-Häme,2021,por,Portuguese,62
Päijät-Häme,2021,pst,Pushto,15
Päijät-Häme,2021,ron,Romanian,38
Päijät-Häme,2021,rus,Russian,3801
Päijät-Häme,2021,sin,Sinhala,12
Päijät-Häme,2021,sme,Sami,21
Päijät-Häme,2021,som,Somali,62
Päijät-Häme,2021,spa,Spanish,209
Päijät-Häme,2021,swe,Swedish,764
Päijät-Häme,2021,swh,Swahili,47
Päijät-Häme,2021,tgl,Tagalog,70
Päijät-Häme,2021,tha,Thai,451
Päijät-Häme,2021,tir,Tigrinya,168
Päijät-Häme,2021,tuk,Turkmen,17
Päijät-Häme,2021,tur,Turkish,312
Päijät-Häme,2021,ukr,Ukrainian,150
Päijät-Häme,2021,urd,Urdu,14
Päijät-Häme,2021,vie,Vietnamese,140
Päijät-Häme,2021,yor,Yoruba,16
Päijät-Häme,2022,als,Albanian,166
Päijät-Häme,2022,amh,Amharic,16
Päijät-Häme,2022,arb,Arabic,1368
Päijät-Häme,2022,ben,"Bengali, (Bangla)",43
Päijät-Häme,2022,bos,Bosnian,14
Päijät-Häme,2022,bul,Bulgarian,42
Päijät-Häme,2022,che,Chechen,20
Päijät-Häme,2022,ckb,Kurdish,811
Päijät-Häme,2022,cmn,Chinese,319
Päijät-Häme,2022,dan,Danish,11
Päijät-Häme,2022,deu,German,195
Päijät-Häme,2022,ekk,Estonian,1656
Päijät-Häme,2022,ell,Greek (modern),29
Päijät-Häme,2022,eng,English,514
Päijät-Häme,2022,fin,Finnish,190938
Päijät-Häme,2022,fra,French,61
Päijät-Häme,2022,hae,Oromo,22
Päijät-Häme,2022,heb,Hebrew,11
Päijät-Häme,2022,hin,Hindi,13
Päijät-Häme,2022,hun,Hungarian,54
Päijät-Häme,2022,ibo,Igbo,16
Päijät-Häme,2022,ita,Italian,32
Päijät-Häme,2022,jpn,Japanese,19
Päijät-Häme,2022,kin,Kinyarwanda,24
Päijät-Häme,2022,lit,Lithuanian,23
Päijät-Häme,2022,lvs,Latvian,58
Päijät-Häme,2022,mya,Burmese,26
Päijät-Häme,2022,nld,Dutch,25
Päijät-Häme,2022,nor,Norwegian,27
Päijät-Häme,2022,npi,Nepali,34
Päijät-Häme,2022,pan,Panjabi,20
Päijät-Häme,2022,pes,"Persian, Farsi",296
Päijät-Häme,2022,pol,Polish,110
Päijät-Häme,2022,por,Portuguese,60
Päijät-Häme,2022,pst,Pushto,17
Päijät-Häme,2022,ron,Romanian,46
Päijät-Häme,2022,rus,Russian,3942
Päijät-Häme,2022,sin,Sinhala,21
Päijät-Häme,2022,sme,Sami,21
Päijät-Häme,2022,som,Somali,56
Päijät-Häme,2022,spa,Spanish,222
Päijät-Häme,2022,swe,Swedish,761
Päijät-Häme,2022,swh,Swahili,51
Päijät-Häme,2022,tgl,Tagalog,118
Päijät-Häme,2022,tha,Thai,466
Päijät-Häme,2022,tir,Tigrinya,159
Päijät-Häme,2022,tuk,Turkmen,14
Päijät-Häme,2022,tur,Turkish,321
Päijät-Häme,2022,ukr,Ukrainian,201
Päijät-Häme,2022,urd,Urdu,25
Päijät-Häme,2022,vie,Vietnamese,166
Päijät-Häme,2022,yor,Yoruba,19
Päijät-Häme,2023,als,Albanian,179
Päijät-Häme,2023,amh,Amharic,23
Päijät-Häme,2023,arb,Arabic,1370
Päijät-Häme,2023,ben,"Bengali, (Bangla)",77
Päijät-Häme,2023,bos,Bosnian,14
Päijät-Häme,2023,bul,Bulgarian,48
Päijät-Häme,2023,che,Chechen,16
Päijät-Häme,2023,ckb,Kurdish,815
Päijät-Häme,2023,cmn,Chinese,383
Päijät-Häme,2023,deu,German,200
Päijät-Häme,2023,ekk,Estonian,1663
Päijät-Häme,2023,ell,Greek (modern),27
Päijät-Häme,2023,eng,English,624
Päijät-Häme,2023,fin,Finnish,189284
Päijät-Häme,2023,fra,French,67
Päijät-Häme,2023,hae,Oromo,23
Päijät-Häme,2023,heb,Hebrew,13
Päijät-Häme,2023,hin,Hindi,21
Päijät-Häme,2023,hun,Hungarian,63
Päijät-Häme,2023,ibo,Igbo,20
Päijät-Häme,2023,ind,Indonesian,10
Päijät-Häme,2023,ita,Italian,30
Päijät-Häme,2023,jpn,Japanese,20
Päijät-Häme,2023,kin,Kinyarwanda,27
Päijät-Häme,2023,lit,Lithuanian,32
Päijät-Häme,2023,lvs,Latvian,78
Päijät-Häme,2023,mal,Malayalam,11
Päijät-Häme,2023,mar,Marathi,10
Päijät-Häme,2023,mya,Burmese,54
Päijät-Häme,2023,nld,Dutch,26
Päijät-Häme,2023,nor,Norwegian,30
Päijät-Häme,2023,npi,Nepali,69
Päijät-Häme,2023,pan,Panjabi,29
Päijät-Häme,2023,pes,"Persian, Farsi",382
Päijät-Häme,2023,pol,Polish,115
Päijät-Häme,2023,por,Portuguese,73
Päijät-Häme,2023,pst,Pushto,18
Päijät-Häme,2023,ron,Romanian,60
Päijät-Häme,2023,rus,Russian,4130
Päijät-Häme,2023,sin,Sinhala,101
Päijät-Häme,2023,slk,Slovak,12
Päijät-Häme,2023,sme,Sami,19
Päijät-Häme,2023,som,Somali,59
Päijät-Häme,2023,spa,Spanish,236
Päijät-Häme,2023,swe,Swedish,787
Päijät-Häme,2023,swh,Swahili,55
Päijät-Häme,2023,tgl,Tagalog,238
Päijät-Häme,2023,tha,Thai,480
Päijät-Häme,2023,tir,Tigrinya,153
Päijät-Häme,2023,tuk,Turkmen,14
Päijät-Häme,2023,tur,Turkish,355
Päijät-Häme,2023,ukr,Ukrainian,764
Päijät-Häme,2023,urd,Urdu,60
Päijät-Häme,2023,uzn,Uzbek,12
Päijät-Häme,2023,vie,Vietnamese,151
Päijät-Häme,2023,yor,Yoruba,21
Päijät-Häme,2024,als,Albanian,194
Päijät-Häme,2024,amh,Amharic,32
Päijät-Häme,2024,arb,Arabic,1407
Päijät-Häme,2024,ben,"Bengali, (Bangla)",155
Päijät-Häme,2024,bos,Bosnian,13
Päijät-Häme,2024,bul,Bulgarian,47
Päijät-Häme,2024,che,Chechen,16
Päijät-Häme,2024,ckb,Kurdish,814
Päijät-Häme,2024,cmn,Chinese,466
Päijät-Häme,2024,deu,German,199
Päijät-Häme,2024,ekk,Estonian,1657
Päijät-Häme,2024,ell,Greek (modern),31
Päijät-Häme,2024,eng,English,727
Päijät-Häme,2024,fin,Finnish,187790
Päijät-Häme,2024,fra,French,73
Päijät-Häme,2024,hae,Oromo,23
Päijät-Häme,2024,heb,Hebrew,12
Päijät-Häme,2024,hin,Hindi,38
Päijät-Häme,2024,hun,Hungarian,73
Päijät-Häme,2024,ibo,Igbo,19
Päijät-Häme,2024,ind,Indonesian,13
Päijät-Häme,2024,ita,Italian,31
Päijät-Häme,2024,jpn,Japanese,21
Päijät-Häme,2024,khk,Mongolian,15
Päijät-Häme,2024,kin,Kinyarwanda,33
Päijät-Häme,2024,lit,Lithuanian,32
Päijät-Häme,2024,lvs,Latvian,89
Päijät-Häme,2024,mal,Malayalam,24
Päijät-Häme,2024,mar,Marathi,12
Päijät-Häme,2024,mya,Burmese,76
Päijät-Häme,2024,nld,Dutch,33
Päijät-Häme,2024,nor,Norwegian,32
Päijät-Häme,2024,npi,Nepali,113
Päijät-Häme,2024,pan,Panjabi,28
Päijät-Häme,2024,pes,"Persian, Farsi",420
Päijät-Häme,2024,pol,Polish,114
Päijät-Häme,2024,por,Portuguese,77
Päijät-Häme,2024,pst,Pushto,32
Päijät-Häme,2024,ron,Romanian,66
Päijät-Häme,2024,rus,Russian,4187
Päijät-Häme,2024,sin,Sinhala,156
Päijät-Häme,2024,slk,Slovak,13
Päijät-Häme,2024,sme,Sami,19
Päijät-Häme,2024,snd,Sindhi,12
Päijät-Häme,2024,som,Somali,65
Päijät-Häme,2024,spa,Spanish,265
Päijät-Häme,2024,swe,Swedish,807
Päijät-Häme,2024,swh,Swahili,59
Päijät-Häme,2024,tam,Tamil,11
Päijät-Häme,2024,tgl,Tagalog,322
Päijät-Häme,2024,tha,Thai,506
Päijät-Häme,2024,tir,Tigrinya,154
Päijät-Häme,2024,tuk,Turkmen,13
Päijät-Häme,2024,tur,Turkish,388
Päijät-Häme,2024,ukr,Ukrainian,1371
Päijät-Häme,2024,urd,Urdu,125
Päijät-Häme,2024,uzn,Uzbek,18
Päijät-Häme,2024,vie,Vietnamese,148
Päijät-Häme,2024,yor,Yoruba,26
Päijät-Häme,2025,als,Albanian,203
Päijät-Häme,2025,amh,Amharic,39
Päijät-Häme,2025,arb,Arabic,1473
Päijät-Häme,2025,ben,"Bengali, (Bangla)",203
Päijät-Häme,2025,bos,Bosnian,13
Päijät-Häme,2025,bul,Bulgarian,51
Päijät-Häme,2025,che,Chechen,17
Päijät-Häme,2025,ckb,Kurdish,845
Päijät-Häme,2025,cmn,Chinese,507
Päijät-Häme,2025,deu,German,191
Päijät-Häme,2025,ekk,Estonian,1632
Päijät-Häme,2025,ell,Greek (modern),27
Päijät-Häme,2025,eng,English,786
Päijät-Häme,2025,fin,Finnish,186491
Päijät-Häme,2025,fra,French,71
Päijät-Häme,2025,hae,Oromo,18
Päijät-Häme,2025,heb,Hebrew,11
Päijät-Häme,2025,hin,Hindi,38
Päijät-Häme,2025,hun,Hungarian,91
Päijät-Häme,2025,ibo,Igbo,24
Päijät-Häme,2025,ind,Indonesian,14
Päijät-Häme,2025,ita,Italian,29
Päijät-Häme,2025,jpn,Japanese,23
Päijät-Häme,2025,khk,Mongolian,39
Päijät-Häme,2025,kin,Kinyarwanda,45
Päijät-Häme,2025,lit,Lithuanian,37
Päijät-Häme,2025,lvs,Latvian,101
Päijät-Häme,2025,mal,Malayalam,48
Päijät-Häme,2025,mar,Marathi,12
Päijät-Häme,2025,mya,Burmese,78
Päijät-Häme,2025,nld,Dutch,45
Päijät-Häme,2025,nor,Norwegian,32
Päijät-Häme,2025,npi,Nepali,125
Päijät-Häme,2025,pan,Panjabi,34
Päijät-Häme,2025,pes,"Persian, Farsi",542
Päijät-Häme,2025,pol,Polish,125
Päijät-Häme,2025,por,Portuguese,89
Päijät-Häme,2025,pst,Pushto,29
Päijät-Häme,2025,ron,Romanian,74
Päijät-Häme,2025,rus,Russian,4194
Päijät-Häme,2025,sin,Sinhala,235
Päijät-Häme,2025,slk,Slovak,19
Päijät-Häme,2025,sme,Sami,20
Päijät-Häme,2025,snd,Sindhi,11
Päijät-Häme,2025,som,Somali,76
Päijät-Häme,2025,spa,Spanish,275
Päijät-Häme,2025,swe,Swedish,842
Päijät-Häme,2025,swh,Swahili,62
Päijät-Häme,2025,tam,Tamil,13
Päijät-Häme,2025,tgl,Tagalog,335
Päijät-Häme,2025,tha,Thai,512
Päijät-Häme,2025,tir,Tigrinya,172
Päijät-Häme,2025,tuk,Turkmen,15
Päijät-Häme,2025,tur,Turkish,419
Päijät-Häme,2025,ukr,Ukrainian,1658
Päijät-Häme,2025,urd,Urdu,187
Päijät-Häme,2025,uzn,Uzbek,16
Päijät-Häme,2025,vie,Vietnamese,170
Päijät-Häme,2025,yor,Yoruba,31
Satakunta,1990,cmn,Chinese,14
Satakunta,1990,deu,German,33
Satakunta,1990,ekk,Estonian,35
Satakunta,1990,eng,English,35
Satakunta,1990,fin,Finnish,239472
Satakunta,1990,hun,Hungarian,12
Satakunta,1990,pol,Polish,11
Satakunta,1990,rus,Russian,81
Satakunta,1990,swe,Swedish,813
Satakunta,1991,cmn,Chinese,11
Satakunta,1991,deu,German,35
Satakunta,1991,ekk,Estonian,107
Satakunta,1991,eng,English,43
Satakunta,1991,fin,Finnish,239154
Satakunta,1991,hun,Hungarian,12
Satakunta,1991,pol,Polish,21
Satakunta,1991,rus,Russian,180
Satakunta,1991,som,Somali,29
Satakunta,1991,swe,Swedish,808
Satakunta,1991,tur,Turkish,23
Satakunta,1992,deu,German,38
Satakunta,1992,ekk,Estonian,153
Satakunta,1992,eng,English,43
Satakunta,1992,fin,Finnish,238952
Satakunta,1992,hun,Hungarian,12
Satakunta,1992,pol,Polish,21
Satakunta,1992,rus,Russian,288
Satakunta,1992,som,Somali,33
Satakunta,1992,swe,Swedish,805
Satakunta,1992,tur,Turkish,25
Satakunta,1993,als,Albanian,11
Satakunta,1993,arb,Arabic,10
Satakunta,1993,deu,German,37
Satakunta,1993,ekk,Estonian,194
Satakunta,1993,eng,English,46
Satakunta,1993,fin,Finnish,238658
Satakunta,1993,hun,Hungarian,12
Satakunta,1993,pol,Polish,21
Satakunta,1993,rus,Russian,333
Satakunta,1993,som,Somali,30
Satakunta,1993,swe,Swedish,783
Satakunta,1993,tur,Turkish,23
Satakunta,1994,als,Albanian,12
Satakunta,1994,arb,Arabic,13
Satakunta,1994,deu,German,39
Satakunta,1994,ekk,Estonian,200
Satakunta,1994,eng,English,48
Satakunta,1994,fin,Finnish,238096
Satakunta,1994,hun,Hungarian,13
Satakunta,1994,pol,Polish,13
Satakunta,1994,rus,Russian,356
Satakunta,1994,som,Somali,15
Satakunta,1994,spa,Spanish,11
Satakunta,1994,swe,Swedish,798
Satakunta,1994,tur,Turkish,23
Satakunta,1995,als,Albanian,13
Satakunta,1995,arb,Arabic,13
Satakunta,1995,deu,German,45
Satakunta,1995,ekk,Estonian,188
Satakunta,1995,eng,English,45
Satakunta,1995,fin,Finnish,237235
Satakunta,1995,hun,Hungarian,13
Satakunta,1995,pol,Polish,12
Satakunta,1995,rus,Russian,412
Satakunta,1995,som,Somali,31
Satakunta,1995,spa,Spanish,12
Satakunta,1995,swe,Swedish,785
Satakunta,1995,tur,Turkish,27
Satakunta,1996,arb,Arabic,12
Satakunta,1996,deu,German,45
Satakunta,1996,ekk,Estonian,188
Satakunta,1996,eng,English,43
Satakunta,1996,fin,Finnish,236057
Satakunta,1996,hun,Hungarian,13
Satakunta,1996,jpn,Japanese,10
Satakunta,1996,pol,Polish,12
Satakunta,1996,rus,Russian,442
Satakunta,1996,som,Somali,34
Satakunta,1996,spa,Spanish,14
Satakunta,1996,swe,Swedish,756
Satakunta,1996,tha,Thai,21
Satakunta,1996,tur,Turkish,27
Satakunta,1997,arb,Arabic,12
Satakunta,1997,deu,German,48
Satakunta,1997,ekk,Estonian,215
Satakunta,1997,eng,English,44
Satakunta,1997,fin,Finnish,234752
Satakunta,1997,hun,Hungarian,12
Satakunta,1997,pol,Polish,12
Satakunta,1997,rus,Russian,469
Satakunta,1997,som,Somali,39
Satakunta,1997,spa,Spanish,14
Satakunta,1997,swe,Swedish,767
Satakunta,1997,tha,Thai,21
Satakunta,1997,tur,Turkish,34
Satakunta,1998,arb,Arabic,13
Satakunta,1998,deu,German,48
Satakunta,1998,ekk,Estonian,195
Satakunta,1998,eng,English,48
Satakunta,1998,fin,Finnish,233429
Satakunta,1998,hun,Hungarian,12
Satakunta,1998,pol,Polish,13
Satakunta,1998,rus,Russian,607
Satakunta,1998,som,Somali,37
Satakunta,1998,spa,Spanish,16
Satakunta,1998,swe,Swedish,770
Satakunta,1998,tha,Thai,22
Satakunta,1998,tur,Turkish,32
Satakunta,1999,arb,Arabic,15
Satakunta,1999,deu,German,42
Satakunta,1999,ekk,Estonian,218
Satakunta,1999,eng,English,69
Satakunta,1999,fin,Finnish,231865
Satakunta,1999,hun,Hungarian,13
Satakunta,1999,pol,Polish,16
Satakunta,1999,rus,Russian,675
Satakunta,1999,som,Somali,41
Satakunta,1999,spa,Spanish,14
Satakunta,1999,swe,Swedish,768
Satakunta,1999,tha,Thai,25
Satakunta,1999,tur,Turkish,34
Satakunta,2000,arb,Arabic,14
Satakunta,2000,deu,German,48
Satakunta,2000,ekk,Estonian,206
Satakunta,2000,eng,English,49
Satakunta,2000,fin,Finnish,230187
Satakunta,2000,hun,Hungarian,15
Satakunta,2000,pol,Polish,16
Satakunta,2000,rus,Russian,739
Satakunta,2000,som,Somali,29
Satakunta,2000,spa,Spanish,14
Satakunta,2000,swe,Swedish,754
Satakunta,2000,tha,Thai,32
Satakunta,2000,tur,Turkish,40
Satakunta,2001,arb,Arabic,26
Satakunta,2001,deu,German,50
Satakunta,2001,ekk,Estonian,213
Satakunta,2001,eng,English,46
Satakunta,2001,fin,Finnish,228780
Satakunta,2001,hun,Hungarian,15
Satakunta,2001,pes,"Persian, Farsi",20
Satakunta,2001,pol,Polish,16
Satakunta,2001,rus,Russian,810
Satakunta,2001,som,Somali,22
Satakunta,2001,spa,Spanish,14
Satakunta,2001,swe,Swedish,749
Satakunta,2001,tha,Thai,36
Satakunta,2001,tur,Turkish,45
Satakunta,2002,arb,Arabic,22
Satakunta,2002,deu,German,50
Satakunta,2002,ekk,Estonian,240
Satakunta,2002,eng,English,62
Satakunta,2002,fin,Finnish,227865
Satakunta,2002,hun,Hungarian,16
Satakunta,2002,nld,Dutch,11
Satakunta,2002,pes,"Persian, Farsi",20
Satakunta,2002,pol,Polish,14
Satakunta,2002,rus,Russian,842
Satakunta,2002,som,Somali,20
Satakunta,2002,spa,Spanish,25
Satakunta,2002,swe,Swedish,747
Satakunta,2002,tha,Thai,43
Satakunta,2002,tur,Turkish,46
Satakunta,2003,arb,Arabic,12
Satakunta,2003,cmn,Chinese,10
Satakunta,2003,deu,German,51
Satakunta,2003,ekk,Estonian,253
Satakunta,2003,eng,English,69
Satakunta,2003,fin,Finnish,227267
Satakunta,2003,hun,Hungarian,17
Satakunta,2003,nld,Dutch,12
Satakunta,2003,pes,"Persian, Farsi",13
Satakunta,2003,pol,Polish,14
Satakunta,2003,rus,Russian,857
Satakunta,2003,spa,Spanish,25
Satakunta,2003,swe,Swedish,738
Satakunta,2003,tha,Thai,53
Satakunta,2003,tur,Turkish,59
Satakunta,2004,arb,Arabic,13
Satakunta,2004,cmn,Chinese,26
Satakunta,2004,deu,German,47
Satakunta,2004,ekk,Estonian,273
Satakunta,2004,eng,English,71
Satakunta,2004,fin,Finnish,226625
Satakunta,2004,hun,Hungarian,16
Satakunta,2004,nld,Dutch,13
Satakunta,2004,pes,"Persian, Farsi",33
Satakunta,2004,pol,Polish,12
Satakunta,2004,rus,Russian,860
Satakunta,2004,spa,Spanish,18
Satakunta,2004,swe,Swedish,723
Satakunta,2004,tha,Thai,53
Satakunta,2004,tur,Turkish,63
Satakunta,2005,arb,Arabic,10
Satakunta,2005,cmn,Chinese,33
Satakunta,2005,deu,German,54
Satakunta,2005,ekk,Estonian,323
Satakunta,2005,eng,English,89
Satakunta,2005,fin,Finnish,225793
Satakunta,2005,hun,Hungarian,22
Satakunta,2005,nld,Dutch,12
Satakunta,2005,pes,"Persian, Farsi",27
Satakunta,2005,pol,Polish,12
Satakunta,2005,rus,Russian,891
Satakunta,2005,spa,Spanish,23
Satakunta,2005,swe,Swedish,722
Satakunta,2005,tha,Thai,60
Satakunta,2005,tur,Turkish,85
Satakunta,2006,arb,Arabic,11
Satakunta,2006,cmn,Chinese,36
Satakunta,2006,deu,German,58
Satakunta,2006,ekk,Estonian,391
Satakunta,2006,eng,English,111
Satakunta,2006,fin,Finnish,225038
Satakunta,2006,fra,French,13
Satakunta,2006,hun,Hungarian,17
Satakunta,2006,nld,Dutch,12
Satakunta,2006,pes,"Persian, Farsi",10
Satakunta,2006,pol,Polish,13
Satakunta,2006,por,Portuguese,13
Satakunta,2006,rus,Russian,897
Satakunta,2006,spa,Spanish,25
Satakunta,2006,swe,Swedish,719
Satakunta,2006,tha,Thai,71
Satakunta,2006,tur,Turkish,86
Satakunta,2007,arb,Arabic,25
Satakunta,2007,bul,Bulgarian,10
Satakunta,2007,cmn,Chinese,38
Satakunta,2007,deu,German,51
Satakunta,2007,ekk,Estonian,471
Satakunta,2007,eng,English,103
Satakunta,2007,fin,Finnish,223869
Satakunta,2007,fra,French,16
Satakunta,2007,hun,Hungarian,18
Satakunta,2007,nld,Dutch,12
Satakunta,2007,pes,"Persian, Farsi",11
Satakunta,2007,pol,Polish,39
Satakunta,2007,por,Portuguese,14
Satakunta,2007,ron,Romanian,14
Satakunta,2007,rus,Russian,903
Satakunta,2007,som,Somali,15
Satakunta,2007,spa,Spanish,27
Satakunta,2007,swe,Swedish,740
Satakunta,2007,tha,Thai,93
Satakunta,2007,tur,Turkish,104
Satakunta,2008,arb,Arabic,35
Satakunta,2008,bul,Bulgarian,20
Satakunta,2008,cmn,Chinese,44
Satakunta,2008,deu,German,58
Satakunta,2008,ekk,Estonian,526
Satakunta,2008,eng,English,124
Satakunta,2008,fin,Finnish,222790
Satakunta,2008,fra,French,22
Satakunta,2008,hun,Hungarian,32
Satakunta,2008,nld,Dutch,13
Satakunta,2008,pes,"Persian, Farsi",12
Satakunta,2008,pol,Polish,90
Satakunta,2008,por,Portuguese,12
Satakunta,2008,ron,Romanian,34
Satakunta,2008,rus,Russian,943
Satakunta,2008,som,Somali,17
Satakunta,2008,spa,Spanish,27
Satakunta,2008,swe,Swedish,742
Satakunta,2008,tgl,Tagalog,10
Satakunta,2008,tha,Thai,104
Satakunta,2008,tur,Turkish,119
Satakunta,2009,arb,Arabic,30
Satakunta,2009,bul,Bulgarian,23
Satakunta,2009,ckb,Kurdish,11
Satakunta,2009,cmn,Chinese,56
Satakunta,2009,deu,German,75
Satakunta,2009,ekk,Estonian,647
Satakunta,2009,eng,English,144
Satakunta,2009,fin,Finnish,222126
Satakunta,2009,fra,French,40
Satakunta,2009,hun,Hungarian,21
Satakunta,2009,nld,Dutch,22
Satakunta,2009,pes,"Persian, Farsi",16
Satakunta,2009,pol,Polish,153
Satakunta,2009,por,Portuguese,15
Satakunta,2009,ron,Romanian,52
Satakunta,2009,rus,Russian,983
Satakunta,2009,som,Somali,17
Satakunta,2009,spa,Spanish,26
Satakunta,2009,swe,Swedish,731
Satakunta,2009,tgl,Tagalog,11
Satakunta,2009,tha,Thai,116
Satakunta,2009,tur,Turkish,166
Satakunta,2009,ukr,Ukrainian,10
Satakunta,2010,arb,Arabic,44
Satakunta,2010,bul,Bulgarian,26
Satakunta,2010,ckb,Kurdish,27
Satakunta,2010,cmn,Chinese,57
Satakunta,2010,deu,German,78
Satakunta,2010,ekk,Estonian,748
Satakunta,2010,eng,English,158
Satakunta,2010,fin,Finnish,221338
Satakunta,2010,fra,French,63
Satakunta,2010,hun,Hungarian,23
Satakunta,2010,nld,Dutch,15
Satakunta,2010,pes,"Persian, Farsi",16
Satakunta,2010,pol,Polish,234
Satakunta,2010,por,Portuguese,18
Satakunta,2010,ron,Romanian,58
Satakunta,2010,rus,Russian,1026
Satakunta,2010,som,Somali,17
Satakunta,2010,spa,Spanish,34
Satakunta,2010,swe,Swedish,761
Satakunta,2010,tgl,Tagalog,23
Satakunta,2010,tha,Thai,135
Satakunta,2010,tur,Turkish,190
Satakunta,2010,ukr,Ukrainian,11
Satakunta,2011,arb,Arabic,55
Satakunta,2011,bul,Bulgarian,44
Satakunta,2011,ckb,Kurdish,28
Satakunta,2011,cmn,Chinese,64
Satakunta,2011,deu,German,77
Satakunta,2011,ekk,Estonian,893
Satakunta,2011,eng,English,179
Satakunta,2011,fin,Finnish,220498
Satakunta,2011,fra,French,67
Satakunta,2011,hun,Hungarian,25
Satakunta,2011,nld,Dutch,15
Satakunta,2011,pes,"Persian, Farsi",18
Satakunta,2011,pol,Polish,278
Satakunta,2011,por,Portuguese,18
Satakunta,2011,ron,Romanian,90
Satakunta,2011,rus,Russian,1060
Satakunta,2011,som,Somali,17
Satakunta,2011,spa,Spanish,52
Satakunta,2011,swe,Swedish,758
Satakunta,2011,tgl,Tagalog,24
Satakunta,2011,tha,Thai,161
Satakunta,2011,tur,Turkish,204
Satakunta,2011,ukr,Ukrainian,11
Satakunta,2011,urd,Urdu,12
Satakunta,2012,arb,Arabic,63
Satakunta,2012,bul,Bulgarian,53
Satakunta,2012,ckb,Kurdish,48
Satakunta,2012,cmn,Chinese,68
Satakunta,2012,deu,German,80
Satakunta,2012,ekk,Estonian,1081
Satakunta,2012,eng,English,188
Satakunta,2012,fin,Finnish,219573
Satakunta,2012,fra,French,72
Satakunta,2012,hun,Hungarian,38
Satakunta,2012,lit,Lithuanian,11
Satakunta,2012,nld,Dutch,13
Satakunta,2012,pes,"Persian, Farsi",33
Satakunta,2012,pol,Polish,327
Satakunta,2012,por,Portuguese,32
Satakunta,2012,ron,Romanian,138
Satakunta,2012,rus,Russian,1127
Satakunta,2012,spa,Spanish,54
Satakunta,2012,swe,Swedish,777
Satakunta,2012,tgl,Tagalog,25
Satakunta,2012,tha,Thai,176
Satakunta,2012,tur,Turkish,205
Satakunta,2012,ukr,Ukrainian,23
Satakunta,2012,urd,Urdu,13
Satakunta,2013,als,Albanian,11
Satakunta,2013,arb,Arabic,48
Satakunta,2013,bul,Bulgarian,69
Satakunta,2013,ckb,Kurdish,47
Satakunta,2013,cmn,Chinese,78
Satakunta,2013,deu,German,92
Satakunta,2013,ekk,Estonian,1171
Satakunta,2013,eng,English,199
Satakunta,2013,fin,Finnish,218624
Satakunta,2013,fra,French,85
Satakunta,2013,hun,Hungarian,57
Satakunta,2013,lit,Lithuanian,14
Satakunta,2013,nld,Dutch,13
Satakunta,2013,nor,Norwegian,10
Satakunta,2013,pes,"Persian, Farsi",45
Satakunta,2013,pol,Polish,444
Satakunta,2013,por,Portuguese,35
Satakunta,2013,ron,Romanian,166
Satakunta,2013,rus,Russian,1202
Satakunta,2013,slk,Slovak,10
Satakunta,2013,som,Somali,13
Satakunta,2013,spa,Spanish,70
Satakunta,2013,swe,Swedish,778
Satakunta,2013,tgl,Tagalog,39
Satakunta,2013,tha,Thai,194
Satakunta,2013,tur,Turkish,227
Satakunta,2013,ukr,Ukrainian,27
Satakunta,2013,urd,Urdu,16
Satakunta,2014,arb,Arabic,83
Satakunta,2014,bul,Bulgarian,76
Satakunta,2014,ckb,Kurdish,47
Satakunta,2014,cmn,Chinese,86
Satakunta,2014,deu,German,88
Satakunta,2014,ekk,Estonian,1244
Satakunta,2014,eng,English,198
Satakunta,2014,fin,Finnish,217601
Satakunta,2014,fra,French,86
Satakunta,2014,hrv,Croatian,10
Satakunta,2014,hun,Hungarian,51
Satakunta,2014,lit,Lithuanian,44
Satakunta,2014,lvs,Latvian,24
Satakunta,2014,nld,Dutch,13
Satakunta,2014,npi,Nepali,12
Satakunta,2014,pes,"Persian, Farsi",54
Satakunta,2014,pol,Polish,504
Satakunta,2014,por,Portuguese,37
Satakunta,2014,ron,Romanian,177
Satakunta,2014,rus,Russian,1269
Satakunta,2014,slk,Slovak,13
Satakunta,2014,spa,Spanish,87
Satakunta,2014,swe,Swedish,767
Satakunta,2014,tgl,Tagalog,38
Satakunta,2014,tha,Thai,229
Satakunta,2014,tur,Turkish,233
Satakunta,2014,ukr,Ukrainian,73
Satakunta,2014,urd,Urdu,15
Satakunta,2015,arb,Arabic,79
Satakunta,2015,ben,"Bengali, (Bangla)",11
Satakunta,2015,bos,Bosnian,11
Satakunta,2015,bul,Bulgarian,110
Satakunta,2015,ckb,Kurdish,62
Satakunta,2015,cmn,Chinese,105
Satakunta,2015,deu,German,108
Satakunta,2015,ekk,Estonian,1244
Satakunta,2015,eng,English,223
Satakunta,2015,fin,Finnish,216148
Satakunta,2015,fra,French,100
Satakunta,2015,hrv,Croatian,11
Satakunta,2015,hun,Hungarian,65
Satakunta,2015,lit,Lithuanian,59
Satakunta,2015,lvs,Latvian,51
Satakunta,2015,nld,Dutch,14
Satakunta,2015,npi,Nepali,32
Satakunta,2015,pes,"Persian, Farsi",55
Satakunta,2015,pol,Polish,554
Satakunta,2015,por,Portuguese,41
Satakunta,2015,ron,Romanian,219
Satakunta,2015,rus,Russian,1331
Satakunta,2015,slk,Slovak,17
Satakunta,2015,som,Somali,10
Satakunta,2015,spa,Spanish,95
Satakunta,2015,swe,Swedish,756
Satakunta,2015,tgl,Tagalog,41
Satakunta,2015,tha,Thai,249
Satakunta,2015,tur,Turkish,255
Satakunta,2015,ukr,Ukrainian,102
Satakunta,2015,urd,Urdu,15
Satakunta,2015,vie,Vietnamese,12
Satakunta,2016,als,Albanian,10
Satakunta,2016,arb,Arabic,195
Satakunta,2016,ben,"Bengali, (Bangla)",12
Satakunta,2016,bul,Bulgarian,132
Satakunta,2016,ckb,Kurdish,59
Satakunta,2016,cmn,Chinese,107
Satakunta,2016,deu,German,155
Satakunta,2016,ekk,Estonian,1230
Satakunta,2016,ell,Greek (modern),117
Satakunta,2016,eng,English,231
Satakunta,2016,fin,Finnish,214260
Satakunta,2016,fra,French,139
Satakunta,2016,hrv,Croatian,11
Satakunta,2016,hun,Hungarian,79
Satakunta,2016,jpn,Japanese,22
Satakunta,2016,lit,Lithuanian,59
Satakunta,2016,lvs,Latvian,66
Satakunta,2016,nld,Dutch,14
Satakunta,2016,npi,Nepali,36
Satakunta,2016,pes,"Persian, Farsi",120
Satakunta,2016,pol,Polish,626
Satakunta,2016,por,Portuguese,41
Satakunta,2016,ron,Romanian,221
Satakunta,2016,rus,Russian,1347
Satakunta,2016,slk,Slovak,55
Satakunta,2016,som,Somali,12
Satakunta,2016,spa,Spanish,97
Satakunta,2016,swe,Swedish,759
Satakunta,2016,tgl,Tagalog,43
Satakunta,2016,tha,Thai,251
Satakunta,2016,tur,Turkish,277
Satakunta,2016,ukr,Ukrainian,142
Satakunta,2016,vie,Vietnamese,19
Satakunta,2017,als,Albanian,12
Satakunta,2017,arb,Arabic,313
Satakunta,2017,bul,Bulgarian,138
Satakunta,2017,ckb,Kurdish,98
Satakunta,2017,cmn,Chinese,108
Satakunta,2017,deu,German,149
Satakunta,2017,ekk,Estonian,1205
Satakunta,2017,ell,Greek (modern),230
Satakunta,2017,eng,English,263
Satakunta,2017,fin,Finnish,212344
Satakunta,2017,fra,French,170
Satakunta,2017,hrv,Croatian,16
Satakunta,2017,hun,Hungarian,85
Satakunta,2017,ita,Italian,22
Satakunta,2017,jpn,Japanese,32
Satakunta,2017,lit,Lithuanian,59
Satakunta,2017,lvs,Latvian,79
Satakunta,2017,mar,Marathi,12
Satakunta,2017,nld,Dutch,13
Satakunta,2017,npi,Nepali,39
Satakunta,2017,pes,"Persian, Farsi",132
Satakunta,2017,pol,Polish,661
Satakunta,2017,por,Portuguese,43
Satakunta,2017,ron,Romanian,234
Satakunta,2017,rus,Russian,1331
Satakunta,2017,slk,Slovak,62
Satakunta,2017,som,Somali,12
Satakunta,2017,spa,Spanish,101
Satakunta,2017,swe,Swedish,769
Satakunta,2017,tgl,Tagalog,46
Satakunta,2017,tha,Thai,270
Satakunta,2017,tur,Turkish,288
Satakunta,2017,ukr,Ukrainian,168
Satakunta,2017,vie,Vietnamese,24
Satakunta,2018,als,Albanian,20
Satakunta,2018,arb,Arabic,357
Satakunta,2018,ben,"Bengali, (Bangla)",12
Satakunta,2018,bul,Bulgarian,143
Satakunta,2018,ckb,Kurdish,90
Satakunta,2018,cmn,Chinese,126
Satakunta,2018,deu,German,169
Satakunta,2018,ekk,Estonian,1174
Satakunta,2018,ell,Greek (modern),146
Satakunta,2018,eng,English,294
Satakunta,2018,fin,Finnish,210204
Satakunta,2018,fra,French,216
Satakunta,2018,hrv,Croatian,18
Satakunta,2018,hun,Hungarian,84
Satakunta,2018,ita,Italian,30
Satakunta,2018,jpn,Japanese,29
Satakunta,2018,lit,Lithuanian,55
Satakunta,2018,lvs,Latvian,114
Satakunta,2018,mar,Marathi,30
Satakunta,2018,nld,Dutch,14
Satakunta,2018,npi,Nepali,46
Satakunta,2018,pes,"Persian, Farsi",146
Satakunta,2018,pol,Polish,662
Satakunta,2018,por,Portuguese,68
Satakunta,2018,ron,Romanian,275
Satakunta,2018,rus,Russian,1327
Satakunta,2018,slk,Slovak,68
Satakunta,2018,som,Somali,26
Satakunta,2018,spa,Spanish,97
Satakunta,2018,swe,Swedish,774
Satakunta,2018,tgl,Tagalog,54
Satakunta,2018,tha,Thai,279
Satakunta,2018,tur,Turkish,313
Satakunta,2018,ukr,Ukrainian,228
Satakunta,2018,vie,Vietnamese,24
Satakunta,2018,zlm,Malay,11
Satakunta,2019,als,Albanian,13
Satakunta,2019,arb,Arabic,420
Satakunta,2019,ben,"Bengali, (Bangla)",15
Satakunta,2019,bul,Bulgarian,157
Satakunta,2019,ckb,Kurdish,121
Satakunta,2019,cmn,Chinese,142
Satakunta,2019,deu,German,192
Satakunta,2019,ekk,Estonian,1115
Satakunta,2019,ell,Greek (modern),141
Satakunta,2019,eng,English,307
Satakunta,2019,fin,Finnish,208027
Satakunta,2019,fra,French,245
Satakunta,2019,hin,Hindi,12
Satakunta,2019,hrv,Croatian,29
Satakunta,2019,hun,Hungarian,85
Satakunta,2019,ibo,Igbo,11
Satakunta,2019,ita,Italian,33
Satakunta,2019,jpn,Japanese,32
Satakunta,2019,lit,Lithuanian,58
Satakunta,2019,lvs,Latvian,123
Satakunta,2019,mar,Marathi,30
Satakunta,2019,nld,Dutch,14
Satakunta,2019,npi,Nepali,50
Satakunta,2019,pes,"Persian, Farsi",145
Satakunta,2019,pol,Polish,648
Satakunta,2019,por,Portuguese,67
Satakunta,2019,ron,Romanian,335
Satakunta,2019,rus,Russian,1327
Satakunta,2019,slk,Slovak,72
Satakunta,2019,som,Somali,28
Satakunta,2019,spa,Spanish,98
Satakunta,2019,swe,Swedish,786
Satakunta,2019,tgl,Tagalog,67
Satakunta,2019,tha,Thai,288
Satakunta,2019,tur,Turkish,331
Satakunta,2019,ukr,Ukrainian,259
Satakunta,2019,vie,Vietnamese,22
Satakunta,2019,yor,Yoruba,13
Satakunta,2019,zlm,Malay,11
Satakunta,2020,als,Albanian,10
Satakunta,2020,arb,Arabic,434
Satakunta,2020,ben,"Bengali, (Bangla)",18
Satakunta,2020,bul,Bulgarian,173
Satakunta,2020,ces,Czech,11
Satakunta,2020,ckb,Kurdish,121
Satakunta,2020,cmn,Chinese,190
Satakunta,2020,deu,German,231
Satakunta,2020,ekk,Estonian,1166
Satakunta,2020,ell,Greek (modern),132
Satakunta,2020,eng,English,360
Satakunta,2020,fin,Finnish,206082
Satakunta,2020,fra,French,311
Satakunta,2020,guj,Gujarati,10
Satakunta,2020,hin,Hindi,16
Satakunta,2020,hrv,Croatian,39
Satakunta,2020,hun,Hungarian,82
Satakunta,2020,ita,Italian,30
Satakunta,2020,jpn,Japanese,29
Satakunta,2020,lit,Lithuanian,58
Satakunta,2020,lvs,Latvian,140
Satakunta,2020,mar,Marathi,42
Satakunta,2020,nld,Dutch,14
Satakunta,2020,npi,Nepali,60
Satakunta,2020,pes,"Persian, Farsi",128
Satakunta,2020,pol,Polish,665
Satakunta,2020,por,Portuguese,72
Satakunta,2020,ron,Romanian,358
Satakunta,2020,rus,Russian,1362
Satakunta,2020,slk,Slovak,79
Satakunta,2020,som,Somali,29
Satakunta,2020,spa,Spanish,117
Satakunta,2020,swe,Swedish,779
Satakunta,2020,tam,Tamil,10
Satakunta,2020,tgl,Tagalog,95
Satakunta,2020,tha,Thai,320
Satakunta,2020,tur,Turkish,346
Satakunta,2020,ukr,Ukrainian,316
Satakunta,2020,vie,Vietnamese,12
Satakunta,2020,yor,Yoruba,13
Satakunta,2020,zlm,Malay,11
Satakunta,2021,als,Albanian,18
Satakunta,2021,arb,Arabic,456
Satakunta,2021,ben,"Bengali, (Bangla)",10
Satakunta,2021,bul,Bulgarian,173
Satakunta,2021,ckb,Kurdish,133
Satakunta,2021,cmn,Chinese,217
Satakunta,2021,deu,German,270
Satakunta,2021,ekk,Estonian,1166
Satakunta,2021,ell,Greek (modern),104
Satakunta,2021,eng,English,382
Satakunta,2021,fin,Finnish,204311
Satakunta,2021,fra,French,313
Satakunta,2021,hin,Hindi,18
Satakunta,2021,hrv,Croatian,36
Satakunta,2021,hun,Hungarian,91
Satakunta,2021,ibo,Igbo,17
Satakunta,2021,ita,Italian,28
Satakunta,2021,jpn,Japanese,31
Satakunta,2021,lit,Lithuanian,63
Satakunta,2021,lvs,Latvian,163
Satakunta,2021,mar,Marathi,50
Satakunta,2021,nld,Dutch,13
Satakunta,2021,npi,Nepali,79
Satakunta,2021,pes,"Persian, Farsi",153
Satakunta,2021,pol,Polish,707
Satakunta,2021,por,Portuguese,74
Satakunta,2021,ron,Romanian,435
Satakunta,2021,rus,Russian,1441
Satakunta,2021,slk,Slovak,86
Satakunta,2021,som,Somali,37
Satakunta,2021,spa,Spanish,125
Satakunta,2021,swe,Swedish,799
Satakunta,2021,tgl,Tagalog,114
Satakunta,2021,tha,Thai,325
Satakunta,2021,tuk,Turkmen,12
Satakunta,2021,tur,Turkish,373
Satakunta,2021,ukr,Ukrainian,456
Satakunta,2021,vie,Vietnamese,22
Satakunta,2021,zlm,Malay,11
Satakunta,2022,als,Albanian,33
Satakunta,2022,arb,Arabic,492
Satakunta,2022,ben,"Bengali, (Bangla)",17
Satakunta,2022,bul,Bulgarian,168
Satakunta,2022,ces,Czech,11
Satakunta,2022,ckb,Kurdish,143
Satakunta,2022,cmn,Chinese,249
Satakunta,2022,deu,German,259
Satakunta,2022,ekk,Estonian,1157
Satakunta,2022,ell,Greek (modern),104
Satakunta,2022,eng,English,450
Satakunta,2022,fin,Finnish,202069
Satakunta,2022,fra,French,233
Satakunta,2022,hin,Hindi,35
Satakunta,2022,hrv,Croatian,37
Satakunta,2022,hun,Hungarian,89
Satakunta,2022,ibo,Igbo,17
Satakunta,2022,ita,Italian,27
Satakunta,2022,jpn,Japanese,28
Satakunta,2022,lit,Lithuanian,75
Satakunta,2022,lvs,Latvian,192
Satakunta,2022,mal,Malayalam,13
Satakunta,2022,mar,Marathi,41
Satakunta,2022,nld,Dutch,15
Satakunta,2022,npi,Nepali,106
Satakunta,2022,pes,"Persian, Farsi",180
Satakunta,2022,pol,Polish,690
Satakunta,2022,por,Portuguese,66
Satakunta,2022,ron,Romanian,454
Satakunta,2022,rus,Russian,1454
Satakunta,2022,sin,Sinhala,63
Satakunta,2022,slk,Slovak,77
Satakunta,2022,som,Somali,52
Satakunta,2022,spa,Spanish,143
Satakunta,2022,swe,Swedish,800
Satakunta,2022,tam,Tamil,11
Satakunta,2022,tgl,Tagalog,152
Satakunta,2022,tha,Thai,342
Satakunta,2022,tuk,Turkmen,12
Satakunta,2022,tur,Turkish,394
Satakunta,2022,ukr,Ukrainian,563
Satakunta,2022,urd,Urdu,20
Satakunta,2022,vie,Vietnamese,41
Satakunta,2022,yor,Yoruba,13
Satakunta,2022,zlm,Malay,11
Satakunta,2023,als,Albanian,51
Satakunta,2023,arb,Arabic,474
Satakunta,2023,azj,Azerbaijani,10
Satakunta,2023,ben,"Bengali, (Bangla)",94
Satakunta,2023,bul,Bulgarian,165
Satakunta,2023,ces,Czech,11
Satakunta,2023,ckb,Kurdish,126
Satakunta,2023,cmn,Chinese,289
Satakunta,2023,deu,German,237
Satakunta,2023,ekk,Estonian,1177
Satakunta,2023,ell,Greek (modern),110
Satakunta,2023,eng,English,558
Satakunta,2023,fin,Finnish,199752
Satakunta,2023,fra,French,202
Satakunta,2023,hin,Hindi,49
Satakunta,2023,hrv,Croatian,39
Satakunta,2023,hun,Hungarian,99
Satakunta,2023,ibo,Igbo,10
Satakunta,2023,ita,Italian,27
Satakunta,2023,jpn,Japanese,33
Satakunta,2023,lit,Lithuanian,74
Satakunta,2023,lvs,Latvian,203
Satakunta,2023,mal,Malayalam,13
Satakunta,2023,mar,Marathi,32
Satakunta,2023,nld,Dutch,17
Satakunta,2023,npi,Nepali,141
Satakunta,2023,pan,Panjabi,26
Satakunta,2023,pes,"Persian, Farsi",185
Satakunta,2023,pol,Polish,684
Satakunta,2023,por,Portuguese,64
Satakunta,2023,ron,Romanian,470
Satakunta,2023,rus,Russian,1633
Satakunta,2023,sin,Sinhala,182
Satakunta,2023,slk,Slovak,74
Satakunta,2023,som,Somali,55
Satakunta,2023,spa,Spanish,173
Satakunta,2023,srp,Serbian,10
Satakunta,2023,swe,Swedish,788
Satakunta,2023,tam,Tamil,20
Satakunta,2023,tgl,Tagalog,223
Satakunta,2023,tha,Thai,365
Satakunta,2023,tuk,Turkmen,11
Satakunta,2023,tur,Turkish,397
Satakunta,2023,ukr,Ukrainian,1263
Satakunta,2023,urd,Urdu,27
Satakunta,2023,vie,Vietnamese,66
Satakunta,2023,yor,Yoruba,14
Satakunta,2023,zlm,Malay,12
Satakunta,2024,als,Albanian,67
Satakunta,2024,arb,Arabic,481
Satakunta,2024,ben,"Bengali, (Bangla)",84
Satakunta,2024,bul,Bulgarian,168
Satakunta,2024,ces,Czech,11
Satakunta,2024,ckb,Kurdish,112
Satakunta,2024,cmn,Chinese,338
Satakunta,2024,deu,German,229
Satakunta,2024,ekk,Estonian,1165
Satakunta,2024,ell,Greek (modern),97
Satakunta,2024,eng,English,593
Satakunta,2024,fin,Finnish,197884
Satakunta,2024,fra,French,195
Satakunta,2024,hin,Hindi,70
Satakunta,2024,hrv,Croatian,40
Satakunta,2024,hun,Hungarian,95
Satakunta,2024,ibo,Igbo,14
Satakunta,2024,ita,Italian,30
Satakunta,2024,jpn,Japanese,30
Satakunta,2024,lit,Lithuanian,87
Satakunta,2024,lvs,Latvian,208
Satakunta,2024,mal,Malayalam,14
Satakunta,2024,mar,Marathi,23
Satakunta,2024,mya,Burmese,17
Satakunta,2024,nld,Dutch,18
Satakunta,2024,npi,Nepali,218
Satakunta,2024,pan,Panjabi,25
Satakunta,2024,pes,"Persian, Farsi",187
Satakunta,2024,pol,Polish,668
Satakunta,2024,por,Portuguese,67
Satakunta,2024,ron,Romanian,512
Satakunta,2024,rus,Russian,1696
Satakunta,2024,sin,Sinhala,324
Satakunta,2024,slk,Slovak,75
Satakunta,2024,som,Somali,48
Satakunta,2024,spa,Spanish,189
Satakunta,2024,swe,Swedish,797
Satakunta,2024,swh,Swahili,27
Satakunta,2024,tam,Tamil,26
Satakunta,2024,tel,Telugu,21
Satakunta,2024,tgl,Tagalog,290
Satakunta,2024,tha,Thai,387
Satakunta,2024,tuk,Turkmen,10
Satakunta,2024,tur,Turkish,428
Satakunta,2024,ukr,Ukrainian,1831
Satakunta,2024,urd,Urdu,54
Satakunta,2024,uzn,Uzbek,58
Satakunta,2024,vie,Vietnamese,100
Satakunta,2024,yor,Yoruba,12
Satakunta,2024,zlm,Malay,14
Satakunta,2025,als,Albanian,63
Satakunta,2025,amh,Amharic,33
Satakunta,2025,arb,Arabic,454
Satakunta,2025,ben,"Bengali, (Bangla)",127
Satakunta,2025,bul,Bulgarian,161
Satakunta,2025,ces,Czech,11
Satakunta,2025,ckb,Kurdish,102
Satakunta,2025,cmn,Chinese,299
Satakunta,2025,deu,German,186
Satakunta,2025,ekk,Estonian,1165
Satakunta,2025,ell,Greek (modern),55
Satakunta,2025,eng,English,612
Satakunta,2025,fin,Finnish,196035
Satakunta,2025,fra,French,137
Satakunta,2025,hin,Hindi,76
Satakunta,2025,hrv,Croatian,40
Satakunta,2025,hun,Hungarian,87
Satakunta,2025,ibo,Igbo,15
Satakunta,2025,ind,Indonesian,12
Satakunta,2025,ita,Italian,25
Satakunta,2025,jpn,Japanese,29
Satakunta,2025,lit,Lithuanian,83
Satakunta,2025,lvs,Latvian,209
Satakunta,2025,mal,Malayalam,52
Satakunta,2025,mar,Marathi,18
Satakunta,2025,mya,Burmese,34
Satakunta,2025,nld,Dutch,18
Satakunta,2025,npi,Nepali,248
Satakunta,2025,pan,Panjabi,37
Satakunta,2025,pes,"Persian, Farsi",246
Satakunta,2025,pol,Polish,642
Satakunta,2025,por,Portuguese,70
Satakunta,2025,ron,Romanian,500
Satakunta,2025,rus,Russian,1684
Satakunta,2025,sin,Sinhala,527
Satakunta,2025,slk,Slovak,67
Satakunta,2025,som,Somali,30
Satakunta,2025,spa,Spanish,190
Satakunta,2025,swe,Swedish,787
Satakunta,2025,swh,Swahili,32
Satakunta,2025,tam,Tamil,39
Satakunta,2025,tel,Telugu,22
Satakunta,2025,tgl,Tagalog,338
Satakunta,2025,tha,Thai,392
Satakunta,2025,tuk,Turkmen,10
Satakunta,2025,tur,Turkish,444
Satakunta,2025,ukr,Ukrainian,2061
Satakunta,2025,urd,Urdu,64
Satakunta,2025,uzn,Uzbek,38
Satakunta,2025,vie,Vietnamese,215
Satakunta,2025,yor,Yoruba,14
Satakunta,2025,zlm,Malay,15
South Karelia,1990,ces,Czech,10
South Karelia,1990,deu,German,11
South Karelia,1990,ekk,Estonian,36
South Karelia,1990,eng,English,22
South Karelia,1990,fin,Finnish,139560
South Karelia,1990,hun,Hungarian,13
South Karelia,1990,pes,"Persian, Farsi",12
South Karelia,1990,pol,Polish,12
South Karelia,1990,rus,Russian,174
South Karelia,1990,spa,Spanish,13
South Karelia,1990,swe,Swedish,155
South Karelia,1991,arb,Arabic,11
South Karelia,1991,cmn,Chinese,11
South Karelia,1991,deu,German,11
South Karelia,1991,ekk,Estonian,85
South Karelia,1991,eng,English,28
South Karelia,1991,fin,Finnish,139200
South Karelia,1991,hun,Hungarian,20
South Karelia,1991,pol,Polish,14
South Karelia,1991,rus,Russian,273
South Karelia,1991,som,Somali,74
South Karelia,1991,spa,Spanish,14
South Karelia,1991,swe,Swedish,167
South Karelia,1992,arb,Arabic,15
South Karelia,1992,cmn,Chinese,14
South Karelia,1992,deu,German,13
South Karelia,1992,ekk,Estonian,108
South Karelia,1992,eng,English,31
South Karelia,1992,fin,Finnish,138830
South Karelia,1992,hun,Hungarian,21
South Karelia,1992,pol,Polish,14
South Karelia,1992,ron,Romanian,11
South Karelia,1992,rus,Russian,378
South Karelia,1992,som,Somali,62
South Karelia,1992,spa,Spanish,15
South Karelia,1992,swe,Swedish,145
South Karelia,1993,als,Albanian,39
South Karelia,1993,arb,Arabic,10
South Karelia,1993,cmn,Chinese,22
South Karelia,1993,deu,German,16
South Karelia,1993,ekk,Estonian,113
South Karelia,1993,eng,English,32
South Karelia,1993,fin,Finnish,138386
South Karelia,1993,hun,Hungarian,20
South Karelia,1993,pol,Polish,16
South Karelia,1993,ron,Romanian,12
South Karelia,1993,rus,Russian,432
South Karelia,1993,som,Somali,20
South Karelia,1993,spa,Spanish,17
South Karelia,1993,swe,Swedish,158
South Karelia,1994,als,Albanian,27
South Karelia,1994,cmn,Chinese,22
South Karelia,1994,deu,German,16
South Karelia,1994,ekk,Estonian,127
South Karelia,1994,eng,English,34
South Karelia,1994,fin,Finnish,138006
South Karelia,1994,fra,French,10
South Karelia,1994,hun,Hungarian,19
South Karelia,1994,pol,Polish,17
South Karelia,1994,ron,Romanian,19
South Karelia,1994,rus,Russian,505
South Karelia,1994,som,Somali,28
South Karelia,1994,spa,Spanish,18
South Karelia,1994,swe,Swedish,155
South Karelia,1995,cmn,Chinese,19
South Karelia,1995,deu,German,19
South Karelia,1995,ekk,Estonian,127
South Karelia,1995,eng,English,37
South Karelia,1995,fin,Finnish,137221
South Karelia,1995,fra,French,10
South Karelia,1995,hun,Hungarian,17
South Karelia,1995,pol,Polish,19
South Karelia,1995,ron,Romanian,21
South Karelia,1995,rus,Russian,642
South Karelia,1995,spa,Spanish,17
South Karelia,1995,srp,Serbian,37
South Karelia,1995,swe,Swedish,158
South Karelia,1995,tha,Thai,10
South Karelia,1996,als,Albanian,10
South Karelia,1996,arb,Arabic,10
South Karelia,1996,ckb,Kurdish,12
South Karelia,1996,cmn,Chinese,20
South Karelia,1996,deu,German,26
South Karelia,1996,ekk,Estonian,133
South Karelia,1996,eng,English,40
South Karelia,1996,fin,Finnish,136516
South Karelia,1996,fra,French,12
South Karelia,1996,hun,Hungarian,15
South Karelia,1996,pes,"Persian, Farsi",10
South Karelia,1996,pol,Polish,19
South Karelia,1996,ron,Romanian,20
South Karelia,1996,rus,Russian,787
South Karelia,1996,spa,Spanish,20
South Karelia,1996,srp,Serbian,36
South Karelia,1996,swe,Swedish,161
South Karelia,1996,tur,Turkish,12
South Karelia,1997,als,Albanian,10
South Karelia,1997,arb,Arabic,14
South Karelia,1997,ckb,Kurdish,21
South Karelia,1997,cmn,Chinese,20
South Karelia,1997,deu,German,27
South Karelia,1997,ekk,Estonian,132
South Karelia,1997,eng,English,61
South Karelia,1997,fin,Finnish,136033
South Karelia,1997,fra,French,15
South Karelia,1997,hun,Hungarian,15
South Karelia,1997,pol,Polish,20
South Karelia,1997,ron,Romanian,21
South Karelia,1997,rus,Russian,1023
South Karelia,1997,spa,Spanish,23
South Karelia,1997,srp,Serbian,35
South Karelia,1997,swe,Swedish,165
South Karelia,1997,tha,Thai,12
South Karelia,1997,tur,Turkish,14
South Karelia,1998,arb,Arabic,19
South Karelia,1998,ces,Czech,11
South Karelia,1998,ckb,Kurdish,14
South Karelia,1998,cmn,Chinese,24
South Karelia,1998,deu,German,29
South Karelia,1998,ekk,Estonian,142
South Karelia,1998,eng,English,44
South Karelia,1998,fin,Finnish,135110
South Karelia,1998,fra,French,18
South Karelia,1998,hun,Hungarian,16
South Karelia,1998,pes,"Persian, Farsi",11
South Karelia,1998,pol,Polish,21
South Karelia,1998,ron,Romanian,19
South Karelia,1998,rus,Russian,1182
South Karelia,1998,som,Somali,14
South Karelia,1998,spa,Spanish,23
South Karelia,1998,srp,Serbian,29
South Karelia,1998,swe,Swedish,176
South Karelia,1998,tha,Thai,11
South Karelia,1998,tur,Turkish,10
South Karelia,1999,als,Albanian,12
South Karelia,1999,arb,Arabic,18
South Karelia,1999,ces,Czech,11
South Karelia,1999,ckb,Kurdish,24
South Karelia,1999,cmn,Chinese,31
South Karelia,1999,deu,German,29
South Karelia,1999,ekk,Estonian,135
South Karelia,1999,eng,English,59
South Karelia,1999,fin,Finnish,134159
South Karelia,1999,fra,French,17
South Karelia,1999,hun,Hungarian,16
South Karelia,1999,pol,Polish,21
South Karelia,1999,ron,Romanian,20
South Karelia,1999,rus,Russian,1364
South Karelia,1999,som,Somali,13
South Karelia,1999,spa,Spanish,24
South Karelia,1999,srp,Serbian,29
South Karelia,1999,swe,Swedish,178
South Karelia,1999,tha,Thai,12
South Karelia,1999,tur,Turkish,12
South Karelia,2000,als,Albanian,35
South Karelia,2000,arb,Arabic,42
South Karelia,2000,ces,Czech,11
South Karelia,2000,ckb,Kurdish,34
South Karelia,2000,cmn,Chinese,34
South Karelia,2000,deu,German,29
South Karelia,2000,ekk,Estonian,139
South Karelia,2000,eng,English,77
South Karelia,2000,fin,Finnish,133667
South Karelia,2000,fra,French,15
South Karelia,2000,hun,Hungarian,20
South Karelia,2000,pes,"Persian, Farsi",13
South Karelia,2000,pol,Polish,21
South Karelia,2000,ron,Romanian,25
South Karelia,2000,rus,Russian,1583
South Karelia,2000,som,Somali,14
South Karelia,2000,spa,Spanish,25
South Karelia,2000,srp,Serbian,29
South Karelia,2000,swe,Swedish,176
South Karelia,2000,tha,Thai,12
South Karelia,2000,tur,Turkish,12
South Karelia,2001,als,Albanian,44
South Karelia,2001,arb,Arabic,41
South Karelia,2001,ces,Czech,15
South Karelia,2001,ckb,Kurdish,36
South Karelia,2001,cmn,Chinese,34
South Karelia,2001,deu,German,25
South Karelia,2001,ekk,Estonian,154
South Karelia,2001,eng,English,86
South Karelia,2001,fin,Finnish,133271
South Karelia,2001,fra,French,16
South Karelia,2001,hun,Hungarian,19
South Karelia,2001,pes,"Persian, Farsi",16
South Karelia,2001,pol,Polish,22
South Karelia,2001,ron,Romanian,25
South Karelia,2001,rus,Russian,1795
South Karelia,2001,som,Somali,13
South Karelia,2001,spa,Spanish,22
South Karelia,2001,srp,Serbian,28
South Karelia,2001,swe,Swedish,174
South Karelia,2001,tha,Thai,15
South Karelia,2001,tur,Turkish,16
South Karelia,2002,als,Albanian,18
South Karelia,2002,arb,Arabic,33
South Karelia,2002,bos,Bosnian,18
South Karelia,2002,ces,Czech,14
South Karelia,2002,ckb,Kurdish,36
South Karelia,2002,cmn,Chinese,30
South Karelia,2002,deu,German,29
South Karelia,2002,ekk,Estonian,152
South Karelia,2002,eng,English,89
South Karelia,2002,fin,Finnish,132854
South Karelia,2002,fra,French,12
South Karelia,2002,hun,Hungarian,14
South Karelia,2002,pes,"Persian, Farsi",14
South Karelia,2002,pol,Polish,22
South Karelia,2002,ron,Romanian,25
South Karelia,2002,rus,Russian,1904
South Karelia,2002,som,Somali,13
South Karelia,2002,spa,Spanish,22
South Karelia,2002,swe,Swedish,170
South Karelia,2002,tha,Thai,22
South Karelia,2002,tur,Turkish,17
South Karelia,2002,ukr,Ukrainian,10
South Karelia,2003,als,Albanian,20
South Karelia,2003,amh,Amharic,10
South Karelia,2003,arb,Arabic,31
South Karelia,2003,bos,Bosnian,16
South Karelia,2003,ces,Czech,13
South Karelia,2003,ckb,Kurdish,18
South Karelia,2003,cmn,Chinese,32
South Karelia,2003,deu,German,27
South Karelia,2003,ekk,Estonian,165
South Karelia,2003,eng,English,99
South Karelia,2003,fin,Finnish,132316
South Karelia,2003,fra,French,13
South Karelia,2003,hun,Hungarian,12
South Karelia,2003,pes,"Persian, Farsi",12
South Karelia,2003,pol,Polish,22
South Karelia,2003,ron,Romanian,26
South Karelia,2003,rus,Russian,2021
South Karelia,2003,som,Somali,13
South Karelia,2003,spa,Spanish,27
South Karelia,2003,srp,Serbian,11
South Karelia,2003,swe,Swedish,166
South Karelia,2003,tha,Thai,25
South Karelia,2003,tur,Turkish,22
South Karelia,2003,ukr,Ukrainian,12
South Karelia,2004,als,Albanian,27
South Karelia,2004,amh,Amharic,10
South Karelia,2004,arb,Arabic,38
South Karelia,2004,bos,Bosnian,16
South Karelia,2004,ckb,Kurdish,31
South Karelia,2004,cmn,Chinese,35
South Karelia,2004,deu,German,31
South Karelia,2004,ekk,Estonian,179
South Karelia,2004,eng,English,93
South Karelia,2004,fin,Finnish,131599
South Karelia,2004,fra,French,10
South Karelia,2004,hun,Hungarian,14
South Karelia,2004,nld,Dutch,10
South Karelia,2004,pes,"Persian, Farsi",10
South Karelia,2004,pol,Polish,22
South Karelia,2004,ron,Romanian,24
South Karelia,2004,rus,Russian,2169
South Karelia,2004,som,Somali,12
South Karelia,2004,spa,Spanish,25
South Karelia,2004,srp,Serbian,11
South Karelia,2004,swe,Swedish,173
South Karelia,2004,tha,Thai,32
South Karelia,2004,tur,Turkish,37
South Karelia,2004,ukr,Ukrainian,14
South Karelia,2005,als,Albanian,28
South Karelia,2005,arb,Arabic,43
South Karelia,2005,bos,Bosnian,15
South Karelia,2005,che,Chechen,12
South Karelia,2005,ckb,Kurdish,32
South Karelia,2005,cmn,Chinese,43
South Karelia,2005,deu,German,41
South Karelia,2005,ekk,Estonian,172
South Karelia,2005,eng,English,92
South Karelia,2005,fin,Finnish,131270
South Karelia,2005,hun,Hungarian,15
South Karelia,2005,pes,"Persian, Farsi",15
South Karelia,2005,pol,Polish,22
South Karelia,2005,por,Portuguese,13
South Karelia,2005,ron,Romanian,25
South Karelia,2005,rus,Russian,2253
South Karelia,2005,som,Somali,11
South Karelia,2005,spa,Spanish,29
South Karelia,2005,srp,Serbian,14
South Karelia,2005,swe,Swedish,164
South Karelia,2005,tha,Thai,37
South Karelia,2005,tur,Turkish,44
South Karelia,2005,ukr,Ukrainian,14
South Karelia,2006,als,Albanian,30
South Karelia,2006,amh,Amharic,10
South Karelia,2006,arb,Arabic,31
South Karelia,2006,bos,Bosnian,17
South Karelia,2006,che,Chechen,18
South Karelia,2006,ckb,Kurdish,33
South Karelia,2006,cmn,Chinese,53
South Karelia,2006,deu,German,34
South Karelia,2006,ekk,Estonian,182
South Karelia,2006,eng,English,94
South Karelia,2006,fin,Finnish,130750
South Karelia,2006,fra,French,10
South Karelia,2006,hun,Hungarian,14
South Karelia,2006,pes,"Persian, Farsi",18
South Karelia,2006,pol,Polish,22
South Karelia,2006,ron,Romanian,26
South Karelia,2006,rus,Russian,2382
South Karelia,2006,som,Somali,10
South Karelia,2006,spa,Spanish,35
South Karelia,2006,srp,Serbian,14
South Karelia,2006,swe,Swedish,170
South Karelia,2006,tha,Thai,47
South Karelia,2006,tur,Turkish,63
South Karelia,2006,ukr,Ukrainian,16
South Karelia,2007,als,Albanian,31
South Karelia,2007,amh,Amharic,11
South Karelia,2007,arb,Arabic,40
South Karelia,2007,bos,Bosnian,15
South Karelia,2007,che,Chechen,18
South Karelia,2007,ckb,Kurdish,47
South Karelia,2007,cmn,Chinese,73
South Karelia,2007,deu,German,45
South Karelia,2007,ekk,Estonian,189
South Karelia,2007,eng,English,118
South Karelia,2007,fin,Finnish,129922
South Karelia,2007,fra,French,10
South Karelia,2007,hun,Hungarian,14
South Karelia,2007,pes,"Persian, Farsi",27
South Karelia,2007,pol,Polish,26
South Karelia,2007,por,Portuguese,10
South Karelia,2007,ron,Romanian,28
South Karelia,2007,rus,Russian,2516
South Karelia,2007,som,Somali,14
South Karelia,2007,spa,Spanish,35
South Karelia,2007,srp,Serbian,14
South Karelia,2007,swe,Swedish,160
South Karelia,2007,tha,Thai,58
South Karelia,2007,tur,Turkish,75
South Karelia,2007,ukr,Ukrainian,12
South Karelia,2007,urd,Urdu,11
South Karelia,2008,als,Albanian,30
South Karelia,2008,arb,Arabic,46
South Karelia,2008,bos,Bosnian,15
South Karelia,2008,che,Chechen,27
South Karelia,2008,ckb,Kurdish,60
South Karelia,2008,cmn,Chinese,96
South Karelia,2008,deu,German,45
South Karelia,2008,ekk,Estonian,192
South Karelia,2008,eng,English,126
South Karelia,2008,fin,Finnish,129289
South Karelia,2008,fra,French,12
South Karelia,2008,hun,Hungarian,14
South Karelia,2008,kin,Kinyarwanda,13
South Karelia,2008,lit,Lithuanian,13
South Karelia,2008,npi,Nepali,17
South Karelia,2008,pes,"Persian, Farsi",29
South Karelia,2008,pol,Polish,35
South Karelia,2008,por,Portuguese,10
South Karelia,2008,ron,Romanian,30
South Karelia,2008,rus,Russian,2687
South Karelia,2008,som,Somali,15
South Karelia,2008,spa,Spanish,36
South Karelia,2008,srp,Serbian,14
South Karelia,2008,swe,Swedish,157
South Karelia,2008,tha,Thai,71
South Karelia,2008,tur,Turkish,98
South Karelia,2008,ukr,Ukrainian,11
South Karelia,2008,urd,Urdu,17
South Karelia,2009,als,Albanian,29
South Karelia,2009,amh,Amharic,10
South Karelia,2009,arb,Arabic,56
South Karelia,2009,bos,Bosnian,15
South Karelia,2009,che,Chechen,29
South Karelia,2009,ckb,Kurdish,62
South Karelia,2009,cmn,Chinese,114
South Karelia,2009,deu,German,49
South Karelia,2009,ekk,Estonian,226
South Karelia,2009,eng,English,133
South Karelia,2009,fin,Finnish,128505
South Karelia,2009,fra,French,12
South Karelia,2009,hun,Hungarian,13
South Karelia,2009,kin,Kinyarwanda,16
South Karelia,2009,lit,Lithuanian,13
South Karelia,2009,npi,Nepali,25
South Karelia,2009,pes,"Persian, Farsi",36
South Karelia,2009,pol,Polish,34
South Karelia,2009,por,Portuguese,10
South Karelia,2009,ron,Romanian,23
South Karelia,2009,rus,Russian,2870
South Karelia,2009,som,Somali,22
South Karelia,2009,spa,Spanish,45
South Karelia,2009,srp,Serbian,14
South Karelia,2009,swe,Swedish,166
South Karelia,2009,swh,Swahili,10
South Karelia,2009,tgl,Tagalog,10
South Karelia,2009,tha,Thai,76
South Karelia,2009,tur,Turkish,110
South Karelia,2009,ukr,Ukrainian,11
South Karelia,2009,urd,Urdu,21
South Karelia,2009,vie,Vietnamese,15
South Karelia,2010,als,Albanian,35
South Karelia,2010,amh,Amharic,11
South Karelia,2010,arb,Arabic,49
South Karelia,2010,ben,"Bengali, (Bangla)",10
South Karelia,2010,bos,Bosnian,14
South Karelia,2010,che,Chechen,23
South Karelia,2010,ckb,Kurdish,77
South Karelia,2010,cmn,Chinese,143
South Karelia,2010,deu,German,53
South Karelia,2010,ekk,Estonian,247
South Karelia,2010,eng,English,142
South Karelia,2010,fin,Finnish,127815
South Karelia,2010,fra,French,18
South Karelia,2010,hun,Hungarian,14
South Karelia,2010,kin,Kinyarwanda,19
South Karelia,2010,lit,Lithuanian,13
South Karelia,2010,lvs,Latvian,12
South Karelia,2010,npi,Nepali,44
South Karelia,2010,pes,"Persian, Farsi",51
South Karelia,2010,pol,Polish,32
South Karelia,2010,por,Portuguese,10
South Karelia,2010,ron,Romanian,21
South Karelia,2010,rus,Russian,3100
South Karelia,2010,som,Somali,22
South Karelia,2010,spa,Spanish,38
South Karelia,2010,srp,Serbian,14
South Karelia,2010,swe,Swedish,176
South Karelia,2010,swh,Swahili,16
South Karelia,2010,tha,Thai,86
South Karelia,2010,tur,Turkish,98
South Karelia,2010,ukr,Ukrainian,12
South Karelia,2010,urd,Urdu,23
South Karelia,2010,vie,Vietnamese,17
South Karelia,2011,als,Albanian,27
South Karelia,2011,amh,Amharic,11
South Karelia,2011,arb,Arabic,56
South Karelia,2011,bos,Bosnian,15
South Karelia,2011,che,Chechen,19
South Karelia,2011,ckb,Kurdish,78
South Karelia,2011,cmn,Chinese,150
South Karelia,2011,deu,German,50
South Karelia,2011,ekk,Estonian,271
South Karelia,2011,eng,English,150
South Karelia,2011,fin,Finnish,126981
South Karelia,2011,fra,French,15
South Karelia,2011,hun,Hungarian,25
South Karelia,2011,kin,Kinyarwanda,19
South Karelia,2011,lit,Lithuanian,13
South Karelia,2011,lvs,Latvian,14
South Karelia,2011,npi,Nepali,32
South Karelia,2011,pes,"Persian, Farsi",60
South Karelia,2011,pol,Polish,35
South Karelia,2011,por,Portuguese,11
South Karelia,2011,ron,Romanian,22
South Karelia,2011,rus,Russian,3403
South Karelia,2011,som,Somali,32
South Karelia,2011,spa,Spanish,47
South Karelia,2011,srp,Serbian,16
South Karelia,2011,swe,Swedish,184
South Karelia,2011,swh,Swahili,22
South Karelia,2011,tgl,Tagalog,13
South Karelia,2011,tha,Thai,93
South Karelia,2011,tur,Turkish,104
South Karelia,2011,ukr,Ukrainian,13
South Karelia,2011,urd,Urdu,31
South Karelia,2011,vie,Vietnamese,22
South Karelia,2012,als,Albanian,28
South Karelia,2012,arb,Arabic,68
South Karelia,2012,bos,Bosnian,14
South Karelia,2012,bul,Bulgarian,18
South Karelia,2012,che,Chechen,20
South Karelia,2012,ckb,Kurdish,84
South Karelia,2012,cmn,Chinese,148
South Karelia,2012,deu,German,53
South Karelia,2012,ekk,Estonian,322
South Karelia,2012,eng,English,158
South Karelia,2012,fin,Finnish,126287
South Karelia,2012,fra,French,18
South Karelia,2012,hin,Hindi,10
South Karelia,2012,hun,Hungarian,22
South Karelia,2012,ita,Italian,11
South Karelia,2012,kin,Kinyarwanda,21
South Karelia,2012,lit,Lithuanian,15
South Karelia,2012,lvs,Latvian,19
South Karelia,2012,npi,Nepali,32
South Karelia,2012,pes,"Persian, Farsi",64
South Karelia,2012,pol,Polish,35
South Karelia,2012,por,Portuguese,13
South Karelia,2012,ron,Romanian,29
South Karelia,2012,rus,Russian,3730
South Karelia,2012,som,Somali,36
South Karelia,2012,spa,Spanish,65
South Karelia,2012,srp,Serbian,15
South Karelia,2012,swe,Swedish,188
South Karelia,2012,swh,Swahili,26
South Karelia,2012,tgl,Tagalog,16
South Karelia,2012,tha,Thai,97
South Karelia,2012,tur,Turkish,109
South Karelia,2012,ukr,Ukrainian,15
South Karelia,2012,urd,Urdu,34
South Karelia,2012,vie,Vietnamese,41
South Karelia,2012,yor,Yoruba,11
South Karelia,2013,als,Albanian,30
South Karelia,2013,amh,Amharic,10
South Karelia,2013,arb,Arabic,87
South Karelia,2013,bos,Bosnian,11
South Karelia,2013,bul,Bulgarian,20
South Karelia,2013,che,Chechen,10
South Karelia,2013,ckb,Kurdish,90
South Karelia,2013,cmn,Chinese,142
South Karelia,2013,deu,German,53
South Karelia,2013,ekk,Estonian,350
South Karelia,2013,eng,English,150
South Karelia,2013,fin,Finnish,125757
South Karelia,2013,fra,French,20
South Karelia,2013,hun,Hungarian,20
South Karelia,2013,ita,Italian,14
South Karelia,2013,kin,Kinyarwanda,26
South Karelia,2013,lit,Lithuanian,17
South Karelia,2013,lvs,Latvian,19
South Karelia,2013,npi,Nepali,30
South Karelia,2013,pes,"Persian, Farsi",70
South Karelia,2013,pol,Polish,37
South Karelia,2013,por,Portuguese,14
South Karelia,2013,ron,Romanian,37
South Karelia,2013,rus,Russian,4030
South Karelia,2013,som,Somali,35
South Karelia,2013,spa,Spanish,72
South Karelia,2013,srp,Serbian,15
South Karelia,2013,swe,Swedish,181
South Karelia,2013,swh,Swahili,28
South Karelia,2013,tel,Telugu,10
South Karelia,2013,tgl,Tagalog,14
South Karelia,2013,tha,Thai,146
South Karelia,2013,tur,Turkish,105
South Karelia,2013,ukr,Ukrainian,18
South Karelia,2013,urd,Urdu,45
South Karelia,2013,vie,Vietnamese,45
South Karelia,2014,als,Albanian,32
South Karelia,2014,amh,Amharic,11
South Karelia,2014,arb,Arabic,130
South Karelia,2014,ben,"Bengali, (Bangla)",15
South Karelia,2014,bos,Bosnian,11
South Karelia,2014,bul,Bulgarian,26
South Karelia,2014,che,Chechen,10
South Karelia,2014,ckb,Kurdish,102
South Karelia,2014,cmn,Chinese,132
South Karelia,2014,deu,German,56
South Karelia,2014,ekk,Estonian,363
South Karelia,2014,ell,Greek (modern),11
South Karelia,2014,eng,English,163
South Karelia,2014,fin,Finnish,124858
South Karelia,2014,fra,French,22
South Karelia,2014,guj,Gujarati,10
South Karelia,2014,hin,Hindi,11
South Karelia,2014,hun,Hungarian,20
South Karelia,2014,ita,Italian,16
South Karelia,2014,kin,Kinyarwanda,30
South Karelia,2014,lit,Lithuanian,17
South Karelia,2014,lvs,Latvian,19
South Karelia,2014,npi,Nepali,38
South Karelia,2014,pes,"Persian, Farsi",89
South Karelia,2014,pol,Polish,39
South Karelia,2014,por,Portuguese,14
South Karelia,2014,ron,Romanian,41
South Karelia,2014,rus,Russian,4248
South Karelia,2014,som,Somali,32
South Karelia,2014,spa,Spanish,77
South Karelia,2014,srp,Serbian,17
South Karelia,2014,swe,Swedish,200
South Karelia,2014,swh,Swahili,29
South Karelia,2014,tgl,Tagalog,13
South Karelia,2014,tha,Thai,157
South Karelia,2014,tur,Turkish,115
South Karelia,2014,ukr,Ukrainian,19
South Karelia,2014,urd,Urdu,58
South Karelia,2014,vie,Vietnamese,42
South Karelia,2014,yor,Yoruba,11
South Karelia,2015,als,Albanian,36
South Karelia,2015,amh,Amharic,10
South Karelia,2015,arb,Arabic,127
South Karelia,2015,ben,"Bengali, (Bangla)",31
South Karelia,2015,bos,Bosnian,12
South Karelia,2015,bul,Bulgarian,19
South Karelia,2015,ckb,Kurdish,112
South Karelia,2015,cmn,Chinese,133
South Karelia,2015,deu,German,54
South Karelia,2015,ekk,Estonian,385
South Karelia,2015,ell,Greek (modern),12
South Karelia,2015,eng,English,169
South Karelia,2015,fin,Finnish,123880
South Karelia,2015,fra,French,24
South Karelia,2015,hin,Hindi,12
South Karelia,2015,hun,Hungarian,20
South Karelia,2015,ita,Italian,16
South Karelia,2015,kin,Kinyarwanda,32
South Karelia,2015,lit,Lithuanian,20
South Karelia,2015,lvs,Latvian,23
South Karelia,2015,npi,Nepali,36
South Karelia,2015,pes,"Persian, Farsi",106
South Karelia,2015,pol,Polish,42
South Karelia,2015,por,Portuguese,17
South Karelia,2015,ron,Romanian,45
South Karelia,2015,rus,Russian,4432
South Karelia,2015,som,Somali,36
South Karelia,2015,spa,Spanish,92
South Karelia,2015,srp,Serbian,16
South Karelia,2015,swe,Swedish,181
South Karelia,2015,swh,Swahili,29
South Karelia,2015,tgl,Tagalog,13
South Karelia,2015,tha,Thai,164
South Karelia,2015,tur,Turkish,135
South Karelia,2015,ukr,Ukrainian,24
South Karelia,2015,urd,Urdu,67
South Karelia,2015,vie,Vietnamese,61
South Karelia,2015,yor,Yoruba,14
South Karelia,2016,als,Albanian,38
South Karelia,2016,amh,Amharic,12
South Karelia,2016,arb,Arabic,203
South Karelia,2016,ben,"Bengali, (Bangla)",40
South Karelia,2016,bos,Bosnian,12
South Karelia,2016,bul,Bulgarian,20
South Karelia,2016,ckb,Kurdish,119
South Karelia,2016,cmn,Chinese,127
South Karelia,2016,deu,German,59
South Karelia,2016,ekk,Estonian,368
South Karelia,2016,ell,Greek (modern),12
South Karelia,2016,eng,English,168
South Karelia,2016,fin,Finnish,122820
South Karelia,2016,fra,French,21
South Karelia,2016,guj,Gujarati,10
South Karelia,2016,hin,Hindi,12
South Karelia,2016,hun,Hungarian,20
South Karelia,2016,ita,Italian,17
South Karelia,2016,kin,Kinyarwanda,33
South Karelia,2016,lit,Lithuanian,19
South Karelia,2016,lvs,Latvian,21
South Karelia,2016,npi,Nepali,42
South Karelia,2016,pes,"Persian, Farsi",120
South Karelia,2016,pol,Polish,49
South Karelia,2016,por,Portuguese,23
South Karelia,2016,pst,Pushto,11
South Karelia,2016,ron,Romanian,57
South Karelia,2016,rus,Russian,4617
South Karelia,2016,som,Somali,36
South Karelia,2016,spa,Spanish,96
South Karelia,2016,srp,Serbian,16
South Karelia,2016,swe,Swedish,178
South Karelia,2016,swh,Swahili,28
South Karelia,2016,tam,Tamil,12
South Karelia,2016,tgl,Tagalog,13
South Karelia,2016,tha,Thai,180
South Karelia,2016,tir,Tigrinya,13
South Karelia,2016,tur,Turkish,134
South Karelia,2016,ukr,Ukrainian,35
South Karelia,2016,urd,Urdu,76
South Karelia,2016,vie,Vietnamese,94
South Karelia,2016,yor,Yoruba,11
South Karelia,2017,als,Albanian,27
South Karelia,2017,amh,Amharic,14
South Karelia,2017,arb,Arabic,230
South Karelia,2017,azj,Azerbaijani,11
South Karelia,2017,ben,"Bengali, (Bangla)",43
South Karelia,2017,bos,Bosnian,13
South Karelia,2017,bul,Bulgarian,20
South Karelia,2017,che,Chechen,11
South Karelia,2017,ckb,Kurdish,122
South Karelia,2017,cmn,Chinese,136
South Karelia,2017,deu,German,57
South Karelia,2017,ekk,Estonian,368
South Karelia,2017,ell,Greek (modern),12
South Karelia,2017,eng,English,175
South Karelia,2017,fin,Finnish,121923
South Karelia,2017,fra,French,23
South Karelia,2017,hin,Hindi,14
South Karelia,2017,hun,Hungarian,16
South Karelia,2017,ita,Italian,23
South Karelia,2017,kin,Kinyarwanda,45
South Karelia,2017,lit,Lithuanian,20
South Karelia,2017,lvs,Latvian,22
South Karelia,2017,nld,Dutch,14
South Karelia,2017,npi,Nepali,43
South Karelia,2017,pes,"Persian, Farsi",136
South Karelia,2017,pol,Polish,51
South Karelia,2017,por,Portuguese,26
South Karelia,2017,pst,Pushto,11
South Karelia,2017,ron,Romanian,51
South Karelia,2017,rus,Russian,4691
South Karelia,2017,som,Somali,33
South Karelia,2017,spa,Spanish,99
South Karelia,2017,srp,Serbian,17
South Karelia,2017,swe,Swedish,196
South Karelia,2017,swh,Swahili,29
South Karelia,2017,tam,Tamil,15
South Karelia,2017,tgl,Tagalog,17
South Karelia,2017,tha,Thai,159
South Karelia,2017,tir,Tigrinya,36
South Karelia,2017,tur,Turkish,140
South Karelia,2017,ukr,Ukrainian,38
South Karelia,2017,urd,Urdu,75
South Karelia,2017,vie,Vietnamese,93
South Karelia,2018,als,Albanian,27
South Karelia,2018,amh,Amharic,13
South Karelia,2018,arb,Arabic,209
South Karelia,2018,azj,Azerbaijani,10
South Karelia,2018,ben,"Bengali, (Bangla)",43
South Karelia,2018,bos,Bosnian,13
South Karelia,2018,bul,Bulgarian,21
South Karelia,2018,che,Chechen,11
South Karelia,2018,ckb,Kurdish,128
South Karelia,2018,cmn,Chinese,131
South Karelia,2018,deu,German,63
South Karelia,2018,ekk,Estonian,373
South Karelia,2018,ell,Greek (modern),14
South Karelia,2018,eng,English,192
South Karelia,2018,fin,Finnish,120656
South Karelia,2018,fra,French,21
South Karelia,2018,guj,Gujarati,11
South Karelia,2018,hin,Hindi,21
South Karelia,2018,hun,Hungarian,15
South Karelia,2018,ind,Indonesian,10
South Karelia,2018,ita,Italian,17
South Karelia,2018,kan,Kannada,10
South Karelia,2018,kin,Kinyarwanda,46
South Karelia,2018,lit,Lithuanian,20
South Karelia,2018,lvs,Latvian,19
South Karelia,2018,nld,Dutch,14
South Karelia,2018,npi,Nepali,38
South Karelia,2018,pes,"Persian, Farsi",121
South Karelia,2018,pol,Polish,62
South Karelia,2018,por,Portuguese,33
South Karelia,2018,pst,Pushto,12
South Karelia,2018,ron,Romanian,54
South Karelia,2018,rus,Russian,4806
South Karelia,2018,som,Somali,34
South Karelia,2018,spa,Spanish,95
South Karelia,2018,srp,Serbian,15
South Karelia,2018,swe,Swedish,194
South Karelia,2018,swh,Swahili,33
South Karelia,2018,tam,Tamil,24
South Karelia,2018,tgl,Tagalog,15
South Karelia,2018,tha,Thai,190
South Karelia,2018,tir,Tigrinya,13
South Karelia,2018,tur,Turkish,145
South Karelia,2018,ukr,Ukrainian,41
South Karelia,2018,urd,Urdu,73
South Karelia,2018,vie,Vietnamese,123
South Karelia,2019,als,Albanian,25
South Karelia,2019,amh,Amharic,14
South Karelia,2019,arb,Arabic,201
South Karelia,2019,ben,"Bengali, (Bangla)",49
South Karelia,2019,bos,Bosnian,13
South Karelia,2019,bul,Bulgarian,25
South Karelia,2019,che,Chechen,10
South Karelia,2019,ckb,Kurdish,143
South Karelia,2019,cmn,Chinese,129
South Karelia,2019,deu,German,70
South Karelia,2019,ekk,Estonian,359
South Karelia,2019,ell,Greek (modern),12
South Karelia,2019,eng,English,212
South Karelia,2019,fin,Finnish,119444
South Karelia,2019,fra,French,25
South Karelia,2019,hin,Hindi,23
South Karelia,2019,hun,Hungarian,16
South Karelia,2019,ibo,Igbo,14
South Karelia,2019,ita,Italian,16
South Karelia,2019,jpn,Japanese,22
South Karelia,2019,kan,Kannada,14
South Karelia,2019,kin,Kinyarwanda,38
South Karelia,2019,lit,Lithuanian,21
South Karelia,2019,lvs,Latvian,18
South Karelia,2019,mar,Marathi,17
South Karelia,2019,nld,Dutch,13
South Karelia,2019,npi,Nepali,38
South Karelia,2019,pes,"Persian, Farsi",131
South Karelia,2019,pol,Polish,59
South Karelia,2019,por,Portuguese,35
South Karelia,2019,ron,Romanian,54
South Karelia,2019,rus,Russian,4904
South Karelia,2019,som,Somali,39
South Karelia,2019,spa,Spanish,118
South Karelia,2019,srp,Serbian,16
South Karelia,2019,swe,Swedish,189
South Karelia,2019,swh,Swahili,26
South Karelia,2019,tam,Tamil,35
South Karelia,2019,tel,Telugu,14
South Karelia,2019,tgl,Tagalog,19
South Karelia,2019,tha,Thai,178
South Karelia,2019,tur,Turkish,152
South Karelia,2019,ukr,Ukrainian,46
South Karelia,2019,urd,Urdu,80
South Karelia,2019,vie,Vietnamese,129
South Karelia,2020,aka,Akan,10
South Karelia,2020,als,Albanian,24
South Karelia,2020,amh,Amharic,11
South Karelia,2020,arb,Arabic,190
South Karelia,2020,azj,Azerbaijani,10
South Karelia,2020,ben,"Bengali, (Bangla)",50
South Karelia,2020,bos,Bosnian,13
South Karelia,2020,bul,Bulgarian,28
South Karelia,2020,ckb,Kurdish,150
South Karelia,2020,cmn,Chinese,142
South Karelia,2020,deu,German,69
South Karelia,2020,ekk,Estonian,363
South Karelia,2020,ell,Greek (modern),12
South Karelia,2020,eng,English,217
South Karelia,2020,fin,Finnish,118423
South Karelia,2020,fra,French,23
South Karelia,2020,hin,Hindi,22
South Karelia,2020,hun,Hungarian,18
South Karelia,2020,ibo,Igbo,16
South Karelia,2020,ita,Italian,18
South Karelia,2020,jpn,Japanese,22
South Karelia,2020,kan,Kannada,13
South Karelia,2020,kin,Kinyarwanda,40
South Karelia,2020,lit,Lithuanian,21
South Karelia,2020,lvs,Latvian,18
South Karelia,2020,mar,Marathi,18
South Karelia,2020,nld,Dutch,14
South Karelia,2020,npi,Nepali,33
South Karelia,2020,pes,"Persian, Farsi",157
South Karelia,2020,pol,Polish,62
South Karelia,2020,por,Portuguese,35
South Karelia,2020,pst,Pushto,10
South Karelia,2020,ron,Romanian,54
South Karelia,2020,rus,Russian,4997
South Karelia,2020,sin,Sinhala,11
South Karelia,2020,som,Somali,40
South Karelia,2020,spa,Spanish,118
South Karelia,2020,srp,Serbian,14
South Karelia,2020,swe,Swedish,192
South Karelia,2020,swh,Swahili,24
South Karelia,2020,tam,Tamil,35
South Karelia,2020,tel,Telugu,17
South Karelia,2020,tgl,Tagalog,19
South Karelia,2020,tha,Thai,185
South Karelia,2020,tur,Turkish,165
South Karelia,2020,ukr,Ukrainian,48
South Karelia,2020,urd,Urdu,84
South Karelia,2020,vie,Vietnamese,109
South Karelia,2021,als,Albanian,24
South Karelia,2021,amh,Amharic,12
South Karelia,2021,arb,Arabic,212
South Karelia,2021,ben,"Bengali, (Bangla)",54
South Karelia,2021,bos,Bosnian,12
South Karelia,2021,bul,Bulgarian,28
South Karelia,2021,ckb,Kurdish,142
South Karelia,2021,cmn,Chinese,189
South Karelia,2021,deu,German,80
South Karelia,2021,ekk,Estonian,351
South Karelia,2021,ell,Greek (modern),14
South Karelia,2021,eng,English,265
South Karelia,2021,fin,Finnish,117324
South Karelia,2021,fra,French,27
South Karelia,2021,guj,Gujarati,10
South Karelia,2021,hin,Hindi,25
South Karelia,2021,hun,Hungarian,19
South Karelia,2021,ibo,Igbo,15
South Karelia,2021,ita,Italian,21
South Karelia,2021,jpn,Japanese,19
South Karelia,2021,kin,Kinyarwanda,37
South Karelia,2021,lit,Lithuanian,21
South Karelia,2021,lvs,Latvian,15
South Karelia,2021,mar,Marathi,19
South Karelia,2021,nld,Dutch,20
South Karelia,2021,npi,Nepali,42
South Karelia,2021,pes,"Persian, Farsi",188
South Karelia,2021,pol,Polish,65
South Karelia,2021,por,Portuguese,37
South Karelia,2021,pst,Pushto,26
South Karelia,2021,ron,Romanian,57
South Karelia,2021,rus,Russian,5037
South Karelia,2021,sin,Sinhala,13
South Karelia,2021,som,Somali,39
South Karelia,2021,spa,Spanish,135
South Karelia,2021,srp,Serbian,10
South Karelia,2021,swe,Swedish,186
South Karelia,2021,swh,Swahili,25
South Karelia,2021,tam,Tamil,40
South Karelia,2021,tel,Telugu,15
South Karelia,2021,tgl,Tagalog,20
South Karelia,2021,tha,Thai,188
South Karelia,2021,tur,Turkish,171
South Karelia,2021,ukr,Ukrainian,49
South Karelia,2021,urd,Urdu,89
South Karelia,2021,vie,Vietnamese,141
South Karelia,2022,aka,Akan,10
South Karelia,2022,als,Albanian,19
South Karelia,2022,amh,Amharic,13
South Karelia,2022,arb,Arabic,248
South Karelia,2022,ben,"Bengali, (Bangla)",106
South Karelia,2022,bos,Bosnian,11
South Karelia,2022,bul,Bulgarian,34
South Karelia,2022,ckb,Kurdish,153
South Karelia,2022,cmn,Chinese,244
South Karelia,2022,deu,German,79
South Karelia,2022,ekk,Estonian,341
South Karelia,2022,ell,Greek (modern),15
South Karelia,2022,eng,English,323
South Karelia,2022,fin,Finnish,115884
South Karelia,2022,fra,French,30
South Karelia,2022,hin,Hindi,43
South Karelia,2022,hun,Hungarian,19
South Karelia,2022,ibo,Igbo,17
South Karelia,2022,ind,Indonesian,11
South Karelia,2022,ita,Italian,23
South Karelia,2022,jpn,Japanese,13
South Karelia,2022,kan,Kannada,11
South Karelia,2022,kin,Kinyarwanda,49
South Karelia,2022,lit,Lithuanian,22
South Karelia,2022,lvs,Latvian,15
South Karelia,2022,mar,Marathi,31
South Karelia,2022,nld,Dutch,22
South Karelia,2022,npi,Nepali,56
South Karelia,2022,pan,Panjabi,11
South Karelia,2022,pes,"Persian, Farsi",200
South Karelia,2022,pol,Polish,54
South Karelia,2022,por,Portuguese,43
South Karelia,2022,pst,Pushto,15
South Karelia,2022,ron,Romanian,57
South Karelia,2022,rus,Russian,5291
South Karelia,2022,sin,Sinhala,64
South Karelia,2022,som,Somali,33
South Karelia,2022,spa,Spanish,164
South Karelia,2022,swe,Swedish,192
South Karelia,2022,swh,Swahili,36
South Karelia,2022,tam,Tamil,44
South Karelia,2022,tel,Telugu,17
South Karelia,2022,tgl,Tagalog,27
South Karelia,2022,tha,Thai,202
South Karelia,2022,tur,Turkish,183
South Karelia,2022,ukr,Ukrainian,59
South Karelia,2022,urd,Urdu,130
South Karelia,2022,vie,Vietnamese,142
South Karelia,2022,yor,Yoruba,12
South Karelia,2023,aka,Akan,11
South Karelia,2023,als,Albanian,19
South Karelia,2023,amh,Amharic,12
South Karelia,2023,arb,Arabic,259
South Karelia,2023,azj,Azerbaijani,10
South Karelia,2023,ben,"Bengali, (Bangla)",165
South Karelia,2023,bos,Bosnian,11
South Karelia,2023,bul,Bulgarian,33
South Karelia,2023,ckb,Kurdish,153
South Karelia,2023,cmn,Chinese,342
South Karelia,2023,deu,German,80
South Karelia,2023,ekk,Estonian,353
South Karelia,2023,ell,Greek (modern),14
South Karelia,2023,eng,English,406
South Karelia,2023,fin,Finnish,114453
South Karelia,2023,fra,French,36
South Karelia,2023,guj,Gujarati,13
South Karelia,2023,hin,Hindi,54
South Karelia,2023,hun,Hungarian,29
South Karelia,2023,ibo,Igbo,15
South Karelia,2023,ind,Indonesian,11
South Karelia,2023,ita,Italian,22
South Karelia,2023,jpn,Japanese,14
South Karelia,2023,kan,Kannada,14
South Karelia,2023,khk,Mongolian,13
South Karelia,2023,kin,Kinyarwanda,64
South Karelia,2023,kor,Korean,13
South Karelia,2023,lit,Lithuanian,34
South Karelia,2023,lvs,Latvian,32
South Karelia,2023,mal,Malayalam,10
South Karelia,2023,mar,Marathi,30
South Karelia,2023,mya,Burmese,11
South Karelia,2023,nld,Dutch,23
South Karelia,2023,npi,Nepali,99
South Karelia,2023,nya,"Chichewa, Chewa, Nyanja",11
South Karelia,2023,pan,Panjabi,13
South Karelia,2023,pes,"Persian, Farsi",221
South Karelia,2023,pol,Polish,65
South Karelia,2023,por,Portuguese,55
South Karelia,2023,pst,Pushto,11
South Karelia,2023,ron,Romanian,63
South Karelia,2023,rus,Russian,5506
South Karelia,2023,sin,Sinhala,145
South Karelia,2023,som,Somali,36
South Karelia,2023,spa,Spanish,154
South Karelia,2023,swe,Swedish,187
South Karelia,2023,swh,Swahili,38
South Karelia,2023,tam,Tamil,44
South Karelia,2023,tel,Telugu,17
South Karelia,2023,tgl,Tagalog,31
South Karelia,2023,tha,Thai,236
South Karelia,2023,tur,Turkish,191
South Karelia,2023,ukr,Ukrainian,380
South Karelia,2023,urd,Urdu,161
South Karelia,2023,vie,Vietnamese,142
South Karelia,2023,yor,Yoruba,14
South Karelia,2024,als,Albanian,19
South Karelia,2024,amh,Amharic,12
South Karelia,2024,arb,Arabic,269
South Karelia,2024,azj,Azerbaijani,14
South Karelia,2024,ben,"Bengali, (Bangla)",271
South Karelia,2024,bos,Bosnian,11
South Karelia,2024,bul,Bulgarian,30
South Karelia,2024,ckb,Kurdish,159
South Karelia,2024,cmn,Chinese,433
South Karelia,2024,deu,German,90
South Karelia,2024,ekk,Estonian,346
South Karelia,2024,ell,Greek (modern),15
South Karelia,2024,eng,English,464
South Karelia,2024,fin,Finnish,113066
South Karelia,2024,fra,French,34
South Karelia,2024,guj,Gujarati,17
South Karelia,2024,hin,Hindi,61
South Karelia,2024,hun,Hungarian,31
South Karelia,2024,ibo,Igbo,28
South Karelia,2024,ind,Indonesian,17
South Karelia,2024,ita,Italian,26
South Karelia,2024,jpn,Japanese,13
South Karelia,2024,kan,Kannada,21
South Karelia,2024,khk,Mongolian,26
South Karelia,2024,kin,Kinyarwanda,74
South Karelia,2024,kor,Korean,13
South Karelia,2024,lit,Lithuanian,37
South Karelia,2024,lvs,Latvian,22
South Karelia,2024,mal,Malayalam,24
South Karelia,2024,mar,Marathi,26
South Karelia,2024,mya,Burmese,84
South Karelia,2024,nld,Dutch,22
South Karelia,2024,npi,Nepali,152
South Karelia,2024,nya,"Chichewa, Chewa, Nyanja",17
South Karelia,2024,pan,Panjabi,13
South Karelia,2024,pes,"Persian, Farsi",316
South Karelia,2024,pol,Polish,69
South Karelia,2024,por,Portuguese,63
South Karelia,2024,pst,Pushto,15
South Karelia,2024,ron,Romanian,65
South Karelia,2024,rus,Russian,5587
South Karelia,2024,sin,Sinhala,205
South Karelia,2024,som,Somali,41
South Karelia,2024,spa,Spanish,165
South Karelia,2024,swe,Swedish,190
South Karelia,2024,swh,Swahili,60
South Karelia,2024,tam,Tamil,49
South Karelia,2024,tel,Telugu,21
South Karelia,2024,tgl,Tagalog,57
South Karelia,2024,tha,Thai,263
South Karelia,2024,tur,Turkish,235
South Karelia,2024,ukr,Ukrainian,624
South Karelia,2024,urd,Urdu,271
South Karelia,2024,vie,Vietnamese,165
South Karelia,2024,yor,Yoruba,20
South Karelia,2025,aka,Akan,10
South Karelia,2025,als,Albanian,20
South Karelia,2025,amh,Amharic,17
South Karelia,2025,arb,Arabic,273
South Karelia,2025,azj,Azerbaijani,11
South Karelia,2025,ben,"Bengali, (Bangla)",318
South Karelia,2025,bos,Bosnian,12
South Karelia,2025,bul,Bulgarian,32
South Karelia,2025,ckb,Kurdish,159
South Karelia,2025,cmn,Chinese,494
South Karelia,2025,deu,German,89
South Karelia,2025,ekk,Estonian,338
South Karelia,2025,ell,Greek (modern),15
South Karelia,2025,eng,English,505
South Karelia,2025,fin,Finnish,111635
South Karelia,2025,fra,French,39
South Karelia,2025,guj,Gujarati,19
South Karelia,2025,hin,Hindi,73
South Karelia,2025,hun,Hungarian,41
South Karelia,2025,ibo,Igbo,44
South Karelia,2025,ind,Indonesian,21
South Karelia,2025,ita,Italian,25
South Karelia,2025,jpn,Japanese,13
South Karelia,2025,kan,Kannada,20
South Karelia,2025,khk,Mongolian,38
South Karelia,2025,kin,Kinyarwanda,77
South Karelia,2025,kor,Korean,11
South Karelia,2025,lit,Lithuanian,30
South Karelia,2025,lvs,Latvian,21
South Karelia,2025,mal,Malayalam,27
South Karelia,2025,mar,Marathi,27
South Karelia,2025,mya,Burmese,146
South Karelia,2025,nld,Dutch,22
South Karelia,2025,npi,Nepali,192
South Karelia,2025,pan,Panjabi,14
South Karelia,2025,pes,"Persian, Farsi",370
South Karelia,2025,pol,Polish,69
South Karelia,2025,por,Portuguese,64
South Karelia,2025,pst,Pushto,25
South Karelia,2025,ron,Romanian,65
South Karelia,2025,rus,Russian,5421
South Karelia,2025,sin,Sinhala,246
South Karelia,2025,slk,Slovak,10
South Karelia,2025,som,Somali,41
South Karelia,2025,spa,Spanish,168
South Karelia,2025,swe,Swedish,196
South Karelia,2025,swh,Swahili,52
South Karelia,2025,tam,Tamil,35
South Karelia,2025,tel,Telugu,22
South Karelia,2025,tgl,Tagalog,61
South Karelia,2025,tha,Thai,262
South Karelia,2025,tur,Turkish,274
South Karelia,2025,ukr,Ukrainian,789
South Karelia,2025,urd,Urdu,346
South Karelia,2025,vie,Vietnamese,161
South Karelia,2025,yor,Yoruba,26
South Ostrobothnia,1990,ekk,Estonian,17
South Ostrobothnia,1990,eng,English,12
South Ostrobothnia,1990,fin,Finnish,206279
South Ostrobothnia,1990,hun,Hungarian,12
South Ostrobothnia,1990,pol,Polish,12
South Ostrobothnia,1990,rus,Russian,12
South Ostrobothnia,1990,swe,Swedish,457
South Ostrobothnia,1991,ekk,Estonian,72
South Ostrobothnia,1991,eng,English,16
South Ostrobothnia,1991,fin,Finnish,206449
South Ostrobothnia,1991,hun,Hungarian,13
South Ostrobothnia,1991,pol,Polish,15
South Ostrobothnia,1991,rus,Russian,64
South Ostrobothnia,1991,swe,Swedish,469
South Ostrobothnia,1992,arb,Arabic,13
South Ostrobothnia,1992,ekk,Estonian,131
South Ostrobothnia,1992,eng,English,17
South Ostrobothnia,1992,fin,Finnish,206740
South Ostrobothnia,1992,hun,Hungarian,14
South Ostrobothnia,1992,pol,Polish,19
South Ostrobothnia,1992,rus,Russian,73
South Ostrobothnia,1992,swe,Swedish,467
South Ostrobothnia,1993,als,Albanian,29
South Ostrobothnia,1993,arb,Arabic,13
South Ostrobothnia,1993,ekk,Estonian,138
South Ostrobothnia,1993,eng,English,15
South Ostrobothnia,1993,fin,Finnish,206770
South Ostrobothnia,1993,hun,Hungarian,15
South Ostrobothnia,1993,pol,Polish,19
South Ostrobothnia,1993,rus,Russian,87
South Ostrobothnia,1993,swe,Swedish,488
South Ostrobothnia,1994,als,Albanian,25
South Ostrobothnia,1994,arb,Arabic,11
South Ostrobothnia,1994,ekk,Estonian,124
South Ostrobothnia,1994,eng,English,15
South Ostrobothnia,1994,fin,Finnish,206399
South Ostrobothnia,1994,hun,Hungarian,29
South Ostrobothnia,1994,pol,Polish,16
South Ostrobothnia,1994,rus,Russian,94
South Ostrobothnia,1994,swe,Swedish,500
South Ostrobothnia,1995,als,Albanian,26
South Ostrobothnia,1995,arb,Arabic,12
South Ostrobothnia,1995,ekk,Estonian,120
South Ostrobothnia,1995,eng,English,12
South Ostrobothnia,1995,fin,Finnish,205018
South Ostrobothnia,1995,hun,Hungarian,31
South Ostrobothnia,1995,pol,Polish,16
South Ostrobothnia,1995,rus,Russian,119
South Ostrobothnia,1995,swe,Swedish,511
South Ostrobothnia,1996,als,Albanian,27
South Ostrobothnia,1996,arb,Arabic,14
South Ostrobothnia,1996,ekk,Estonian,112
South Ostrobothnia,1996,eng,English,13
South Ostrobothnia,1996,fin,Finnish,203973
South Ostrobothnia,1996,hun,Hungarian,42
South Ostrobothnia,1996,pol,Polish,12
South Ostrobothnia,1996,rus,Russian,127
South Ostrobothnia,1996,swe,Swedish,504
South Ostrobothnia,1997,als,Albanian,20
South Ostrobothnia,1997,arb,Arabic,16
South Ostrobothnia,1997,ekk,Estonian,109
South Ostrobothnia,1997,eng,English,14
South Ostrobothnia,1997,fin,Finnish,202770
South Ostrobothnia,1997,hun,Hungarian,45
South Ostrobothnia,1997,pol,Polish,11
South Ostrobothnia,1997,rus,Russian,131
South Ostrobothnia,1997,swe,Swedish,496
South Ostrobothnia,1997,tur,Turkish,11
South Ostrobothnia,1998,als,Albanian,21
South Ostrobothnia,1998,arb,Arabic,14
South Ostrobothnia,1998,ekk,Estonian,131
South Ostrobothnia,1998,eng,English,14
South Ostrobothnia,1998,fin,Finnish,201742
South Ostrobothnia,1998,hun,Hungarian,46
South Ostrobothnia,1998,pol,Polish,12
South Ostrobothnia,1998,rus,Russian,163
South Ostrobothnia,1998,swe,Swedish,486
South Ostrobothnia,1998,tur,Turkish,11
South Ostrobothnia,1999,als,Albanian,16
South Ostrobothnia,1999,arb,Arabic,13
South Ostrobothnia,1999,ekk,Estonian,116
South Ostrobothnia,1999,eng,English,14
South Ostrobothnia,1999,fin,Finnish,200763
South Ostrobothnia,1999,hun,Hungarian,46
South Ostrobothnia,1999,pol,Polish,10
South Ostrobothnia,1999,rus,Russian,189
South Ostrobothnia,1999,spa,Spanish,10
South Ostrobothnia,1999,swe,Swedish,483
South Ostrobothnia,1999,tha,Thai,10
South Ostrobothnia,1999,tur,Turkish,11
South Ostrobothnia,2000,als,Albanian,18
South Ostrobothnia,2000,arb,Arabic,10
South Ostrobothnia,2000,ekk,Estonian,112
South Ostrobothnia,2000,eng,English,14
South Ostrobothnia,2000,fin,Finnish,199525
South Ostrobothnia,2000,hun,Hungarian,53
South Ostrobothnia,2000,rus,Russian,195
South Ostrobothnia,2000,spa,Spanish,11
South Ostrobothnia,2000,swe,Swedish,473
South Ostrobothnia,2000,tha,Thai,10
South Ostrobothnia,2000,tur,Turkish,12
South Ostrobothnia,2001,als,Albanian,21
South Ostrobothnia,2001,ekk,Estonian,117
South Ostrobothnia,2001,eng,English,12
South Ostrobothnia,2001,fin,Finnish,198320
South Ostrobothnia,2001,hun,Hungarian,50
South Ostrobothnia,2001,pol,Polish,10
South Ostrobothnia,2001,rus,Russian,207
South Ostrobothnia,2001,spa,Spanish,12
South Ostrobothnia,2001,swe,Swedish,468
South Ostrobothnia,2001,tha,Thai,10
South Ostrobothnia,2001,tur,Turkish,12
South Ostrobothnia,2002,als,Albanian,15
South Ostrobothnia,2002,ekk,Estonian,169
South Ostrobothnia,2002,eng,English,22
South Ostrobothnia,2002,fin,Finnish,197801
South Ostrobothnia,2002,hun,Hungarian,50
South Ostrobothnia,2002,rus,Russian,236
South Ostrobothnia,2002,spa,Spanish,12
South Ostrobothnia,2002,swe,Swedish,461
South Ostrobothnia,2002,tha,Thai,11
South Ostrobothnia,2002,tur,Turkish,11
South Ostrobothnia,2003,als,Albanian,15
South Ostrobothnia,2003,ekk,Estonian,214
South Ostrobothnia,2003,eng,English,19
South Ostrobothnia,2003,fin,Finnish,197542
South Ostrobothnia,2003,hun,Hungarian,50
South Ostrobothnia,2003,ron,Romanian,10
South Ostrobothnia,2003,rus,Russian,256
South Ostrobothnia,2003,spa,Spanish,13
South Ostrobothnia,2003,swe,Swedish,469
South Ostrobothnia,2003,tha,Thai,12
South Ostrobothnia,2003,tur,Turkish,14
South Ostrobothnia,2004,als,Albanian,15
South Ostrobothnia,2004,cmn,Chinese,16
South Ostrobothnia,2004,deu,German,11
South Ostrobothnia,2004,ekk,Estonian,252
South Ostrobothnia,2004,eng,English,20
South Ostrobothnia,2004,fin,Finnish,197551
South Ostrobothnia,2004,hun,Hungarian,45
South Ostrobothnia,2004,pst,Pushto,23
South Ostrobothnia,2004,ron,Romanian,10
South Ostrobothnia,2004,rus,Russian,280
South Ostrobothnia,2004,spa,Spanish,12
South Ostrobothnia,2004,swe,Swedish,486
South Ostrobothnia,2004,tha,Thai,18
South Ostrobothnia,2004,tur,Turkish,19
South Ostrobothnia,2005,als,Albanian,15
South Ostrobothnia,2005,arb,Arabic,11
South Ostrobothnia,2005,cmn,Chinese,18
South Ostrobothnia,2005,ekk,Estonian,285
South Ostrobothnia,2005,eng,English,19
South Ostrobothnia,2005,fin,Finnish,197201
South Ostrobothnia,2005,hun,Hungarian,45
South Ostrobothnia,2005,pst,Pushto,21
South Ostrobothnia,2005,ron,Romanian,11
South Ostrobothnia,2005,rus,Russian,294
South Ostrobothnia,2005,spa,Spanish,18
South Ostrobothnia,2005,swe,Swedish,464
South Ostrobothnia,2005,tha,Thai,21
South Ostrobothnia,2005,tur,Turkish,22
South Ostrobothnia,2006,als,Albanian,14
South Ostrobothnia,2006,cmn,Chinese,18
South Ostrobothnia,2006,deu,German,10
South Ostrobothnia,2006,ekk,Estonian,323
South Ostrobothnia,2006,eng,English,26
South Ostrobothnia,2006,fin,Finnish,196847
South Ostrobothnia,2006,hun,Hungarian,42
South Ostrobothnia,2006,mya,Burmese,33
South Ostrobothnia,2006,pst,Pushto,21
South Ostrobothnia,2006,ron,Romanian,11
South Ostrobothnia,2006,rus,Russian,295
South Ostrobothnia,2006,spa,Spanish,12
South Ostrobothnia,2006,swe,Swedish,486
South Ostrobothnia,2006,tha,Thai,24
South Ostrobothnia,2006,tur,Turkish,23
South Ostrobothnia,2007,als,Albanian,14
South Ostrobothnia,2007,arb,Arabic,13
South Ostrobothnia,2007,cmn,Chinese,18
South Ostrobothnia,2007,deu,German,12
South Ostrobothnia,2007,ekk,Estonian,333
South Ostrobothnia,2007,eng,English,28
South Ostrobothnia,2007,fin,Finnish,196814
South Ostrobothnia,2007,hun,Hungarian,84
South Ostrobothnia,2007,mya,Burmese,33
South Ostrobothnia,2007,pol,Polish,12
South Ostrobothnia,2007,pst,Pushto,22
South Ostrobothnia,2007,ron,Romanian,11
South Ostrobothnia,2007,rus,Russian,338
South Ostrobothnia,2007,spa,Spanish,10
South Ostrobothnia,2007,swe,Swedish,492
South Ostrobothnia,2007,tha,Thai,28
South Ostrobothnia,2007,tur,Turkish,25
South Ostrobothnia,2008,als,Albanian,15
South Ostrobothnia,2008,arb,Arabic,13
South Ostrobothnia,2008,cmn,Chinese,20
South Ostrobothnia,2008,deu,German,14
South Ostrobothnia,2008,ekk,Estonian,349
South Ostrobothnia,2008,eng,English,38
South Ostrobothnia,2008,fin,Finnish,196234
South Ostrobothnia,2008,hun,Hungarian,86
South Ostrobothnia,2008,mya,Burmese,32
South Ostrobothnia,2008,pes,"Persian, Farsi",13
South Ostrobothnia,2008,pol,Polish,89
South Ostrobothnia,2008,pst,Pushto,22
South Ostrobothnia,2008,ron,Romanian,11
South Ostrobothnia,2008,rus,Russian,434
South Ostrobothnia,2008,spa,Spanish,12
South Ostrobothnia,2008,swe,Swedish,480
South Ostrobothnia,2008,tha,Thai,35
South Ostrobothnia,2008,tur,Turkish,39
South Ostrobothnia,2008,vie,Vietnamese,20
South Ostrobothnia,2009,als,Albanian,15
South Ostrobothnia,2009,arb,Arabic,15
South Ostrobothnia,2009,bos,Bosnian,10
South Ostrobothnia,2009,cmn,Chinese,25
South Ostrobothnia,2009,deu,German,22
South Ostrobothnia,2009,ekk,Estonian,419
South Ostrobothnia,2009,eng,English,53
South Ostrobothnia,2009,fin,Finnish,195901
South Ostrobothnia,2009,hun,Hungarian,125
South Ostrobothnia,2009,mya,Burmese,32
South Ostrobothnia,2009,pes,"Persian, Farsi",13
South Ostrobothnia,2009,pol,Polish,71
South Ostrobothnia,2009,pst,Pushto,22
South Ostrobothnia,2009,rus,Russian,502
South Ostrobothnia,2009,spa,Spanish,11
South Ostrobothnia,2009,swe,Swedish,488
South Ostrobothnia,2009,tha,Thai,40
South Ostrobothnia,2009,tur,Turkish,44
South Ostrobothnia,2009,vie,Vietnamese,21
South Ostrobothnia,2010,als,Albanian,25
South Ostrobothnia,2010,arb,Arabic,14
South Ostrobothnia,2010,bos,Bosnian,10
South Ostrobothnia,2010,cmn,Chinese,33
South Ostrobothnia,2010,deu,German,21
South Ostrobothnia,2010,ekk,Estonian,498
South Ostrobothnia,2010,eng,English,60
South Ostrobothnia,2010,fin,Finnish,195559
South Ostrobothnia,2010,hun,Hungarian,138
South Ostrobothnia,2010,lvs,Latvian,14
South Ostrobothnia,2010,mya,Burmese,33
South Ostrobothnia,2010,npi,Nepali,13
South Ostrobothnia,2010,pes,"Persian, Farsi",16
South Ostrobothnia,2010,pol,Polish,80
South Ostrobothnia,2010,pst,Pushto,20
South Ostrobothnia,2010,ron,Romanian,13
South Ostrobothnia,2010,rus,Russian,560
South Ostrobothnia,2010,spa,Spanish,12
South Ostrobothnia,2010,swe,Swedish,501
South Ostrobothnia,2010,tha,Thai,78
South Ostrobothnia,2010,tur,Turkish,47
South Ostrobothnia,2010,ukr,Ukrainian,11
South Ostrobothnia,2010,vie,Vietnamese,23
South Ostrobothnia,2011,als,Albanian,16
South Ostrobothnia,2011,arb,Arabic,14
South Ostrobothnia,2011,bos,Bosnian,10
South Ostrobothnia,2011,bul,Bulgarian,10
South Ostrobothnia,2011,ckb,Kurdish,11
South Ostrobothnia,2011,cmn,Chinese,33
South Ostrobothnia,2011,deu,German,21
South Ostrobothnia,2011,ekk,Estonian,586
South Ostrobothnia,2011,eng,English,65
South Ostrobothnia,2011,fin,Finnish,195384
South Ostrobothnia,2011,hun,Hungarian,181
South Ostrobothnia,2011,lvs,Latvian,17
South Ostrobothnia,2011,mya,Burmese,32
South Ostrobothnia,2011,npi,Nepali,16
South Ostrobothnia,2011,pes,"Persian, Farsi",12
South Ostrobothnia,2011,pol,Polish,97
South Ostrobothnia,2011,pst,Pushto,22
South Ostrobothnia,2011,ron,Romanian,33
South Ostrobothnia,2011,rus,Russian,641
South Ostrobothnia,2011,spa,Spanish,15
South Ostrobothnia,2011,swe,Swedish,509
South Ostrobothnia,2011,swh,Swahili,11
South Ostrobothnia,2011,tha,Thai,94
South Ostrobothnia,2011,tur,Turkish,56
South Ostrobothnia,2011,ukr,Ukrainian,14
South Ostrobothnia,2011,vie,Vietnamese,24
South Ostrobothnia,2011,yor,Yoruba,17
South Ostrobothnia,2012,als,Albanian,28
South Ostrobothnia,2012,arb,Arabic,16
South Ostrobothnia,2012,bul,Bulgarian,13
South Ostrobothnia,2012,ckb,Kurdish,16
South Ostrobothnia,2012,cmn,Chinese,34
South Ostrobothnia,2012,deu,German,22
South Ostrobothnia,2012,ekk,Estonian,691
South Ostrobothnia,2012,eng,English,78
South Ostrobothnia,2012,fin,Finnish,195284
South Ostrobothnia,2012,hun,Hungarian,193
South Ostrobothnia,2012,kin,Kinyarwanda,31
South Ostrobothnia,2012,lit,Lithuanian,11
South Ostrobothnia,2012,lvs,Latvian,15
South Ostrobothnia,2012,mya,Burmese,32
South Ostrobothnia,2012,npi,Nepali,22
South Ostrobothnia,2012,pes,"Persian, Farsi",16
South Ostrobothnia,2012,pol,Polish,105
South Ostrobothnia,2012,pst,Pushto,20
South Ostrobothnia,2012,ron,Romanian,35
South Ostrobothnia,2012,rus,Russian,692
South Ostrobothnia,2012,spa,Spanish,22
South Ostrobothnia,2012,swe,Swedish,509
South Ostrobothnia,2012,swh,Swahili,13
South Ostrobothnia,2012,tha,Thai,93
South Ostrobothnia,2012,tur,Turkish,57
South Ostrobothnia,2012,ukr,Ukrainian,40
South Ostrobothnia,2012,vie,Vietnamese,34
South Ostrobothnia,2012,yor,Yoruba,13
South Ostrobothnia,2013,als,Albanian,28
South Ostrobothnia,2013,arb,Arabic,16
South Ostrobothnia,2013,bul,Bulgarian,29
South Ostrobothnia,2013,ckb,Kurdish,16
South Ostrobothnia,2013,cmn,Chinese,32
South Ostrobothnia,2013,deu,German,21
South Ostrobothnia,2013,ekk,Estonian,741
South Ostrobothnia,2013,eng,English,103
South Ostrobothnia,2013,fin,Finnish,194748
South Ostrobothnia,2013,hun,Hungarian,239
South Ostrobothnia,2013,kin,Kinyarwanda,31
South Ostrobothnia,2013,lvs,Latvian,13
South Ostrobothnia,2013,mya,Burmese,32
South Ostrobothnia,2013,npi,Nepali,20
South Ostrobothnia,2013,pes,"Persian, Farsi",17
South Ostrobothnia,2013,pol,Polish,110
South Ostrobothnia,2013,pst,Pushto,20
South Ostrobothnia,2013,ron,Romanian,49
South Ostrobothnia,2013,rus,Russian,790
South Ostrobothnia,2013,spa,Spanish,30
South Ostrobothnia,2013,swe,Swedish,548
South Ostrobothnia,2013,swh,Swahili,23
South Ostrobothnia,2013,tha,Thai,126
South Ostrobothnia,2013,tur,Turkish,61
South Ostrobothnia,2013,ukr,Ukrainian,66
South Ostrobothnia,2013,vie,Vietnamese,47
South Ostrobothnia,2013,yor,Yoruba,16
South Ostrobothnia,2014,als,Albanian,29
South Ostrobothnia,2014,arb,Arabic,18
South Ostrobothnia,2014,bul,Bulgarian,34
South Ostrobothnia,2014,ckb,Kurdish,14
South Ostrobothnia,2014,cmn,Chinese,32
South Ostrobothnia,2014,deu,German,20
South Ostrobothnia,2014,ekk,Estonian,773
South Ostrobothnia,2014,ell,Greek (modern),10
South Ostrobothnia,2014,eng,English,111
South Ostrobothnia,2014,fin,Finnish,193929
South Ostrobothnia,2014,hun,Hungarian,256
South Ostrobothnia,2014,kin,Kinyarwanda,30
South Ostrobothnia,2014,lit,Lithuanian,10
South Ostrobothnia,2014,lvs,Latvian,14
South Ostrobothnia,2014,mya,Burmese,43
South Ostrobothnia,2014,npi,Nepali,19
South Ostrobothnia,2014,pes,"Persian, Farsi",19
South Ostrobothnia,2014,pol,Polish,117
South Ostrobothnia,2014,pst,Pushto,19
South Ostrobothnia,2014,ron,Romanian,74
South Ostrobothnia,2014,rus,Russian,789
South Ostrobothnia,2014,slk,Slovak,10
South Ostrobothnia,2014,spa,Spanish,62
South Ostrobothnia,2014,swe,Swedish,542
South Ostrobothnia,2014,swh,Swahili,23
South Ostrobothnia,2014,tgl,Tagalog,10
South Ostrobothnia,2014,tha,Thai,141
South Ostrobothnia,2014,tur,Turkish,70
South Ostrobothnia,2014,ukr,Ukrainian,88
South Ostrobothnia,2014,vie,Vietnamese,65
South Ostrobothnia,2014,yor,Yoruba,19
South Ostrobothnia,2015,als,Albanian,31
South Ostrobothnia,2015,arb,Arabic,17
South Ostrobothnia,2015,bul,Bulgarian,33
South Ostrobothnia,2015,ckb,Kurdish,16
South Ostrobothnia,2015,cmn,Chinese,38
South Ostrobothnia,2015,deu,German,20
South Ostrobothnia,2015,ekk,Estonian,763
South Ostrobothnia,2015,eng,English,112
South Ostrobothnia,2015,fin,Finnish,192967
South Ostrobothnia,2015,hun,Hungarian,286
South Ostrobothnia,2015,kin,Kinyarwanda,21
South Ostrobothnia,2015,lvs,Latvian,18
South Ostrobothnia,2015,mya,Burmese,44
South Ostrobothnia,2015,npi,Nepali,24
South Ostrobothnia,2015,pes,"Persian, Farsi",30
South Ostrobothnia,2015,pol,Polish,122
South Ostrobothnia,2015,pst,Pushto,20
South Ostrobothnia,2015,ron,Romanian,77
South Ostrobothnia,2015,rus,Russian,778
South Ostrobothnia,2015,slk,Slovak,11
South Ostrobothnia,2015,spa,Spanish,57
South Ostrobothnia,2015,swe,Swedish,568
South Ostrobothnia,2015,swh,Swahili,21
South Ostrobothnia,2015,tgl,Tagalog,20
South Ostrobothnia,2015,tha,Thai,153
South Ostrobothnia,2015,tur,Turkish,72
South Ostrobothnia,2015,ukr,Ukrainian,105
South Ostrobothnia,2015,vie,Vietnamese,51
South Ostrobothnia,2015,yor,Yoruba,23
South Ostrobothnia,2016,als,Albanian,32
South Ostrobothnia,2016,arb,Arabic,68
South Ostrobothnia,2016,ben,"Bengali, (Bangla)",13
South Ostrobothnia,2016,bul,Bulgarian,35
South Ostrobothnia,2016,ckb,Kurdish,22
South Ostrobothnia,2016,cmn,Chinese,33
South Ostrobothnia,2016,deu,German,21
South Ostrobothnia,2016,ekk,Estonian,748
South Ostrobothnia,2016,ell,Greek (modern),13
South Ostrobothnia,2016,eng,English,128
South Ostrobothnia,2016,fin,Finnish,192061
South Ostrobothnia,2016,hun,Hungarian,279
South Ostrobothnia,2016,kin,Kinyarwanda,20
South Ostrobothnia,2016,lit,Lithuanian,10
South Ostrobothnia,2016,lvs,Latvian,18
South Ostrobothnia,2016,mya,Burmese,43
South Ostrobothnia,2016,npi,Nepali,28
South Ostrobothnia,2016,pes,"Persian, Farsi",46
South Ostrobothnia,2016,pol,Polish,116
South Ostrobothnia,2016,pst,Pushto,20
South Ostrobothnia,2016,ron,Romanian,70
South Ostrobothnia,2016,rus,Russian,739
South Ostrobothnia,2016,slk,Slovak,11
South Ostrobothnia,2016,spa,Spanish,38
South Ostrobothnia,2016,swe,Swedish,571
South Ostrobothnia,2016,swh,Swahili,21
South Ostrobothnia,2016,tha,Thai,174
South Ostrobothnia,2016,tur,Turkish,96
South Ostrobothnia,2016,ukr,Ukrainian,136
South Ostrobothnia,2016,vie,Vietnamese,55
South Ostrobothnia,2016,yor,Yoruba,30
South Ostrobothnia,2017,als,Albanian,33
South Ostrobothnia,2017,arb,Arabic,71
South Ostrobothnia,2017,ben,"Bengali, (Bangla)",10
South Ostrobothnia,2017,bul,Bulgarian,32
South Ostrobothnia,2017,ckb,Kurdish,29
South Ostrobothnia,2017,cmn,Chinese,36
South Ostrobothnia,2017,deu,German,20
South Ostrobothnia,2017,ekk,Estonian,742
South Ostrobothnia,2017,ell,Greek (modern),10
South Ostrobothnia,2017,eng,English,126
South Ostrobothnia,2017,fin,Finnish,190983
South Ostrobothnia,2017,hun,Hungarian,257
South Ostrobothnia,2017,kin,Kinyarwanda,18
South Ostrobothnia,2017,lit,Lithuanian,10
South Ostrobothnia,2017,lvs,Latvian,18
South Ostrobothnia,2017,mya,Burmese,40
South Ostrobothnia,2017,npi,Nepali,29
South Ostrobothnia,2017,pes,"Persian, Farsi",63
South Ostrobothnia,2017,pol,Polish,120
South Ostrobothnia,2017,ron,Romanian,71
South Ostrobothnia,2017,rus,Russian,811
South Ostrobothnia,2017,spa,Spanish,34
South Ostrobothnia,2017,swe,Swedish,579
South Ostrobothnia,2017,swh,Swahili,25
South Ostrobothnia,2017,tgl,Tagalog,20
South Ostrobothnia,2017,tha,Thai,171
South Ostrobothnia,2017,tur,Turkish,92
South Ostrobothnia,2017,ukr,Ukrainian,156
South Ostrobothnia,2017,vie,Vietnamese,62
South Ostrobothnia,2017,yor,Yoruba,29
South Ostrobothnia,2018,als,Albanian,34
South Ostrobothnia,2018,arb,Arabic,55
South Ostrobothnia,2018,ben,"Bengali, (Bangla)",10
South Ostrobothnia,2018,bul,Bulgarian,30
South Ostrobothnia,2018,ckb,Kurdish,54
South Ostrobothnia,2018,cmn,Chinese,39
South Ostrobothnia,2018,deu,German,18
South Ostrobothnia,2018,ekk,Estonian,714
South Ostrobothnia,2018,eng,English,138
South Ostrobothnia,2018,fin,Finnish,189563
South Ostrobothnia,2018,hun,Hungarian,268
South Ostrobothnia,2018,kin,Kinyarwanda,17
South Ostrobothnia,2018,lit,Lithuanian,11
South Ostrobothnia,2018,lvs,Latvian,18
South Ostrobothnia,2018,mya,Burmese,38
South Ostrobothnia,2018,npi,Nepali,37
South Ostrobothnia,2018,pes,"Persian, Farsi",53
South Ostrobothnia,2018,pol,Polish,115
South Ostrobothnia,2018,por,Portuguese,13
South Ostrobothnia,2018,ron,Romanian,71
South Ostrobothnia,2018,rus,Russian,833
South Ostrobothnia,2018,spa,Spanish,33
South Ostrobothnia,2018,swe,Swedish,580
South Ostrobothnia,2018,swh,Swahili,28
South Ostrobothnia,2018,tgl,Tagalog,12
South Ostrobothnia,2018,tha,Thai,192
South Ostrobothnia,2018,tur,Turkish,111
South Ostrobothnia,2018,ukr,Ukrainian,190
South Ostrobothnia,2018,vie,Vietnamese,64
South Ostrobothnia,2018,yor,Yoruba,22
South Ostrobothnia,2019,als,Albanian,40
South Ostrobothnia,2019,arb,Arabic,105
South Ostrobothnia,2019,ben,"Bengali, (Bangla)",13
South Ostrobothnia,2019,bul,Bulgarian,30
South Ostrobothnia,2019,ckb,Kurdish,68
South Ostrobothnia,2019,cmn,Chinese,40
South Ostrobothnia,2019,deu,German,20
South Ostrobothnia,2019,ekk,Estonian,712
South Ostrobothnia,2019,ell,Greek (modern),12
South Ostrobothnia,2019,eng,English,156
South Ostrobothnia,2019,fin,Finnish,188197
South Ostrobothnia,2019,hun,Hungarian,257
South Ostrobothnia,2019,kin,Kinyarwanda,17
South Ostrobothnia,2019,lit,Lithuanian,12
South Ostrobothnia,2019,lvs,Latvian,19
South Ostrobothnia,2019,mya,Burmese,37
South Ostrobothnia,2019,npi,Nepali,37
South Ostrobothnia,2019,pes,"Persian, Farsi",53
South Ostrobothnia,2019,pol,Polish,106
South Ostrobothnia,2019,por,Portuguese,12
South Ostrobothnia,2019,ron,Romanian,105
South Ostrobothnia,2019,rus,Russian,876
South Ostrobothnia,2019,som,Somali,15
South Ostrobothnia,2019,spa,Spanish,38
South Ostrobothnia,2019,swe,Swedish,595
South Ostrobothnia,2019,swh,Swahili,20
South Ostrobothnia,2019,tgl,Tagalog,29
South Ostrobothnia,2019,tha,Thai,199
South Ostrobothnia,2019,tur,Turkish,115
South Ostrobothnia,2019,ukr,Ukrainian,222
South Ostrobothnia,2019,vie,Vietnamese,67
South Ostrobothnia,2019,yor,Yoruba,22
South Ostrobothnia,2020,als,Albanian,39
South Ostrobothnia,2020,arb,Arabic,160
South Ostrobothnia,2020,ben,"Bengali, (Bangla)",16
South Ostrobothnia,2020,bul,Bulgarian,30
South Ostrobothnia,2020,ckb,Kurdish,79
South Ostrobothnia,2020,cmn,Chinese,41
South Ostrobothnia,2020,deu,German,21
South Ostrobothnia,2020,ekk,Estonian,692
South Ostrobothnia,2020,ell,Greek (modern),11
South Ostrobothnia,2020,eng,English,178
South Ostrobothnia,2020,fin,Finnish,186902
South Ostrobothnia,2020,hun,Hungarian,275
South Ostrobothnia,2020,kin,Kinyarwanda,18
South Ostrobothnia,2020,lit,Lithuanian,12
South Ostrobothnia,2020,lvs,Latvian,19
South Ostrobothnia,2020,mya,Burmese,39
South Ostrobothnia,2020,npi,Nepali,43
South Ostrobothnia,2020,pes,"Persian, Farsi",51
South Ostrobothnia,2020,pol,Polish,102
South Ostrobothnia,2020,por,Portuguese,11
South Ostrobothnia,2020,ron,Romanian,114
South Ostrobothnia,2020,rus,Russian,890
South Ostrobothnia,2020,spa,Spanish,48
South Ostrobothnia,2020,swe,Swedish,618
South Ostrobothnia,2020,swh,Swahili,21
South Ostrobothnia,2020,tgl,Tagalog,39
South Ostrobothnia,2020,tha,Thai,206
South Ostrobothnia,2020,tur,Turkish,174
South Ostrobothnia,2020,ukr,Ukrainian,270
South Ostrobothnia,2020,vie,Vietnamese,67
South Ostrobothnia,2020,yor,Yoruba,17
South Ostrobothnia,2021,als,Albanian,43
South Ostrobothnia,2021,arb,Arabic,160
South Ostrobothnia,2021,ben,"Bengali, (Bangla)",20
South Ostrobothnia,2021,bul,Bulgarian,32
South Ostrobothnia,2021,ckb,Kurdish,94
South Ostrobothnia,2021,cmn,Chinese,44
South Ostrobothnia,2021,deu,German,25
South Ostrobothnia,2021,ekk,Estonian,681
South Ostrobothnia,2021,ell,Greek (modern),11
South Ostrobothnia,2021,eng,English,189
South Ostrobothnia,2021,fin,Finnish,186221
South Ostrobothnia,2021,hin,Hindi,14
South Ostrobothnia,2021,hun,Hungarian,278
South Ostrobothnia,2021,kin,Kinyarwanda,19
South Ostrobothnia,2021,lit,Lithuanian,12
South Ostrobothnia,2021,lvs,Latvian,15
South Ostrobothnia,2021,mya,Burmese,42
South Ostrobothnia,2021,nld,Dutch,12
South Ostrobothnia,2021,npi,Nepali,44
South Ostrobothnia,2021,pes,"Persian, Farsi",51
South Ostrobothnia,2021,pol,Polish,112
South Ostrobothnia,2021,por,Portuguese,11
South Ostrobothnia,2021,ron,Romanian,123
South Ostrobothnia,2021,rus,Russian,904
South Ostrobothnia,2021,spa,Spanish,56
South Ostrobothnia,2021,swe,Swedish,613
South Ostrobothnia,2021,swh,Swahili,23
South Ostrobothnia,2021,tgl,Tagalog,38
South Ostrobothnia,2021,tha,Thai,225
South Ostrobothnia,2021,tur,Turkish,201
South Ostrobothnia,2021,ukr,Ukrainian,339
South Ostrobothnia,2021,vie,Vietnamese,63
South Ostrobothnia,2021,yor,Yoruba,15
South Ostrobothnia,2022,als,Albanian,48
South Ostrobothnia,2022,arb,Arabic,180
South Ostrobothnia,2022,ben,"Bengali, (Bangla)",34
South Ostrobothnia,2022,bul,Bulgarian,30
South Ostrobothnia,2022,ckb,Kurdish,103
South Ostrobothnia,2022,cmn,Chinese,49
South Ostrobothnia,2022,deu,German,26
South Ostrobothnia,2022,ekk,Estonian,671
South Ostrobothnia,2022,ell,Greek (modern),11
South Ostrobothnia,2022,eng,English,249
South Ostrobothnia,2022,fin,Finnish,184722
South Ostrobothnia,2022,hin,Hindi,20
South Ostrobothnia,2022,hun,Hungarian,295
South Ostrobothnia,2022,ibo,Igbo,10
South Ostrobothnia,2022,kin,Kinyarwanda,19
South Ostrobothnia,2022,lit,Lithuanian,10
South Ostrobothnia,2022,lvs,Latvian,14
South Ostrobothnia,2022,mya,Burmese,40
South Ostrobothnia,2022,npi,Nepali,59
South Ostrobothnia,2022,pes,"Persian, Farsi",54
South Ostrobothnia,2022,pol,Polish,92
South Ostrobothnia,2022,por,Portuguese,15
South Ostrobothnia,2022,ron,Romanian,124
South Ostrobothnia,2022,rus,Russian,1037
South Ostrobothnia,2022,sin,Sinhala,52
South Ostrobothnia,2022,som,Somali,10
South Ostrobothnia,2022,spa,Spanish,62
South Ostrobothnia,2022,swe,Swedish,597
South Ostrobothnia,2022,swh,Swahili,16
South Ostrobothnia,2022,tgl,Tagalog,50
South Ostrobothnia,2022,tha,Thai,243
South Ostrobothnia,2022,tur,Turkish,238
South Ostrobothnia,2022,ukr,Ukrainian,380
South Ostrobothnia,2022,vie,Vietnamese,76
South Ostrobothnia,2022,yor,Yoruba,12
South Ostrobothnia,2023,als,Albanian,64
South Ostrobothnia,2023,arb,Arabic,210
South Ostrobothnia,2023,ben,"Bengali, (Bangla)",101
South Ostrobothnia,2023,bul,Bulgarian,32
South Ostrobothnia,2023,ckb,Kurdish,108
South Ostrobothnia,2023,cmn,Chinese,49
South Ostrobothnia,2023,deu,German,30
South Ostrobothnia,2023,ekk,Estonian,671
South Ostrobothnia,2023,ell,Greek (modern),11
South Ostrobothnia,2023,eng,English,323
South Ostrobothnia,2023,fin,Finnish,182762
South Ostrobothnia,2023,hin,Hindi,30
South Ostrobothnia,2023,hun,Hungarian,299
South Ostrobothnia,2023,ibo,Igbo,17
South Ostrobothnia,2023,kin,Kinyarwanda,17
South Ostrobothnia,2023,lit,Lithuanian,11
South Ostrobothnia,2023,lvs,Latvian,14
South Ostrobothnia,2023,mya,Burmese,42
South Ostrobothnia,2023,npi,Nepali,103
South Ostrobothnia,2023,pan,Panjabi,13
South Ostrobothnia,2023,pes,"Persian, Farsi",66
South Ostrobothnia,2023,pol,Polish,110
South Ostrobothnia,2023,por,Portuguese,13
South Ostrobothnia,2023,ron,Romanian,118
South Ostrobothnia,2023,rus,Russian,1181
South Ostrobothnia,2023,sin,Sinhala,123
South Ostrobothnia,2023,som,Somali,10
South Ostrobothnia,2023,spa,Spanish,61
South Ostrobothnia,2023,swe,Swedish,614
South Ostrobothnia,2023,swh,Swahili,17
South Ostrobothnia,2023,tam,Tamil,12
South Ostrobothnia,2023,tgl,Tagalog,89
South Ostrobothnia,2023,tha,Thai,247
South Ostrobothnia,2023,tur,Turkish,220
South Ostrobothnia,2023,ukr,Ukrainian,1509
South Ostrobothnia,2023,urd,Urdu,26
South Ostrobothnia,2023,vie,Vietnamese,98
South Ostrobothnia,2023,yor,Yoruba,15
South Ostrobothnia,2024,aka,Akan,12
South Ostrobothnia,2024,als,Albanian,72
South Ostrobothnia,2024,arb,Arabic,231
South Ostrobothnia,2024,ben,"Bengali, (Bangla)",158
South Ostrobothnia,2024,bul,Bulgarian,33
South Ostrobothnia,2024,ckb,Kurdish,108
South Ostrobothnia,2024,cmn,Chinese,52
South Ostrobothnia,2024,deu,German,36
South Ostrobothnia,2024,ekk,Estonian,662
South Ostrobothnia,2024,eng,English,371
South Ostrobothnia,2024,fin,Finnish,181064
South Ostrobothnia,2024,fra,French,11
South Ostrobothnia,2024,guj,Gujarati,12
South Ostrobothnia,2024,hin,Hindi,34
South Ostrobothnia,2024,hun,Hungarian,292
South Ostrobothnia,2024,ibo,Igbo,15
South Ostrobothnia,2024,ita,Italian,10
South Ostrobothnia,2024,kin,Kinyarwanda,18
South Ostrobothnia,2024,lvs,Latvian,15
South Ostrobothnia,2024,mal,Malayalam,10
South Ostrobothnia,2024,mya,Burmese,42
South Ostrobothnia,2024,npi,Nepali,168
South Ostrobothnia,2024,pan,Panjabi,15
South Ostrobothnia,2024,pes,"Persian, Farsi",83
South Ostrobothnia,2024,pol,Polish,112
South Ostrobothnia,2024,por,Portuguese,15
South Ostrobothnia,2024,pst,Pushto,10
South Ostrobothnia,2024,ron,Romanian,131
South Ostrobothnia,2024,rus,Russian,1259
South Ostrobothnia,2024,sin,Sinhala,179
South Ostrobothnia,2024,som,Somali,18
South Ostrobothnia,2024,spa,Spanish,61
South Ostrobothnia,2024,swe,Swedish,613
South Ostrobothnia,2024,swh,Swahili,16
South Ostrobothnia,2024,tam,Tamil,12
South Ostrobothnia,2024,tgl,Tagalog,101
South Ostrobothnia,2024,tha,Thai,286
South Ostrobothnia,2024,tur,Turkish,262
South Ostrobothnia,2024,ukr,Ukrainian,1861
South Ostrobothnia,2024,urd,Urdu,42
South Ostrobothnia,2024,vie,Vietnamese,219
South Ostrobothnia,2024,yor,Yoruba,20
South Ostrobothnia,2025,aka,Akan,11
South Ostrobothnia,2025,als,Albanian,75
South Ostrobothnia,2025,amh,Amharic,18
South Ostrobothnia,2025,arb,Arabic,225
South Ostrobothnia,2025,ben,"Bengali, (Bangla)",252
South Ostrobothnia,2025,bul,Bulgarian,19
South Ostrobothnia,2025,ckb,Kurdish,120
South Ostrobothnia,2025,cmn,Chinese,80
South Ostrobothnia,2025,deu,German,34
South Ostrobothnia,2025,ekk,Estonian,635
South Ostrobothnia,2025,eng,English,403
South Ostrobothnia,2025,fin,Finnish,179738
South Ostrobothnia,2025,fra,French,11
South Ostrobothnia,2025,guj,Gujarati,14
South Ostrobothnia,2025,hin,Hindi,40
South Ostrobothnia,2025,hun,Hungarian,278
South Ostrobothnia,2025,ibo,Igbo,21
South Ostrobothnia,2025,ita,Italian,12
South Ostrobothnia,2025,khk,Mongolian,10
South Ostrobothnia,2025,kin,Kinyarwanda,17
South Ostrobothnia,2025,lvs,Latvian,15
South Ostrobothnia,2025,mal,Malayalam,26
South Ostrobothnia,2025,mya,Burmese,91
South Ostrobothnia,2025,npi,Nepali,229
South Ostrobothnia,2025,pan,Panjabi,22
South Ostrobothnia,2025,pes,"Persian, Farsi",117
South Ostrobothnia,2025,pol,Polish,102
South Ostrobothnia,2025,por,Portuguese,18
South Ostrobothnia,2025,pst,Pushto,11
South Ostrobothnia,2025,ron,Romanian,117
South Ostrobothnia,2025,rus,Russian,1268
South Ostrobothnia,2025,sin,Sinhala,257
South Ostrobothnia,2025,som,Somali,17
South Ostrobothnia,2025,spa,Spanish,54
South Ostrobothnia,2025,swe,Swedish,624
South Ostrobothnia,2025,swh,Swahili,17
South Ostrobothnia,2025,tam,Tamil,23
South Ostrobothnia,2025,tgl,Tagalog,136
South Ostrobothnia,2025,tha,Thai,300
South Ostrobothnia,2025,tur,Turkish,273
South Ostrobothnia,2025,ukr,Ukrainian,2095
South Ostrobothnia,2025,urd,Urdu,71
South Ostrobothnia,2025,vie,Vietnamese,264
South Ostrobothnia,2025,yor,Yoruba,24
South Savo,1990,deu,German,45
South Savo,1990,ekk,Estonian,10
South Savo,1990,eng,English,35
South Savo,1990,fin,Finnish,162996
South Savo,1990,pol,Polish,15
South Savo,1990,rus,Russian,48
South Savo,1990,swe,Swedish,126
South Savo,1991,deu,German,46
South Savo,1991,ekk,Estonian,65
South Savo,1991,eng,English,36
South Savo,1991,fin,Finnish,162593
South Savo,1991,pol,Polish,15
South Savo,1991,rus,Russian,120
South Savo,1991,som,Somali,165
South Savo,1991,swe,Swedish,137
South Savo,1992,als,Albanian,15
South Savo,1992,arb,Arabic,38
South Savo,1992,deu,German,47
South Savo,1992,ekk,Estonian,80
South Savo,1992,eng,English,32
South Savo,1992,fin,Finnish,162505
South Savo,1992,hun,Hungarian,10
South Savo,1992,pol,Polish,13
South Savo,1992,ron,Romanian,12
South Savo,1992,rus,Russian,242
South Savo,1992,som,Somali,35
South Savo,1992,srp,Serbian,44
South Savo,1992,swe,Swedish,142
South Savo,1993,als,Albanian,58
South Savo,1993,arb,Arabic,41
South Savo,1993,deu,German,47
South Savo,1993,ekk,Estonian,110
South Savo,1993,eng,English,30
South Savo,1993,fin,Finnish,161939
South Savo,1993,hun,Hungarian,10
South Savo,1993,pol,Polish,12
South Savo,1993,ron,Romanian,12
South Savo,1993,rus,Russian,288
South Savo,1993,som,Somali,27
South Savo,1993,srp,Serbian,121
South Savo,1993,swe,Swedish,151
South Savo,1994,als,Albanian,37
South Savo,1994,arb,Arabic,41
South Savo,1994,deu,German,52
South Savo,1994,ekk,Estonian,105
South Savo,1994,eng,English,38
South Savo,1994,fin,Finnish,161418
South Savo,1994,pol,Polish,13
South Savo,1994,ron,Romanian,10
South Savo,1994,rus,Russian,332
South Savo,1994,srp,Serbian,184
South Savo,1994,swe,Swedish,148
South Savo,1995,als,Albanian,44
South Savo,1995,arb,Arabic,49
South Savo,1995,ckb,Kurdish,14
South Savo,1995,cmn,Chinese,13
South Savo,1995,deu,German,57
South Savo,1995,ekk,Estonian,110
South Savo,1995,eng,English,39
South Savo,1995,fin,Finnish,160649
South Savo,1995,pol,Polish,14
South Savo,1995,rus,Russian,388
South Savo,1995,srp,Serbian,208
South Savo,1995,swe,Swedish,153
South Savo,1996,als,Albanian,50
South Savo,1996,arb,Arabic,50
South Savo,1996,cmn,Chinese,13
South Savo,1996,deu,German,59
South Savo,1996,ekk,Estonian,126
South Savo,1996,eng,English,37
South Savo,1996,fin,Finnish,159662
South Savo,1996,hun,Hungarian,10
South Savo,1996,pol,Polish,11
South Savo,1996,rus,Russian,417
South Savo,1996,srp,Serbian,221
South Savo,1996,swe,Swedish,161
South Savo,1997,als,Albanian,42
South Savo,1997,arb,Arabic,56
South Savo,1997,cmn,Chinese,17
South Savo,1997,deu,German,59
South Savo,1997,ekk,Estonian,125
South Savo,1997,eng,English,48
South Savo,1997,fin,Finnish,158536
South Savo,1997,pol,Polish,10
South Savo,1997,rus,Russian,464
South Savo,1997,srp,Serbian,220
South Savo,1997,swe,Swedish,152
South Savo,1997,tur,Turkish,11
South Savo,1998,als,Albanian,29
South Savo,1998,arb,Arabic,22
South Savo,1998,cmn,Chinese,22
South Savo,1998,deu,German,60
South Savo,1998,ekk,Estonian,110
South Savo,1998,eng,English,47
South Savo,1998,fin,Finnish,157180
South Savo,1998,pol,Polish,10
South Savo,1998,rus,Russian,530
South Savo,1998,srp,Serbian,184
South Savo,1998,swe,Swedish,155
South Savo,1999,arb,Arabic,22
South Savo,1999,cmn,Chinese,28
South Savo,1999,deu,German,59
South Savo,1999,ekk,Estonian,103
South Savo,1999,eng,English,50
South Savo,1999,fin,Finnish,155694
South Savo,1999,pol,Polish,10
South Savo,1999,rus,Russian,604
South Savo,1999,srp,Serbian,200
South Savo,1999,swe,Swedish,161
South Savo,1999,tur,Turkish,10
South Savo,2000,arb,Arabic,24
South Savo,2000,cmn,Chinese,21
South Savo,2000,deu,German,53
South Savo,2000,ekk,Estonian,101
South Savo,2000,eng,English,48
South Savo,2000,fin,Finnish,154355
South Savo,2000,mya,Burmese,38
South Savo,2000,pol,Polish,12
South Savo,2000,rus,Russian,692
South Savo,2000,srp,Serbian,216
South Savo,2000,swe,Swedish,166
South Savo,2000,tha,Thai,11
South Savo,2001,arb,Arabic,24
South Savo,2001,cmn,Chinese,21
South Savo,2001,deu,German,59
South Savo,2001,ekk,Estonian,116
South Savo,2001,eng,English,51
South Savo,2001,fin,Finnish,153092
South Savo,2001,mya,Burmese,43
South Savo,2001,nld,Dutch,10
South Savo,2001,pol,Polish,12
South Savo,2001,rus,Russian,756
South Savo,2001,srp,Serbian,196
South Savo,2001,swe,Swedish,184
South Savo,2001,tha,Thai,13
South Savo,2002,arb,Arabic,20
South Savo,2002,bos,Bosnian,63
South Savo,2002,cmn,Chinese,15
South Savo,2002,deu,German,60
South Savo,2002,ekk,Estonian,115
South Savo,2002,eng,English,63
South Savo,2002,fin,Finnish,151967
South Savo,2002,mya,Burmese,34
South Savo,2002,pol,Polish,10
South Savo,2002,rus,Russian,757
South Savo,2002,srp,Serbian,78
South Savo,2002,swe,Swedish,186
South Savo,2002,tha,Thai,18
South Savo,2003,arb,Arabic,16
South Savo,2003,bos,Bosnian,58
South Savo,2003,ckb,Kurdish,10
South Savo,2003,cmn,Chinese,12
South Savo,2003,deu,German,61
South Savo,2003,ekk,Estonian,142
South Savo,2003,eng,English,61
South Savo,2003,fin,Finnish,151016
South Savo,2003,hye,Armenian,11
South Savo,2003,mya,Burmese,29
South Savo,2003,rus,Russian,774
South Savo,2003,srp,Serbian,91
South Savo,2003,swe,Swedish,195
South Savo,2003,tha,Thai,19
South Savo,2003,tur,Turkish,11
South Savo,2004,arb,Arabic,47
South Savo,2004,bos,Bosnian,63
South Savo,2004,cmn,Chinese,10
South Savo,2004,deu,German,78
South Savo,2004,ekk,Estonian,168
South Savo,2004,eng,English,71
South Savo,2004,fin,Finnish,150083
South Savo,2004,hye,Armenian,12
South Savo,2004,mya,Burmese,11
South Savo,2004,pes,"Persian, Farsi",120
South Savo,2004,pol,Polish,13
South Savo,2004,rus,Russian,807
South Savo,2004,spa,Spanish,11
South Savo,2004,srp,Serbian,82
South Savo,2004,swe,Swedish,174
South Savo,2004,tha,Thai,24
South Savo,2004,tur,Turkish,39
South Savo,2005,arb,Arabic,77
South Savo,2005,bos,Bosnian,61
South Savo,2005,cmn,Chinese,10
South Savo,2005,deu,German,77
South Savo,2005,ekk,Estonian,210
South Savo,2005,eng,English,76
South Savo,2005,fin,Finnish,149110
South Savo,2005,hye,Armenian,12
South Savo,2005,mya,Burmese,11
South Savo,2005,pes,"Persian, Farsi",145
South Savo,2005,pol,Polish,28
South Savo,2005,rus,Russian,858
South Savo,2005,spa,Spanish,10
South Savo,2005,srp,Serbian,81
South Savo,2005,swe,Swedish,190
South Savo,2005,tha,Thai,29
South Savo,2005,tur,Turkish,51
South Savo,2006,arb,Arabic,83
South Savo,2006,bos,Bosnian,60
South Savo,2006,cmn,Chinese,11
South Savo,2006,deu,German,75
South Savo,2006,ekk,Estonian,220
South Savo,2006,eng,English,85
South Savo,2006,fin,Finnish,147977
South Savo,2006,hye,Armenian,12
South Savo,2006,mya,Burmese,37
South Savo,2006,pes,"Persian, Farsi",206
South Savo,2006,pol,Polish,30
South Savo,2006,rus,Russian,925
South Savo,2006,spa,Spanish,10
South Savo,2006,srp,Serbian,76
South Savo,2006,swe,Swedish,190
South Savo,2006,tha,Thai,43
South Savo,2006,tur,Turkish,52
South Savo,2007,arb,Arabic,74
South Savo,2007,bos,Bosnian,51
South Savo,2007,cmn,Chinese,24
South Savo,2007,deu,German,94
South Savo,2007,ekk,Estonian,234
South Savo,2007,eng,English,86
South Savo,2007,fin,Finnish,146349
South Savo,2007,hye,Armenian,11
South Savo,2007,mya,Burmese,68
South Savo,2007,pes,"Persian, Farsi",194
South Savo,2007,pol,Polish,32
South Savo,2007,rus,Russian,1011
South Savo,2007,spa,Spanish,13
South Savo,2007,srp,Serbian,62
South Savo,2007,swe,Swedish,205
South Savo,2007,tha,Thai,42
South Savo,2007,tur,Turkish,59
South Savo,2008,arb,Arabic,104
South Savo,2008,bos,Bosnian,57
South Savo,2008,cmn,Chinese,26
South Savo,2008,deu,German,95
South Savo,2008,ekk,Estonian,252
South Savo,2008,eng,English,87
South Savo,2008,fin,Finnish,145035
South Savo,2008,mya,Burmese,99
South Savo,2008,pes,"Persian, Farsi",148
South Savo,2008,pol,Polish,32
South Savo,2008,rus,Russian,1133
South Savo,2008,spa,Spanish,14
South Savo,2008,srp,Serbian,57
South Savo,2008,swe,Swedish,204
South Savo,2008,tha,Thai,43
South Savo,2008,tur,Turkish,51
South Savo,2009,arb,Arabic,130
South Savo,2009,bos,Bosnian,58
South Savo,2009,ckb,Kurdish,20
South Savo,2009,cmn,Chinese,17
South Savo,2009,deu,German,94
South Savo,2009,ekk,Estonian,279
South Savo,2009,eng,English,85
South Savo,2009,fin,Finnish,143974
South Savo,2009,mya,Burmese,101
South Savo,2009,pes,"Persian, Farsi",108
South Savo,2009,pol,Polish,30
South Savo,2009,rus,Russian,1189
South Savo,2009,spa,Spanish,17
South Savo,2009,srp,Serbian,57
South Savo,2009,swe,Swedish,187
South Savo,2009,tha,Thai,62
South Savo,2009,tur,Turkish,50
South Savo,2010,arb,Arabic,165
South Savo,2010,bos,Bosnian,59
South Savo,2010,ckb,Kurdish,22
South Savo,2010,cmn,Chinese,30
South Savo,2010,deu,German,99
South Savo,2010,ekk,Estonian,301
South Savo,2010,eng,English,89
South Savo,2010,fin,Finnish,143010
South Savo,2010,mya,Burmese,123
South Savo,2010,pes,"Persian, Farsi",82
South Savo,2010,pol,Polish,27
South Savo,2010,rus,Russian,1235
South Savo,2010,spa,Spanish,20
South Savo,2010,srp,Serbian,56
South Savo,2010,swe,Swedish,169
South Savo,2010,tha,Thai,72
South Savo,2010,tur,Turkish,52
South Savo,2011,arb,Arabic,138
South Savo,2011,bos,Bosnian,58
South Savo,2011,ckb,Kurdish,10
South Savo,2011,cmn,Chinese,31
South Savo,2011,deu,German,98
South Savo,2011,ekk,Estonian,333
South Savo,2011,eng,English,96
South Savo,2011,fin,Finnish,141995
South Savo,2011,fra,French,11
South Savo,2011,kin,Kinyarwanda,19
South Savo,2011,mya,Burmese,117
South Savo,2011,pes,"Persian, Farsi",84
South Savo,2011,pol,Polish,29
South Savo,2011,rus,Russian,1314
South Savo,2011,spa,Spanish,21
South Savo,2011,srp,Serbian,54
South Savo,2011,swe,Swedish,177
South Savo,2011,tam,Tamil,12
South Savo,2011,tha,Thai,102
South Savo,2011,tur,Turkish,60
South Savo,2012,arb,Arabic,135
South Savo,2012,bos,Bosnian,64
South Savo,2012,ckb,Kurdish,24
South Savo,2012,cmn,Chinese,37
South Savo,2012,deu,German,104
South Savo,2012,ekk,Estonian,363
South Savo,2012,eng,English,100
South Savo,2012,fin,Finnish,140765
South Savo,2012,fra,French,14
South Savo,2012,kin,Kinyarwanda,34
South Savo,2012,mya,Burmese,120
South Savo,2012,pes,"Persian, Farsi",92
South Savo,2012,pol,Polish,29
South Savo,2012,por,Portuguese,10
South Savo,2012,rus,Russian,1439
South Savo,2012,spa,Spanish,21
South Savo,2012,srp,Serbian,55
South Savo,2012,swe,Swedish,173
South Savo,2012,swh,Swahili,14
South Savo,2012,tam,Tamil,19
South Savo,2012,tgl,Tagalog,10
South Savo,2012,tha,Thai,112
South Savo,2012,tur,Turkish,58
South Savo,2012,urd,Urdu,12
South Savo,2013,arb,Arabic,123
South Savo,2013,bos,Bosnian,63
South Savo,2013,bul,Bulgarian,12
South Savo,2013,ckb,Kurdish,24
South Savo,2013,cmn,Chinese,41
South Savo,2013,deu,German,108
South Savo,2013,ekk,Estonian,378
South Savo,2013,eng,English,115
South Savo,2013,fin,Finnish,139776
South Savo,2013,fra,French,12
South Savo,2013,hun,Hungarian,11
South Savo,2013,kin,Kinyarwanda,37
South Savo,2013,mya,Burmese,118
South Savo,2013,pes,"Persian, Farsi",87
South Savo,2013,pol,Polish,30
South Savo,2013,rus,Russian,1525
South Savo,2013,spa,Spanish,24
South Savo,2013,srp,Serbian,55
South Savo,2013,swe,Swedish,179
South Savo,2013,swh,Swahili,17
South Savo,2013,tam,Tamil,32
South Savo,2013,tgl,Tagalog,21
South Savo,2013,tha,Thai,121
South Savo,2013,tur,Turkish,70
South Savo,2013,urd,Urdu,14
South Savo,2014,arb,Arabic,98
South Savo,2014,bos,Bosnian,66
South Savo,2014,bul,Bulgarian,16
South Savo,2014,ckb,Kurdish,29
South Savo,2014,cmn,Chinese,47
South Savo,2014,deu,German,112
South Savo,2014,ekk,Estonian,407
South Savo,2014,eng,English,114
South Savo,2014,fin,Finnish,138701
South Savo,2014,fra,French,12
South Savo,2014,hun,Hungarian,14
South Savo,2014,kin,Kinyarwanda,20
South Savo,2014,mya,Burmese,103
South Savo,2014,npi,Nepali,11
South Savo,2014,pes,"Persian, Farsi",158
South Savo,2014,pol,Polish,28
South Savo,2014,rus,Russian,1598
South Savo,2014,spa,Spanish,25
South Savo,2014,srp,Serbian,51
South Savo,2014,swe,Swedish,184
South Savo,2014,swh,Swahili,11
South Savo,2014,tam,Tamil,30
South Savo,2014,tgl,Tagalog,14
South Savo,2014,tha,Thai,132
South Savo,2014,tur,Turkish,73
South Savo,2014,ukr,Ukrainian,35
South Savo,2014,urd,Urdu,14
South Savo,2015,arb,Arabic,141
South Savo,2015,bos,Bosnian,64
South Savo,2015,bul,Bulgarian,21
South Savo,2015,ckb,Kurdish,47
South Savo,2015,cmn,Chinese,49
South Savo,2015,deu,German,102
South Savo,2015,ekk,Estonian,411
South Savo,2015,ell,Greek (modern),13
South Savo,2015,eng,English,120
South Savo,2015,fin,Finnish,137309
South Savo,2015,fra,French,14
South Savo,2015,hun,Hungarian,13
South Savo,2015,kin,Kinyarwanda,29
South Savo,2015,mya,Burmese,105
South Savo,2015,npi,Nepali,18
South Savo,2015,pes,"Persian, Farsi",226
South Savo,2015,pol,Polish,29
South Savo,2015,rus,Russian,1648
South Savo,2015,spa,Spanish,27
South Savo,2015,srp,Serbian,48
South Savo,2015,swe,Swedish,184
South Savo,2015,swh,Swahili,10
South Savo,2015,tam,Tamil,20
South Savo,2015,tgl,Tagalog,16
South Savo,2015,tha,Thai,147
South Savo,2015,tur,Turkish,73
South Savo,2015,ukr,Ukrainian,34
South Savo,2015,urd,Urdu,14
South Savo,2015,vie,Vietnamese,23
South Savo,2016,arb,Arabic,212
South Savo,2016,bos,Bosnian,65
South Savo,2016,bul,Bulgarian,23
South Savo,2016,ckb,Kurdish,62
South Savo,2016,cmn,Chinese,58
South Savo,2016,deu,German,105
South Savo,2016,ekk,Estonian,422
South Savo,2016,ell,Greek (modern),12
South Savo,2016,eng,English,123
South Savo,2016,fin,Finnish,135772
South Savo,2016,fra,French,13
South Savo,2016,hun,Hungarian,14
South Savo,2016,kin,Kinyarwanda,19
South Savo,2016,mya,Burmese,106
South Savo,2016,npi,Nepali,15
South Savo,2016,pes,"Persian, Farsi",286
South Savo,2016,pol,Polish,28
South Savo,2016,por,Portuguese,10
South Savo,2016,rus,Russian,1704
South Savo,2016,spa,Spanish,26
South Savo,2016,srp,Serbian,47
South Savo,2016,swe,Swedish,178
South Savo,2016,tam,Tamil,27
South Savo,2016,tgl,Tagalog,20
South Savo,2016,tha,Thai,161
South Savo,2016,tir,Tigrinya,11
South Savo,2016,tur,Turkish,78
South Savo,2016,ukr,Ukrainian,56
South Savo,2016,vie,Vietnamese,77
South Savo,2017,arb,Arabic,266
South Savo,2017,bos,Bosnian,64
South Savo,2017,bul,Bulgarian,25
South Savo,2017,ckb,Kurdish,59
South Savo,2017,cmn,Chinese,55
South Savo,2017,deu,German,106
South Savo,2017,ekk,Estonian,411
South Savo,2017,eng,English,131
South Savo,2017,fin,Finnish,134156
South Savo,2017,fra,French,10
South Savo,2017,hun,Hungarian,13
South Savo,2017,ita,Italian,15
South Savo,2017,kin,Kinyarwanda,14
South Savo,2017,lvs,Latvian,12
South Savo,2017,mya,Burmese,106
South Savo,2017,npi,Nepali,13
South Savo,2017,pes,"Persian, Farsi",271
South Savo,2017,pol,Polish,14
South Savo,2017,por,Portuguese,20
South Savo,2017,rus,Russian,1683
South Savo,2017,spa,Spanish,33
South Savo,2017,srp,Serbian,43
South Savo,2017,swe,Swedish,175
South Savo,2017,tam,Tamil,12
South Savo,2017,tgl,Tagalog,19
South Savo,2017,tha,Thai,159
South Savo,2017,tur,Turkish,74
South Savo,2017,ukr,Ukrainian,69
South Savo,2017,vie,Vietnamese,84
South Savo,2018,arb,Arabic,261
South Savo,2018,bos,Bosnian,57
South Savo,2018,bul,Bulgarian,32
South Savo,2018,ckb,Kurdish,59
South Savo,2018,cmn,Chinese,61
South Savo,2018,deu,German,103
South Savo,2018,ekk,Estonian,427
South Savo,2018,eng,English,134
South Savo,2018,fin,Finnish,131739
South Savo,2018,hun,Hungarian,10
South Savo,2018,ita,Italian,13
South Savo,2018,kin,Kinyarwanda,14
South Savo,2018,lvs,Latvian,21
South Savo,2018,mya,Burmese,104
South Savo,2018,npi,Nepali,12
South Savo,2018,pes,"Persian, Farsi",255
South Savo,2018,pol,Polish,25
South Savo,2018,por,Portuguese,10
South Savo,2018,rus,Russian,1653
South Savo,2018,spa,Spanish,46
South Savo,2018,srp,Serbian,42
South Savo,2018,swe,Swedish,178
South Savo,2018,tam,Tamil,11
South Savo,2018,tgl,Tagalog,22
South Savo,2018,tha,Thai,174
South Savo,2018,tur,Turkish,72
South Savo,2018,ukr,Ukrainian,82
South Savo,2018,vie,Vietnamese,92
South Savo,2019,arb,Arabic,277
South Savo,2019,bos,Bosnian,54
South Savo,2019,bul,Bulgarian,44
South Savo,2019,ckb,Kurdish,68
South Savo,2019,cmn,Chinese,60
South Savo,2019,deu,German,100
South Savo,2019,ekk,Estonian,403
South Savo,2019,eng,English,149
South Savo,2019,fin,Finnish,129481
South Savo,2019,fra,French,10
South Savo,2019,ita,Italian,12
South Savo,2019,kin,Kinyarwanda,14
South Savo,2019,lvs,Latvian,21
South Savo,2019,mya,Burmese,99
South Savo,2019,nld,Dutch,11
South Savo,2019,npi,Nepali,15
South Savo,2019,pes,"Persian, Farsi",243
South Savo,2019,pol,Polish,16
South Savo,2019,por,Portuguese,12
South Savo,2019,rus,Russian,1663
South Savo,2019,sin,Sinhala,11
South Savo,2019,spa,Spanish,54
South Savo,2019,srp,Serbian,42
South Savo,2019,swe,Swedish,177
South Savo,2019,swh,Swahili,12
South Savo,2019,tgl,Tagalog,55
South Savo,2019,tha,Thai,188
South Savo,2019,tur,Turkish,93
South Savo,2019,ukr,Ukrainian,84
South Savo,2019,urd,Urdu,10
South Savo,2019,vie,Vietnamese,83
South Savo,2020,arb,Arabic,272
South Savo,2020,bos,Bosnian,54
South Savo,2020,bul,Bulgarian,44
South Savo,2020,ckb,Kurdish,63
South Savo,2020,cmn,Chinese,61
South Savo,2020,deu,German,98
South Savo,2020,ekk,Estonian,386
South Savo,2020,eng,English,153
South Savo,2020,fin,Finnish,127832
South Savo,2020,fra,French,10
South Savo,2020,hun,Hungarian,10
South Savo,2020,kin,Kinyarwanda,14
South Savo,2020,lvs,Latvian,25
South Savo,2020,mya,Burmese,101
South Savo,2020,nld,Dutch,11
South Savo,2020,npi,Nepali,18
South Savo,2020,pes,"Persian, Farsi",249
South Savo,2020,pol,Polish,19
South Savo,2020,por,Portuguese,12
South Savo,2020,rus,Russian,1672
South Savo,2020,sin,Sinhala,12
South Savo,2020,som,Somali,13
South Savo,2020,spa,Spanish,58
South Savo,2020,srp,Serbian,41
South Savo,2020,swe,Swedish,182
South Savo,2020,swh,Swahili,18
South Savo,2020,tgl,Tagalog,55
South Savo,2020,tha,Thai,192
South Savo,2020,tir,Tigrinya,20
South Savo,2020,tur,Turkish,90
South Savo,2020,ukr,Ukrainian,83
South Savo,2020,vie,Vietnamese,65
South Savo,2021,als,Albanian,12
South Savo,2021,arb,Arabic,244
South Savo,2021,ben,"Bengali, (Bangla)",11
South Savo,2021,bos,Bosnian,54
South Savo,2021,bul,Bulgarian,44
South Savo,2021,ckb,Kurdish,63
South Savo,2021,cmn,Chinese,60
South Savo,2021,deu,German,113
South Savo,2021,ekk,Estonian,374
South Savo,2021,eng,English,172
South Savo,2021,fin,Finnish,126741
South Savo,2021,fra,French,11
South Savo,2021,hun,Hungarian,11
South Savo,2021,ita,Italian,10
South Savo,2021,kin,Kinyarwanda,13
South Savo,2021,lvs,Latvian,34
South Savo,2021,mya,Burmese,102
South Savo,2021,nld,Dutch,12
South Savo,2021,npi,Nepali,22
South Savo,2021,pes,"Persian, Farsi",222
South Savo,2021,pol,Polish,46
South Savo,2021,por,Portuguese,12
South Savo,2021,rus,Russian,1688
South Savo,2021,sin,Sinhala,14
South Savo,2021,som,Somali,18
South Savo,2021,spa,Spanish,68
South Savo,2021,srp,Serbian,36
South Savo,2021,swe,Swedish,186
South Savo,2021,swh,Swahili,17
South Savo,2021,tgl,Tagalog,45
South Savo,2021,tha,Thai,181
South Savo,2021,tir,Tigrinya,22
South Savo,2021,tur,Turkish,87
South Savo,2021,ukr,Ukrainian,132
South Savo,2021,vie,Vietnamese,79
South Savo,2022,als,Albanian,12
South Savo,2022,arb,Arabic,266
South Savo,2022,ben,"Bengali, (Bangla)",15
South Savo,2022,bos,Bosnian,54
South Savo,2022,bul,Bulgarian,47
South Savo,2022,ckb,Kurdish,66
South Savo,2022,cmn,Chinese,58
South Savo,2022,deu,German,122
South Savo,2022,ekk,Estonian,382
South Savo,2022,eng,English,198
South Savo,2022,fin,Finnish,125109
South Savo,2022,fra,French,27
South Savo,2022,hun,Hungarian,14
South Savo,2022,hye,Armenian,11
South Savo,2022,ita,Italian,15
South Savo,2022,kin,Kinyarwanda,22
South Savo,2022,lvs,Latvian,21
South Savo,2022,mya,Burmese,103
South Savo,2022,nld,Dutch,22
South Savo,2022,npi,Nepali,18
South Savo,2022,pes,"Persian, Farsi",211
South Savo,2022,pol,Polish,45
South Savo,2022,por,Portuguese,12
South Savo,2022,rus,Russian,1783
South Savo,2022,sin,Sinhala,17
South Savo,2022,som,Somali,18
South Savo,2022,spa,Spanish,56
South Savo,2022,srp,Serbian,35
South Savo,2022,swe,Swedish,193
South Savo,2022,swh,Swahili,53
South Savo,2022,tgl,Tagalog,93
South Savo,2022,tha,Thai,190
South Savo,2022,tir,Tigrinya,16
South Savo,2022,tur,Turkish,84
South Savo,2022,ukr,Ukrainian,175
South Savo,2022,vie,Vietnamese,87
South Savo,2023,als,Albanian,17
South Savo,2023,amh,Amharic,19
South Savo,2023,arb,Arabic,276
South Savo,2023,ben,"Bengali, (Bangla)",27
South Savo,2023,bos,Bosnian,54
South Savo,2023,bul,Bulgarian,49
South Savo,2023,ckb,Kurdish,71
South Savo,2023,cmn,Chinese,60
South Savo,2023,deu,German,130
South Savo,2023,ekk,Estonian,378
South Savo,2023,eng,English,229
South Savo,2023,fin,Finnish,123395
South Savo,2023,fra,French,14
South Savo,2023,hun,Hungarian,19
South Savo,2023,ita,Italian,14
South Savo,2023,kaz,Kazakh,10
South Savo,2023,kin,Kinyarwanda,22
South Savo,2023,lvs,Latvian,39
South Savo,2023,mya,Burmese,159
South Savo,2023,nld,Dutch,21
South Savo,2023,npi,Nepali,24
South Savo,2023,pes,"Persian, Farsi",271
South Savo,2023,pol,Polish,51
South Savo,2023,por,Portuguese,12
South Savo,2023,rus,Russian,1901
South Savo,2023,sin,Sinhala,21
South Savo,2023,som,Somali,17
South Savo,2023,spa,Spanish,59
South Savo,2023,srp,Serbian,35
South Savo,2023,swe,Swedish,200
South Savo,2023,swh,Swahili,47
South Savo,2023,tgl,Tagalog,160
South Savo,2023,tha,Thai,232
South Savo,2023,tir,Tigrinya,17
South Savo,2023,tur,Turkish,105
South Savo,2023,ukr,Ukrainian,810
South Savo,2023,vie,Vietnamese,91
South Savo,2024,aka,Akan,13
South Savo,2024,als,Albanian,17
South Savo,2024,amh,Amharic,30
South Savo,2024,arb,Arabic,287
South Savo,2024,ben,"Bengali, (Bangla)",43
South Savo,2024,bos,Bosnian,54
South Savo,2024,bul,Bulgarian,45
South Savo,2024,ckb,Kurdish,69
South Savo,2024,cmn,Chinese,69
South Savo,2024,deu,German,143
South Savo,2024,ekk,Estonian,359
South Savo,2024,eng,English,300
South Savo,2024,fin,Finnish,121607
South Savo,2024,fra,French,26
South Savo,2024,hin,Hindi,10
South Savo,2024,hun,Hungarian,11
South Savo,2024,ita,Italian,11
South Savo,2024,kin,Kinyarwanda,18
South Savo,2024,lvs,Latvian,39
South Savo,2024,mya,Burmese,189
South Savo,2024,nld,Dutch,20
South Savo,2024,npi,Nepali,64
South Savo,2024,pes,"Persian, Farsi",270
South Savo,2024,pol,Polish,52
South Savo,2024,por,Portuguese,10
South Savo,2024,rus,Russian,1997
South Savo,2024,sin,Sinhala,49
South Savo,2024,som,Somali,11
South Savo,2024,spa,Spanish,61
South Savo,2024,srp,Serbian,33
South Savo,2024,swe,Swedish,195
South Savo,2024,swh,Swahili,52
South Savo,2024,tgl,Tagalog,272
South Savo,2024,tha,Thai,235
South Savo,2024,tir,Tigrinya,14
South Savo,2024,tur,Turkish,103
South Savo,2024,ukr,Ukrainian,1464
South Savo,2024,urd,Urdu,14
South Savo,2024,vie,Vietnamese,104
South Savo,2025,aka,Akan,19
South Savo,2025,als,Albanian,16
South Savo,2025,amh,Amharic,42
South Savo,2025,arb,Arabic,256
South Savo,2025,ben,"Bengali, (Bangla)",85
South Savo,2025,bos,Bosnian,53
South Savo,2025,bul,Bulgarian,46
South Savo,2025,ckb,Kurdish,67
South Savo,2025,cmn,Chinese,80
South Savo,2025,deu,German,138
South Savo,2025,ekk,Estonian,366
South Savo,2025,eng,English,340
South Savo,2025,fin,Finnish,119708
South Savo,2025,fra,French,31
South Savo,2025,hin,Hindi,13
South Savo,2025,hun,Hungarian,20
South Savo,2025,kin,Kinyarwanda,21
South Savo,2025,lvs,Latvian,21
South Savo,2025,mya,Burmese,203
South Savo,2025,nld,Dutch,12
South Savo,2025,npi,Nepali,88
South Savo,2025,pes,"Persian, Farsi",325
South Savo,2025,pol,Polish,49
South Savo,2025,por,Portuguese,21
South Savo,2025,rus,Russian,1983
South Savo,2025,sin,Sinhala,60
South Savo,2025,som,Somali,12
South Savo,2025,spa,Spanish,60
South Savo,2025,srp,Serbian,29
South Savo,2025,swe,Swedish,194
South Savo,2025,swh,Swahili,57
South Savo,2025,tam,Tamil,12
South Savo,2025,tgl,Tagalog,316
South Savo,2025,tha,Thai,249
South Savo,2025,tur,Turkish,109
South Savo,2025,ukr,Ukrainian,1726
South Savo,2025,urd,Urdu,33
South Savo,2025,vie,Vietnamese,126
Southwest Finland,1990,arb,Arabic,58
Southwest Finland,1990,ckb,Kurdish,26
Southwest Finland,1990,cmn,Chinese,38
Southwest Finland,1990,dan,Danish,13
Southwest Finland,1990,deu,German,116
Southwest Finland,1990,ekk,Estonian,41
Southwest Finland,1990,ell,Greek (modern),22
Southwest Finland,1990,eng,English,226
Southwest Finland,1990,fin,Finnish,396771
Southwest Finland,1990,fra,French,43
Southwest Finland,1990,hun,Hungarian,33
Southwest Finland,1990,ita,Italian,26
Southwest Finland,1990,jpn,Japanese,12
Southwest Finland,1990,pes,"Persian, Farsi",38
Southwest Finland,1990,pol,Polish,38
Southwest Finland,1990,ron,Romanian,13
Southwest Finland,1990,rus,Russian,203
Southwest Finland,1990,spa,Spanish,68
Southwest Finland,1990,swe,Swedish,26552
Southwest Finland,1990,tha,Thai,12
Southwest Finland,1990,tur,Turkish,49
Southwest Finland,1990,vie,Vietnamese,205
Southwest Finland,1991,arb,Arabic,105
Southwest Finland,1991,bul,Bulgarian,10
Southwest Finland,1991,ckb,Kurdish,34
Southwest Finland,1991,cmn,Chinese,83
Southwest Finland,1991,dan,Danish,12
Southwest Finland,1991,deu,German,124
Southwest Finland,1991,ekk,Estonian,227
Southwest Finland,1991,ell,Greek (modern),25
Southwest Finland,1991,eng,English,266
Southwest Finland,1991,fin,Finnish,397808
Southwest Finland,1991,fra,French,53
Southwest Finland,1991,hun,Hungarian,35
Southwest Finland,1991,ita,Italian,32
Southwest Finland,1991,jpn,Japanese,12
Southwest Finland,1991,nor,Norwegian,12
Southwest Finland,1991,pes,"Persian, Farsi",130
Southwest Finland,1991,pol,Polish,41
Southwest Finland,1991,por,Portuguese,12
Southwest Finland,1991,ron,Romanian,25
Southwest Finland,1991,rus,Russian,367
Southwest Finland,1991,som,Somali,87
Southwest Finland,1991,spa,Spanish,67
Southwest Finland,1991,swe,Swedish,26557
Southwest Finland,1991,tgl,Tagalog,11
Southwest Finland,1991,tha,Thai,17
Southwest Finland,1991,tur,Turkish,74
Southwest Finland,1991,vie,Vietnamese,218
Southwest Finland,1992,als,Albanian,35
Southwest Finland,1992,arb,Arabic,184
Southwest Finland,1992,azj,Azerbaijani,20
Southwest Finland,1992,ben,"Bengali, (Bangla)",20
Southwest Finland,1992,bul,Bulgarian,17
Southwest Finland,1992,ckb,Kurdish,46
Southwest Finland,1992,cmn,Chinese,99
Southwest Finland,1992,dan,Danish,14
Southwest Finland,1992,deu,German,129
Southwest Finland,1992,ekk,Estonian,362
Southwest Finland,1992,ell,Greek (modern),20
Southwest Finland,1992,eng,English,305
Southwest Finland,1992,fin,Finnish,398841
Southwest Finland,1992,fra,French,54
Southwest Finland,1992,hun,Hungarian,35
Southwest Finland,1992,ita,Italian,33
Southwest Finland,1992,jpn,Japanese,18
Southwest Finland,1992,nor,Norwegian,12
Southwest Finland,1992,pes,"Persian, Farsi",138
Southwest Finland,1992,pol,Polish,42
Southwest Finland,1992,por,Portuguese,15
Southwest Finland,1992,ron,Romanian,52
Southwest Finland,1992,rus,Russian,583
Southwest Finland,1992,som,Somali,165
Southwest Finland,1992,spa,Spanish,63
Southwest Finland,1992,srp,Serbian,10
Southwest Finland,1992,swe,Swedish,26428
Southwest Finland,1992,tgl,Tagalog,10
Southwest Finland,1992,tha,Thai,22
Southwest Finland,1992,tur,Turkish,87
Southwest Finland,1992,vie,Vietnamese,242
Southwest Finland,1993,als,Albanian,208
Southwest Finland,1993,arb,Arabic,243
Southwest Finland,1993,azj,Azerbaijani,20
Southwest Finland,1993,ben,"Bengali, (Bangla)",21
Southwest Finland,1993,bul,Bulgarian,19
Southwest Finland,1993,ckb,Kurdish,77
Southwest Finland,1993,cmn,Chinese,114
Southwest Finland,1993,dan,Danish,16
Southwest Finland,1993,deu,German,138
Southwest Finland,1993,ekk,Estonian,452
Southwest Finland,1993,ell,Greek (modern),21
Southwest Finland,1993,eng,English,317
Southwest Finland,1993,fin,Finnish,399740
Southwest Finland,1993,fra,French,58
Southwest Finland,1993,hun,Hungarian,52
Southwest Finland,1993,ita,Italian,31
Southwest Finland,1993,jpn,Japanese,16
Southwest Finland,1993,khm,Central Khmer,10
Southwest Finland,1993,nor,Norwegian,13
Southwest Finland,1993,pes,"Persian, Farsi",143
Southwest Finland,1993,pol,Polish,44
Southwest Finland,1993,por,Portuguese,17
Southwest Finland,1993,ron,Romanian,60
Southwest Finland,1993,rus,Russian,864
Southwest Finland,1993,som,Somali,143
Southwest Finland,1993,spa,Spanish,66
Southwest Finland,1993,swe,Swedish,26340
Southwest Finland,1993,tgl,Tagalog,11
Southwest Finland,1993,tha,Thai,22
Southwest Finland,1993,tur,Turkish,99
Southwest Finland,1993,vie,Vietnamese,259
Southwest Finland,1994,als,Albanian,280
Southwest Finland,1994,arb,Arabic,251
Southwest Finland,1994,azj,Azerbaijani,22
Southwest Finland,1994,ben,"Bengali, (Bangla)",20
Southwest Finland,1994,bul,Bulgarian,24
Southwest Finland,1994,ckb,Kurdish,105
Southwest Finland,1994,cmn,Chinese,136
Southwest Finland,1994,dan,Danish,15
Southwest Finland,1994,deu,German,142
Southwest Finland,1994,ekk,Estonian,543
Southwest Finland,1994,ell,Greek (modern),20
Southwest Finland,1994,eng,English,328
Southwest Finland,1994,fin,Finnish,401373
Southwest Finland,1994,fra,French,63
Southwest Finland,1994,hun,Hungarian,53
Southwest Finland,1994,ita,Italian,35
Southwest Finland,1994,jpn,Japanese,13
Southwest Finland,1994,khm,Central Khmer,12
Southwest Finland,1994,nld,Dutch,13
Southwest Finland,1994,nor,Norwegian,10
Southwest Finland,1994,pes,"Persian, Farsi",138
Southwest Finland,1994,pol,Polish,44
Southwest Finland,1994,por,Portuguese,17
Southwest Finland,1994,ron,Romanian,60
Southwest Finland,1994,rus,Russian,1050
Southwest Finland,1994,som,Somali,160
Southwest Finland,1994,spa,Spanish,78
Southwest Finland,1994,srp,Serbian,11
Southwest Finland,1994,swe,Swedish,26322
Southwest Finland,1994,tgl,Tagalog,13
Southwest Finland,1994,tha,Thai,27
Southwest Finland,1994,tur,Turkish,103
Southwest Finland,1994,vie,Vietnamese,284
Southwest Finland,1995,als,Albanian,314
Southwest Finland,1995,arb,Arabic,307
Southwest Finland,1995,azj,Azerbaijani,27
Southwest Finland,1995,ben,"Bengali, (Bangla)",20
Southwest Finland,1995,bul,Bulgarian,24
Southwest Finland,1995,ckb,Kurdish,107
Southwest Finland,1995,cmn,Chinese,160
Southwest Finland,1995,dan,Danish,15
Southwest Finland,1995,deu,German,147
Southwest Finland,1995,ekk,Estonian,618
Southwest Finland,1995,ell,Greek (modern),20
Southwest Finland,1995,eng,English,370
Southwest Finland,1995,fin,Finnish,403134
Southwest Finland,1995,fra,French,92
Southwest Finland,1995,hun,Hungarian,54
Southwest Finland,1995,ita,Italian,41
Southwest Finland,1995,jpn,Japanese,18
Southwest Finland,1995,nld,Dutch,11
Southwest Finland,1995,nor,Norwegian,10
Southwest Finland,1995,pes,"Persian, Farsi",146
Southwest Finland,1995,pol,Polish,45
Southwest Finland,1995,por,Portuguese,19
Southwest Finland,1995,ron,Romanian,70
Southwest Finland,1995,rus,Russian,1239
Southwest Finland,1995,som,Somali,185
Southwest Finland,1995,spa,Spanish,112
Southwest Finland,1995,srp,Serbian,48
Southwest Finland,1995,swe,Swedish,26380
Southwest Finland,1995,tgl,Tagalog,19
Southwest Finland,1995,tha,Thai,31
Southwest Finland,1995,tur,Turkish,105
Southwest Finland,1995,ukr,Ukrainian,10
Southwest Finland,1995,vie,Vietnamese,326
Southwest Finland,1996,als,Albanian,380
Southwest Finland,1996,arb,Arabic,380
Southwest Finland,1996,azj,Azerbaijani,28
Southwest Finland,1996,ben,"Bengali, (Bangla)",24
Southwest Finland,1996,bul,Bulgarian,24
Southwest Finland,1996,ckb,Kurdish,123
Southwest Finland,1996,cmn,Chinese,160
Southwest Finland,1996,dan,Danish,15
Southwest Finland,1996,deu,German,164
Southwest Finland,1996,ekk,Estonian,631
Southwest Finland,1996,ell,Greek (modern),22
Southwest Finland,1996,eng,English,420
Southwest Finland,1996,fin,Finnish,404819
Southwest Finland,1996,fra,French,84
Southwest Finland,1996,hun,Hungarian,46
Southwest Finland,1996,ita,Italian,38
Southwest Finland,1996,jpn,Japanese,19
Southwest Finland,1996,lit,Lithuanian,12
Southwest Finland,1996,nld,Dutch,19
Southwest Finland,1996,nor,Norwegian,15
Southwest Finland,1996,pes,"Persian, Farsi",139
Southwest Finland,1996,pol,Polish,46
Southwest Finland,1996,por,Portuguese,21
Southwest Finland,1996,ron,Romanian,75
Southwest Finland,1996,rus,Russian,1415
Southwest Finland,1996,som,Somali,240
Southwest Finland,1996,spa,Spanish,131
Southwest Finland,1996,srp,Serbian,134
Southwest Finland,1996,swe,Swedish,26381
Southwest Finland,1996,tgl,Tagalog,23
Southwest Finland,1996,tha,Thai,38
Southwest Finland,1996,tur,Turkish,113
Southwest Finland,1996,ukr,Ukrainian,28
Southwest Finland,1996,vie,Vietnamese,345
Southwest Finland,1997,als,Albanian,469
Southwest Finland,1997,arb,Arabic,485
Southwest Finland,1997,azj,Azerbaijani,26
Southwest Finland,1997,ben,"Bengali, (Bangla)",26
Southwest Finland,1997,bul,Bulgarian,24
Southwest Finland,1997,ckb,Kurdish,182
Southwest Finland,1997,cmn,Chinese,172
Southwest Finland,1997,dan,Danish,15
Southwest Finland,1997,deu,German,170
Southwest Finland,1997,ekk,Estonian,652
Southwest Finland,1997,ell,Greek (modern),20
Southwest Finland,1997,eng,English,415
Southwest Finland,1997,fin,Finnish,406575
Southwest Finland,1997,fra,French,82
Southwest Finland,1997,heb,Hebrew,10
Southwest Finland,1997,hun,Hungarian,50
Southwest Finland,1997,ita,Italian,38
Southwest Finland,1997,jpn,Japanese,21
Southwest Finland,1997,lin,Lingala,14
Southwest Finland,1997,lit,Lithuanian,13
Southwest Finland,1997,nld,Dutch,16
Southwest Finland,1997,nor,Norwegian,13
Southwest Finland,1997,pes,"Persian, Farsi",142
Southwest Finland,1997,pol,Polish,45
Southwest Finland,1997,por,Portuguese,21
Southwest Finland,1997,ron,Romanian,84
Southwest Finland,1997,rus,Russian,1682
Southwest Finland,1997,som,Somali,285
Southwest Finland,1997,spa,Spanish,143
Southwest Finland,1997,srp,Serbian,170
Southwest Finland,1997,swe,Swedish,26326
Southwest Finland,1997,tgl,Tagalog,26
Southwest Finland,1997,tha,Thai,52
Southwest Finland,1997,tur,Turkish,108
Southwest Finland,1997,ukr,Ukrainian,29
Southwest Finland,1997,vie,Vietnamese,376
Southwest Finland,1998,als,Albanian,597
Southwest Finland,1998,arb,Arabic,591
Southwest Finland,1998,azj,Azerbaijani,26
Southwest Finland,1998,ben,"Bengali, (Bangla)",31
Southwest Finland,1998,bul,Bulgarian,23
Southwest Finland,1998,ckb,Kurdish,294
Southwest Finland,1998,cmn,Chinese,196
Southwest Finland,1998,dan,Danish,20
Southwest Finland,1998,deu,German,178
Southwest Finland,1998,ekk,Estonian,729
Southwest Finland,1998,ell,Greek (modern),23
Southwest Finland,1998,eng,English,443
Southwest Finland,1998,fin,Finnish,408382
Southwest Finland,1998,fra,French,101
Southwest Finland,1998,heb,Hebrew,10
Southwest Finland,1998,hin,Hindi,13
Southwest Finland,1998,hun,Hungarian,72
Southwest Finland,1998,ita,Italian,48
Southwest Finland,1998,jpn,Japanese,25
Southwest Finland,1998,kat,Georgian,11
Southwest Finland,1998,khm,Central Khmer,11
Southwest Finland,1998,kin,Kinyarwanda,18
Southwest Finland,1998,lin,Lingala,13
Southwest Finland,1998,lit,Lithuanian,13
Southwest Finland,1998,nld,Dutch,25
Southwest Finland,1998,nor,Norwegian,11
Southwest Finland,1998,pes,"Persian, Farsi",159
Southwest Finland,1998,pol,Polish,48
Southwest Finland,1998,por,Portuguese,22
Southwest Finland,1998,ron,Romanian,90
Southwest Finland,1998,rus,Russian,1957
Southwest Finland,1998,som,Somali,353
Southwest Finland,1998,spa,Spanish,168
Southwest Finland,1998,srp,Serbian,317
Southwest Finland,1998,swe,Swedish,26334
Southwest Finland,1998,tgl,Tagalog,23
Southwest Finland,1998,tha,Thai,53
Southwest Finland,1998,tur,Turkish,113
Southwest Finland,1998,ukr,Ukrainian,33
Southwest Finland,1998,urd,Urdu,10
Southwest Finland,1998,vie,Vietnamese,445
Southwest Finland,1999,als,Albanian,770
Southwest Finland,1999,arb,Arabic,673
Southwest Finland,1999,azj,Azerbaijani,27
Southwest Finland,1999,ben,"Bengali, (Bangla)",28
Southwest Finland,1999,bul,Bulgarian,23
Southwest Finland,1999,ckb,Kurdish,368
Southwest Finland,1999,cmn,Chinese,233
Southwest Finland,1999,dan,Danish,16
Southwest Finland,1999,deu,German,191
Southwest Finland,1999,ekk,Estonian,796
Southwest Finland,1999,ell,Greek (modern),26
Southwest Finland,1999,eng,English,468
Southwest Finland,1999,fin,Finnish,409908
Southwest Finland,1999,fra,French,106
Southwest Finland,1999,heb,Hebrew,12
Southwest Finland,1999,hin,Hindi,14
Southwest Finland,1999,hrv,Croatian,10
Southwest Finland,1999,hun,Hungarian,81
Southwest Finland,1999,ita,Italian,52
Southwest Finland,1999,jpn,Japanese,20
Southwest Finland,1999,kat,Georgian,13
Southwest Finland,1999,khm,Central Khmer,11
Southwest Finland,1999,kin,Kinyarwanda,18
Southwest Finland,1999,lin,Lingala,13
Southwest Finland,1999,lit,Lithuanian,13
Southwest Finland,1999,nld,Dutch,29
Southwest Finland,1999,pes,"Persian, Farsi",151
Southwest Finland,1999,pol,Polish,49
Southwest Finland,1999,por,Portuguese,24
Southwest Finland,1999,ron,Romanian,95
Southwest Finland,1999,rus,Russian,2239
Southwest Finland,1999,som,Somali,366
Southwest Finland,1999,spa,Spanish,168
Southwest Finland,1999,srp,Serbian,394
Southwest Finland,1999,swe,Swedish,26281
Southwest Finland,1999,tgl,Tagalog,22
Southwest Finland,1999,tha,Thai,52
Southwest Finland,1999,tur,Turkish,116
Southwest Finland,1999,ukr,Ukrainian,33
Southwest Finland,1999,urd,Urdu,12
Southwest Finland,1999,vie,Vietnamese,463
Southwest Finland,2000,als,Albanian,845
Southwest Finland,2000,arb,Arabic,791
Southwest Finland,2000,azj,Azerbaijani,32
Southwest Finland,2000,ben,"Bengali, (Bangla)",33
Southwest Finland,2000,bul,Bulgarian,28
Southwest Finland,2000,ckb,Kurdish,477
Southwest Finland,2000,cmn,Chinese,235
Southwest Finland,2000,dan,Danish,16
Southwest Finland,2000,deu,German,222
Southwest Finland,2000,ekk,Estonian,806
Southwest Finland,2000,ell,Greek (modern),29
Southwest Finland,2000,eng,English,467
Southwest Finland,2000,fin,Finnish,410852
Southwest Finland,2000,fra,French,112
Southwest Finland,2000,heb,Hebrew,10
Southwest Finland,2000,hin,Hindi,13
Southwest Finland,2000,hrv,Croatian,12
Southwest Finland,2000,hun,Hungarian,81
Southwest Finland,2000,ita,Italian,50
Southwest Finland,2000,jpn,Japanese,17
Southwest Finland,2000,kat,Georgian,13
Southwest Finland,2000,khm,Central Khmer,11
Southwest Finland,2000,kin,Kinyarwanda,17
Southwest Finland,2000,lit,Lithuanian,15
Southwest Finland,2000,nld,Dutch,28
Southwest Finland,2000,pes,"Persian, Farsi",146
Southwest Finland,2000,pol,Polish,52
Southwest Finland,2000,por,Portuguese,27
Southwest Finland,2000,ron,Romanian,101
Southwest Finland,2000,rus,Russian,2525
Southwest Finland,2000,som,Somali,350
Southwest Finland,2000,spa,Spanish,177
Southwest Finland,2000,srp,Serbian,465
Southwest Finland,2000,swe,Swedish,26194
Southwest Finland,2000,tgl,Tagalog,25
Southwest Finland,2000,tha,Thai,56
Southwest Finland,2000,tur,Turkish,124
Southwest Finland,2000,ukr,Ukrainian,36
Southwest Finland,2000,urd,Urdu,10
Southwest Finland,2000,vie,Vietnamese,472
Southwest Finland,2001,als,Albanian,1035
Southwest Finland,2001,arb,Arabic,915
Southwest Finland,2001,azj,Azerbaijani,35
Southwest Finland,2001,ben,"Bengali, (Bangla)",35
Southwest Finland,2001,bul,Bulgarian,32
Southwest Finland,2001,ces,Czech,10
Southwest Finland,2001,ckb,Kurdish,552
Southwest Finland,2001,cmn,Chinese,270
Southwest Finland,2001,dan,Danish,21
Southwest Finland,2001,deu,German,217
Southwest Finland,2001,ekk,Estonian,927
Southwest Finland,2001,ell,Greek (modern),32
Southwest Finland,2001,eng,English,502
Southwest Finland,2001,fin,Finnish,411735
Southwest Finland,2001,fra,French,100
Southwest Finland,2001,heb,Hebrew,11
Southwest Finland,2001,hin,Hindi,13
Southwest Finland,2001,hrv,Croatian,12
Southwest Finland,2001,hun,Hungarian,85
Southwest Finland,2001,hye,Armenian,11
Southwest Finland,2001,ita,Italian,58
Southwest Finland,2001,jpn,Japanese,27
Southwest Finland,2001,kat,Georgian,14
Southwest Finland,2001,khm,Central Khmer,13
Southwest Finland,2001,kin,Kinyarwanda,17
Southwest Finland,2001,lit,Lithuanian,18
Southwest Finland,2001,nld,Dutch,38
Southwest Finland,2001,pes,"Persian, Farsi",192
Southwest Finland,2001,pol,Polish,55
Southwest Finland,2001,por,Portuguese,36
Southwest Finland,2001,ron,Romanian,108
Southwest Finland,2001,rus,Russian,2852
Southwest Finland,2001,som,Somali,385
Southwest Finland,2001,spa,Spanish,193
Southwest Finland,2001,srp,Serbian,498
Southwest Finland,2001,swe,Swedish,26251
Southwest Finland,2001,tgl,Tagalog,24
Southwest Finland,2001,tha,Thai,68
Southwest Finland,2001,tur,Turkish,148
Southwest Finland,2001,ukr,Ukrainian,36
Southwest Finland,2001,urd,Urdu,10
Southwest Finland,2001,vie,Vietnamese,503
Southwest Finland,2002,als,Albanian,1061
Southwest Finland,2002,amh,Amharic,12
Southwest Finland,2002,arb,Arabic,984
Southwest Finland,2002,azj,Azerbaijani,36
Southwest Finland,2002,ben,"Bengali, (Bangla)",35
Southwest Finland,2002,bos,Bosnian,193
Southwest Finland,2002,bul,Bulgarian,34
Southwest Finland,2002,ckb,Kurdish,675
Southwest Finland,2002,cmn,Chinese,314
Southwest Finland,2002,dan,Danish,25
Southwest Finland,2002,deu,German,225
Southwest Finland,2002,ekk,Estonian,1024
Southwest Finland,2002,ell,Greek (modern),36
Southwest Finland,2002,eng,English,511
Southwest Finland,2002,fin,Finnish,412486
Southwest Finland,2002,fra,French,110
Southwest Finland,2002,heb,Hebrew,11
Southwest Finland,2002,hin,Hindi,14
Southwest Finland,2002,hrv,Croatian,12
Southwest Finland,2002,hun,Hungarian,86
Southwest Finland,2002,hye,Armenian,13
Southwest Finland,2002,ita,Italian,68
Southwest Finland,2002,jpn,Japanese,30
Southwest Finland,2002,kat,Georgian,14
Southwest Finland,2002,lit,Lithuanian,25
Southwest Finland,2002,nld,Dutch,42
Southwest Finland,2002,nor,Norwegian,13
Southwest Finland,2002,pes,"Persian, Farsi",217
Southwest Finland,2002,pol,Polish,66
Southwest Finland,2002,por,Portuguese,48
Southwest Finland,2002,ron,Romanian,121
Southwest Finland,2002,rus,Russian,3052
Southwest Finland,2002,som,Somali,418
Southwest Finland,2002,spa,Spanish,215
Southwest Finland,2002,srp,Serbian,301
Southwest Finland,2002,swe,Swedish,26264
Southwest Finland,2002,tgl,Tagalog,22
Southwest Finland,2002,tha,Thai,89
Southwest Finland,2002,tir,Tigrinya,10
Southwest Finland,2002,tur,Turkish,155
Southwest Finland,2002,ukr,Ukrainian,37
Southwest Finland,2002,urd,Urdu,12
Southwest Finland,2002,vie,Vietnamese,511
Southwest Finland,2003,als,Albanian,1076
Southwest Finland,2003,amh,Amharic,12
Southwest Finland,2003,arb,Arabic,1081
Southwest Finland,2003,azj,Azerbaijani,37
Southwest Finland,2003,ben,"Bengali, (Bangla)",39
Southwest Finland,2003,bos,Bosnian,205
Southwest Finland,2003,bul,Bulgarian,33
Southwest Finland,2003,ces,Czech,16
Southwest Finland,2003,ckb,Kurdish,755
Southwest Finland,2003,cmn,Chinese,356
Southwest Finland,2003,dan,Danish,25
Southwest Finland,2003,deu,German,254
Southwest Finland,2003,ekk,Estonian,1072
Southwest Finland,2003,ell,Greek (modern),38
Southwest Finland,2003,eng,English,553
Southwest Finland,2003,fin,Finnish,413205
Southwest Finland,2003,fra,French,133
Southwest Finland,2003,heb,Hebrew,11
Southwest Finland,2003,hin,Hindi,15
Southwest Finland,2003,hrv,Croatian,10
Southwest Finland,2003,hun,Hungarian,87
Southwest Finland,2003,hye,Armenian,12
Southwest Finland,2003,ita,Italian,68
Southwest Finland,2003,jpn,Japanese,17
Southwest Finland,2003,kat,Georgian,14
Southwest Finland,2003,khm,Central Khmer,15
Southwest Finland,2003,kin,Kinyarwanda,28
Southwest Finland,2003,lit,Lithuanian,21
Southwest Finland,2003,nld,Dutch,46
Southwest Finland,2003,nor,Norwegian,32
Southwest Finland,2003,pes,"Persian, Farsi",259
Southwest Finland,2003,pol,Polish,71
Southwest Finland,2003,por,Portuguese,45
Southwest Finland,2003,ron,Romanian,113
Southwest Finland,2003,rus,Russian,3157
Southwest Finland,2003,som,Somali,440
Southwest Finland,2003,spa,Spanish,221
Southwest Finland,2003,srp,Serbian,351
Southwest Finland,2003,swe,Swedish,26295
Southwest Finland,2003,tgl,Tagalog,24
Southwest Finland,2003,tha,Thai,123
Southwest Finland,2003,tur,Turkish,161
Southwest Finland,2003,ukr,Ukrainian,45
Southwest Finland,2003,urd,Urdu,14
Southwest Finland,2003,vie,Vietnamese,535
Southwest Finland,2004,als,Albanian,1116
Southwest Finland,2004,amh,Amharic,17
Southwest Finland,2004,arb,Arabic,1131
Southwest Finland,2004,azj,Azerbaijani,39
Southwest Finland,2004,ben,"Bengali, (Bangla)",46
Southwest Finland,2004,bos,Bosnian,213
Southwest Finland,2004,bul,Bulgarian,33
Southwest Finland,2004,ces,Czech,16
Southwest Finland,2004,che,Chechen,10
Southwest Finland,2004,ckb,Kurdish,858
Southwest Finland,2004,cmn,Chinese,400
Southwest Finland,2004,dan,Danish,30
Southwest Finland,2004,deu,German,253
Southwest Finland,2004,ekk,Estonian,1186
Southwest Finland,2004,ell,Greek (modern),36
Southwest Finland,2004,eng,English,538
Southwest Finland,2004,fin,Finnish,413806
Southwest Finland,2004,fra,French,127
Southwest Finland,2004,hin,Hindi,19
Southwest Finland,2004,hrv,Croatian,10
Southwest Finland,2004,hun,Hungarian,86
Southwest Finland,2004,hye,Armenian,13
Southwest Finland,2004,ind,Indonesian,10
Southwest Finland,2004,ita,Italian,65
Southwest Finland,2004,jpn,Japanese,27
Southwest Finland,2004,kat,Georgian,14
Southwest Finland,2004,khm,Central Khmer,20
Southwest Finland,2004,kin,Kinyarwanda,29
Southwest Finland,2004,lit,Lithuanian,27
Southwest Finland,2004,nld,Dutch,54
Southwest Finland,2004,nor,Norwegian,17
Southwest Finland,2004,pes,"Persian, Farsi",299
Southwest Finland,2004,pol,Polish,64
Southwest Finland,2004,por,Portuguese,61
Southwest Finland,2004,pst,Pushto,10
Southwest Finland,2004,ron,Romanian,111
Southwest Finland,2004,rus,Russian,3249
Southwest Finland,2004,som,Somali,459
Southwest Finland,2004,spa,Spanish,231
Southwest Finland,2004,srp,Serbian,350
Southwest Finland,2004,swe,Swedish,26356
Southwest Finland,2004,tel,Telugu,12
Southwest Finland,2004,tgl,Tagalog,24
Southwest Finland,2004,tha,Thai,168
Southwest Finland,2004,tir,Tigrinya,10
Southwest Finland,2004,tur,Turkish,162
Southwest Finland,2004,ukr,Ukrainian,48
Southwest Finland,2004,urd,Urdu,20
Southwest Finland,2004,vie,Vietnamese,529
Southwest Finland,2005,als,Albanian,1147
Southwest Finland,2005,amh,Amharic,17
Southwest Finland,2005,arb,Arabic,1191
Southwest Finland,2005,azj,Azerbaijani,40
Southwest Finland,2005,ben,"Bengali, (Bangla)",42
Southwest Finland,2005,bos,Bosnian,248
Southwest Finland,2005,bul,Bulgarian,36
Southwest Finland,2005,ces,Czech,12
Southwest Finland,2005,che,Chechen,10
Southwest Finland,2005,ckb,Kurdish,952
Southwest Finland,2005,cmn,Chinese,402
Southwest Finland,2005,dan,Danish,35
Southwest Finland,2005,deu,German,269
Southwest Finland,2005,ekk,Estonian,1335
Southwest Finland,2005,ell,Greek (modern),38
Southwest Finland,2005,eng,English,569
Southwest Finland,2005,fin,Finnish,414806
Southwest Finland,2005,fra,French,137
Southwest Finland,2005,heb,Hebrew,10
Southwest Finland,2005,hin,Hindi,21
Southwest Finland,2005,hrv,Croatian,12
Southwest Finland,2005,hun,Hungarian,82
Southwest Finland,2005,hye,Armenian,12
Southwest Finland,2005,ibo,Igbo,10
Southwest Finland,2005,ind,Indonesian,12
Southwest Finland,2005,ita,Italian,69
Southwest Finland,2005,jpn,Japanese,29
Southwest Finland,2005,kat,Georgian,14
Southwest Finland,2005,khm,Central Khmer,22
Southwest Finland,2005,kin,Kinyarwanda,30
Southwest Finland,2005,lin,Lingala,10
Southwest Finland,2005,lit,Lithuanian,32
Southwest Finland,2005,nld,Dutch,54
Southwest Finland,2005,nor,Norwegian,20
Southwest Finland,2005,pes,"Persian, Farsi",340
Southwest Finland,2005,pol,Polish,70
Southwest Finland,2005,por,Portuguese,74
Southwest Finland,2005,pst,Pushto,16
Southwest Finland,2005,ron,Romanian,102
Southwest Finland,2005,rus,Russian,3382
Southwest Finland,2005,som,Somali,473
Southwest Finland,2005,spa,Spanish,245
Southwest Finland,2005,srp,Serbian,347
Southwest Finland,2005,swe,Swedish,26378
Southwest Finland,2005,swh,Swahili,13
Southwest Finland,2005,tel,Telugu,14
Southwest Finland,2005,tgl,Tagalog,27
Southwest Finland,2005,tha,Thai,209
Southwest Finland,2005,tir,Tigrinya,11
Southwest Finland,2005,tur,Turkish,174
Southwest Finland,2005,ukr,Ukrainian,49
Southwest Finland,2005,urd,Urdu,23
Southwest Finland,2005,vie,Vietnamese,526
Southwest Finland,2006,als,Albanian,1226
Southwest Finland,2006,amh,Amharic,20
Southwest Finland,2006,arb,Arabic,1228
Southwest Finland,2006,azj,Azerbaijani,41
Southwest Finland,2006,ben,"Bengali, (Bangla)",47
Southwest Finland,2006,bos,Bosnian,277
Southwest Finland,2006,bul,Bulgarian,33
Southwest Finland,2006,ces,Czech,16
Southwest Finland,2006,che,Chechen,10
Southwest Finland,2006,ckb,Kurdish,1051
Southwest Finland,2006,cmn,Chinese,434
Southwest Finland,2006,dan,Danish,27
Southwest Finland,2006,deu,German,299
Southwest Finland,2006,ekk,Estonian,1514
Southwest Finland,2006,ell,Greek (modern),44
Southwest Finland,2006,eng,English,611
Southwest Finland,2006,fin,Finnish,415932
Southwest Finland,2006,fra,French,132
Southwest Finland,2006,heb,Hebrew,11
Southwest Finland,2006,hin,Hindi,21
Southwest Finland,2006,hrv,Croatian,12
Southwest Finland,2006,hun,Hungarian,86
Southwest Finland,2006,hye,Armenian,12
Southwest Finland,2006,ibo,Igbo,12
Southwest Finland,2006,ind,Indonesian,11
Southwest Finland,2006,ita,Italian,92
Southwest Finland,2006,jpn,Japanese,37
Southwest Finland,2006,kat,Georgian,11
Southwest Finland,2006,khm,Central Khmer,22
Southwest Finland,2006,kin,Kinyarwanda,18
Southwest Finland,2006,lit,Lithuanian,31
Southwest Finland,2006,lvs,Latvian,10
Southwest Finland,2006,nld,Dutch,64
Southwest Finland,2006,nor,Norwegian,20
Southwest Finland,2006,npi,Nepali,10
Southwest Finland,2006,pan,Panjabi,10
Southwest Finland,2006,pes,"Persian, Farsi",395
Southwest Finland,2006,pol,Polish,111
Southwest Finland,2006,por,Portuguese,70
Southwest Finland,2006,pst,Pushto,23
Southwest Finland,2006,ron,Romanian,118
Southwest Finland,2006,rus,Russian,3532
Southwest Finland,2006,som,Somali,506
Southwest Finland,2006,spa,Spanish,267
Southwest Finland,2006,srp,Serbian,346
Southwest Finland,2006,swe,Swedish,26430
Southwest Finland,2006,swh,Swahili,14
Southwest Finland,2006,tel,Telugu,11
Southwest Finland,2006,tgl,Tagalog,29
Southwest Finland,2006,tha,Thai,230
Southwest Finland,2006,tir,Tigrinya,12
Southwest Finland,2006,tuk,Turkmen,10
Southwest Finland,2006,tur,Turkish,193
Southwest Finland,2006,ukr,Ukrainian,54
Southwest Finland,2006,urd,Urdu,30
Southwest Finland,2006,vie,Vietnamese,547
Southwest Finland,2006,wol,Wolof,10
Southwest Finland,2007,aka,Akan,10
Southwest Finland,2007,als,Albanian,1325
Southwest Finland,2007,amh,Amharic,27
Southwest Finland,2007,arb,Arabic,1305
Southwest Finland,2007,azj,Azerbaijani,40
Southwest Finland,2007,ben,"Bengali, (Bangla)",54
Southwest Finland,2007,bos,Bosnian,305
Southwest Finland,2007,bul,Bulgarian,32
Southwest Finland,2007,ces,Czech,15
Southwest Finland,2007,che,Chechen,10
Southwest Finland,2007,ckb,Kurdish,1183
Southwest Finland,2007,cmn,Chinese,434
Southwest Finland,2007,dan,Danish,22
Southwest Finland,2007,deu,German,310
Southwest Finland,2007,ekk,Estonian,1690
Southwest Finland,2007,ell,Greek (modern),43
Southwest Finland,2007,eng,English,676
Southwest Finland,2007,fin,Finnish,416229
Southwest Finland,2007,fra,French,140
Southwest Finland,2007,heb,Hebrew,16
Southwest Finland,2007,hin,Hindi,26
Southwest Finland,2007,hrv,Croatian,13
Southwest Finland,2007,hun,Hungarian,77
Southwest Finland,2007,hye,Armenian,17
Southwest Finland,2007,ibo,Igbo,17
Southwest Finland,2007,ita,Italian,97
Southwest Finland,2007,jpn,Japanese,49
Southwest Finland,2007,kat,Georgian,11
Southwest Finland,2007,khm,Central Khmer,28
Southwest Finland,2007,kin,Kinyarwanda,19
Southwest Finland,2007,lin,Lingala,11
Southwest Finland,2007,lit,Lithuanian,33
Southwest Finland,2007,lvs,Latvian,12
Southwest Finland,2007,nld,Dutch,51
Southwest Finland,2007,nor,Norwegian,18
Southwest Finland,2007,npi,Nepali,23
Southwest Finland,2007,pan,Panjabi,10
Southwest Finland,2007,pes,"Persian, Farsi",450
Southwest Finland,2007,pol,Polish,138
Southwest Finland,2007,por,Portuguese,78
Southwest Finland,2007,pst,Pushto,33
Southwest Finland,2007,ron,Romanian,137
Southwest Finland,2007,rus,Russian,3677
Southwest Finland,2007,som,Somali,584
Southwest Finland,2007,spa,Spanish,279
Southwest Finland,2007,srp,Serbian,342
Southwest Finland,2007,swe,Swedish,26381
Southwest Finland,2007,swh,Swahili,18
Southwest Finland,2007,tel,Telugu,15
Southwest Finland,2007,tgl,Tagalog,30
Southwest Finland,2007,tha,Thai,272
Southwest Finland,2007,tir,Tigrinya,13
Southwest Finland,2007,tuk,Turkmen,10
Southwest Finland,2007,tur,Turkish,218
Southwest Finland,2007,ukr,Ukrainian,57
Southwest Finland,2007,urd,Urdu,34
Southwest Finland,2007,vie,Vietnamese,576
Southwest Finland,2007,wol,Wolof,10
Southwest Finland,2007,yor,Yoruba,17
Southwest Finland,2008,als,Albanian,1410
Southwest Finland,2008,amh,Amharic,29
Southwest Finland,2008,arb,Arabic,1346
Southwest Finland,2008,azj,Azerbaijani,44
Southwest Finland,2008,ben,"Bengali, (Bangla)",57
Southwest Finland,2008,bos,Bosnian,348
Southwest Finland,2008,bul,Bulgarian,59
Southwest Finland,2008,ces,Czech,15
Southwest Finland,2008,che,Chechen,10
Southwest Finland,2008,ckb,Kurdish,1294
Southwest Finland,2008,cmn,Chinese,461
Southwest Finland,2008,dan,Danish,26
Southwest Finland,2008,deu,German,335
Southwest Finland,2008,ekk,Estonian,1909
Southwest Finland,2008,ell,Greek (modern),41
Southwest Finland,2008,eng,English,713
Southwest Finland,2008,fin,Finnish,416915
Southwest Finland,2008,fra,French,142
Southwest Finland,2008,heb,Hebrew,20
Southwest Finland,2008,hin,Hindi,29
Southwest Finland,2008,hrv,Croatian,12
Southwest Finland,2008,hun,Hungarian,92
Southwest Finland,2008,hye,Armenian,15
Southwest Finland,2008,ibo,Igbo,16
Southwest Finland,2008,ita,Italian,97
Southwest Finland,2008,jpn,Japanese,56
Southwest Finland,2008,kat,Georgian,11
Southwest Finland,2008,khk,Mongolian,10
Southwest Finland,2008,khm,Central Khmer,25
Southwest Finland,2008,kin,Kinyarwanda,20
Southwest Finland,2008,lin,Lingala,18
Southwest Finland,2008,lit,Lithuanian,38
Southwest Finland,2008,lvs,Latvian,14
Southwest Finland,2008,nld,Dutch,62
Southwest Finland,2008,nor,Norwegian,23
Southwest Finland,2008,npi,Nepali,24
Southwest Finland,2008,pes,"Persian, Farsi",520
Southwest Finland,2008,pol,Polish,173
Southwest Finland,2008,por,Portuguese,87
Southwest Finland,2008,pst,Pushto,38
Southwest Finland,2008,ron,Romanian,176
Southwest Finland,2008,rus,Russian,3877
Southwest Finland,2008,som,Somali,635
Southwest Finland,2008,spa,Spanish,296
Southwest Finland,2008,srp,Serbian,337
Southwest Finland,2008,swe,Swedish,26366
Southwest Finland,2008,swh,Swahili,19
Southwest Finland,2008,tel,Telugu,14
Southwest Finland,2008,tgl,Tagalog,28
Southwest Finland,2008,tha,Thai,309
Southwest Finland,2008,tir,Tigrinya,16
Southwest Finland,2008,tuk,Turkmen,12
Southwest Finland,2008,tur,Turkish,232
Southwest Finland,2008,ukr,Ukrainian,63
Southwest Finland,2008,urd,Urdu,36
Southwest Finland,2008,vie,Vietnamese,598
Southwest Finland,2008,wol,Wolof,17
Southwest Finland,2008,yor,Yoruba,19
Southwest Finland,2009,als,Albanian,1517
Southwest Finland,2009,amh,Amharic,36
Southwest Finland,2009,arb,Arabic,1403
Southwest Finland,2009,azj,Azerbaijani,43
Southwest Finland,2009,ben,"Bengali, (Bangla)",65
Southwest Finland,2009,bos,Bosnian,358
Southwest Finland,2009,bul,Bulgarian,65
Southwest Finland,2009,ces,Czech,15
Southwest Finland,2009,che,Chechen,10
Southwest Finland,2009,ckb,Kurdish,1419
Southwest Finland,2009,cmn,Chinese,486
Southwest Finland,2009,dan,Danish,27
Southwest Finland,2009,deu,German,332
Southwest Finland,2009,ekk,Estonian,2066
Southwest Finland,2009,ell,Greek (modern),37
Southwest Finland,2009,eng,English,770
Southwest Finland,2009,fin,Finnish,417379
Southwest Finland,2009,fra,French,142
Southwest Finland,2009,heb,Hebrew,20
Southwest Finland,2009,hin,Hindi,38
Southwest Finland,2009,hrv,Croatian,12
Southwest Finland,2009,hun,Hungarian,94
Southwest Finland,2009,hye,Armenian,24
Southwest Finland,2009,ibo,Igbo,17
Southwest Finland,2009,ita,Italian,91
Southwest Finland,2009,jpn,Japanese,60
Southwest Finland,2009,kat,Georgian,10
Southwest Finland,2009,khm,Central Khmer,31
Southwest Finland,2009,kin,Kinyarwanda,16
Southwest Finland,2009,lin,Lingala,17
Southwest Finland,2009,lit,Lithuanian,38
Southwest Finland,2009,lvs,Latvian,17
Southwest Finland,2009,nld,Dutch,63
Southwest Finland,2009,nor,Norwegian,25
Southwest Finland,2009,npi,Nepali,29
Southwest Finland,2009,pes,"Persian, Farsi",567
Southwest Finland,2009,pol,Polish,236
Southwest Finland,2009,por,Portuguese,93
Southwest Finland,2009,pst,Pushto,45
Southwest Finland,2009,ron,Romanian,182
Southwest Finland,2009,rus,Russian,4004
Southwest Finland,2009,som,Somali,722
Southwest Finland,2009,spa,Spanish,319
Southwest Finland,2009,srp,Serbian,346
Southwest Finland,2009,swe,Swedish,26476
Southwest Finland,2009,swh,Swahili,21
Southwest Finland,2009,tel,Telugu,14
Southwest Finland,2009,tgl,Tagalog,34
Southwest Finland,2009,tha,Thai,369
Southwest Finland,2009,tir,Tigrinya,20
Southwest Finland,2009,tuk,Turkmen,13
Southwest Finland,2009,tur,Turkish,236
Southwest Finland,2009,ukr,Ukrainian,70
Southwest Finland,2009,urd,Urdu,48
Southwest Finland,2009,vie,Vietnamese,619
Southwest Finland,2009,wol,Wolof,19
Southwest Finland,2009,yor,Yoruba,24
Southwest Finland,2010,aka,Akan,10
Southwest Finland,2010,als,Albanian,1562
Southwest Finland,2010,amh,Amharic,48
Southwest Finland,2010,arb,Arabic,1470
Southwest Finland,2010,azj,Azerbaijani,43
Southwest Finland,2010,ben,"Bengali, (Bangla)",93
Southwest Finland,2010,bos,Bosnian,376
Southwest Finland,2010,bul,Bulgarian,73
Southwest Finland,2010,ces,Czech,16
Southwest Finland,2010,che,Chechen,10
Southwest Finland,2010,ckb,Kurdish,1527
Southwest Finland,2010,cmn,Chinese,518
Southwest Finland,2010,dan,Danish,25
Southwest Finland,2010,deu,German,342
Southwest Finland,2010,ekk,Estonian,2344
Southwest Finland,2010,ell,Greek (modern),40
Southwest Finland,2010,eng,English,831
Southwest Finland,2010,fin,Finnish,417906
Southwest Finland,2010,fra,French,163
Southwest Finland,2010,heb,Hebrew,19
Southwest Finland,2010,hin,Hindi,48
Southwest Finland,2010,hrv,Croatian,14
Southwest Finland,2010,hun,Hungarian,95
Southwest Finland,2010,hye,Armenian,25
Southwest Finland,2010,ibo,Igbo,23
Southwest Finland,2010,ita,Italian,100
Southwest Finland,2010,jpn,Japanese,72
Southwest Finland,2010,kat,Georgian,10
Southwest Finland,2010,khk,Mongolian,11
Southwest Finland,2010,khm,Central Khmer,33
Southwest Finland,2010,kin,Kinyarwanda,16
Southwest Finland,2010,lin,Lingala,23
Southwest Finland,2010,lit,Lithuanian,53
Southwest Finland,2010,lvs,Latvian,37
Southwest Finland,2010,mal,Malayalam,17
Southwest Finland,2010,nld,Dutch,65
Southwest Finland,2010,nor,Norwegian,20
Southwest Finland,2010,npi,Nepali,62
Southwest Finland,2010,pan,Panjabi,12
Southwest Finland,2010,pes,"Persian, Farsi",621
Southwest Finland,2010,pol,Polish,287
Southwest Finland,2010,por,Portuguese,117
Southwest Finland,2010,pst,Pushto,51
Southwest Finland,2010,ron,Romanian,228
Southwest Finland,2010,rus,Russian,4126
Southwest Finland,2010,som,Somali,855
Southwest Finland,2010,spa,Spanish,369
Southwest Finland,2010,srp,Serbian,353
Southwest Finland,2010,swe,Swedish,26637
Southwest Finland,2010,swh,Swahili,25
Southwest Finland,2010,tam,Tamil,12
Southwest Finland,2010,tel,Telugu,17
Southwest Finland,2010,tgk,Tajik,11
Southwest Finland,2010,tgl,Tagalog,41
Southwest Finland,2010,tha,Thai,404
Southwest Finland,2010,tir,Tigrinya,21
Southwest Finland,2010,tuk,Turkmen,15
Southwest Finland,2010,tur,Turkish,257
Southwest Finland,2010,ukr,Ukrainian,80
Southwest Finland,2010,urd,Urdu,66
Southwest Finland,2010,uzn,Uzbek,10
Southwest Finland,2010,vie,Vietnamese,639
Southwest Finland,2010,wol,Wolof,20
Southwest Finland,2010,yor,Yoruba,29
Southwest Finland,2011,aka,Akan,21
Southwest Finland,2011,als,Albanian,1583
Southwest Finland,2011,amh,Amharic,56
Southwest Finland,2011,arb,Arabic,1520
Southwest Finland,2011,azj,Azerbaijani,46
Southwest Finland,2011,ben,"Bengali, (Bangla)",105
Southwest Finland,2011,bos,Bosnian,404
Southwest Finland,2011,bul,Bulgarian,75
Southwest Finland,2011,ces,Czech,17
Southwest Finland,2011,che,Chechen,13
Southwest Finland,2011,ckb,Kurdish,1652
Southwest Finland,2011,cmn,Chinese,561
Southwest Finland,2011,dan,Danish,29
Southwest Finland,2011,deu,German,338
Southwest Finland,2011,ekk,Estonian,2711
Southwest Finland,2011,ell,Greek (modern),45
Southwest Finland,2011,eng,English,892
Southwest Finland,2011,fin,Finnish,418375
Southwest Finland,2011,fra,French,181
Southwest Finland,2011,heb,Hebrew,18
Southwest Finland,2011,hin,Hindi,58
Southwest Finland,2011,hrv,Croatian,15
Southwest Finland,2011,hun,Hungarian,96
Southwest Finland,2011,hye,Armenian,24
Southwest Finland,2011,ibo,Igbo,28
Southwest Finland,2011,ind,Indonesian,10
Southwest Finland,2011,ita,Italian,115
Southwest Finland,2011,jpn,Japanese,65
Southwest Finland,2011,khk,Mongolian,12
Southwest Finland,2011,khm,Central Khmer,34
Southwest Finland,2011,kin,Kinyarwanda,17
Southwest Finland,2011,lin,Lingala,29
Southwest Finland,2011,lit,Lithuanian,66
Southwest Finland,2011,lvs,Latvian,45
Southwest Finland,2011,mal,Malayalam,10
Southwest Finland,2011,nld,Dutch,65
Southwest Finland,2011,nor,Norwegian,19
Southwest Finland,2011,npi,Nepali,86
Southwest Finland,2011,pan,Panjabi,12
Southwest Finland,2011,pes,"Persian, Farsi",655
Southwest Finland,2011,pol,Polish,310
Southwest Finland,2011,por,Portuguese,130
Southwest Finland,2011,pst,Pushto,61
Southwest Finland,2011,ron,Romanian,277
Southwest Finland,2011,rus,Russian,4279
Southwest Finland,2011,som,Somali,1002
Southwest Finland,2011,spa,Spanish,397
Southwest Finland,2011,srp,Serbian,347
Southwest Finland,2011,swe,Swedish,26783
Southwest Finland,2011,swh,Swahili,25
Southwest Finland,2011,tam,Tamil,15
Southwest Finland,2011,tel,Telugu,16
Southwest Finland,2011,tgk,Tajik,11
Southwest Finland,2011,tgl,Tagalog,41
Southwest Finland,2011,tha,Thai,447
Southwest Finland,2011,tir,Tigrinya,20
Southwest Finland,2011,tuk,Turkmen,15
Southwest Finland,2011,tur,Turkish,268
Southwest Finland,2011,ukr,Ukrainian,113
Southwest Finland,2011,urd,Urdu,82
Southwest Finland,2011,uzn,Uzbek,15
Southwest Finland,2011,vie,Vietnamese,651
Southwest Finland,2011,wol,Wolof,22
Southwest Finland,2011,yor,Yoruba,34
Southwest Finland,2012,aka,Akan,23
Southwest Finland,2012,als,Albanian,1639
Southwest Finland,2012,amh,Amharic,60
Southwest Finland,2012,arb,Arabic,1685
Southwest Finland,2012,azj,Azerbaijani,53
Southwest Finland,2012,ben,"Bengali, (Bangla)",104
Southwest Finland,2012,bos,Bosnian,434
Southwest Finland,2012,bul,Bulgarian,73
Southwest Finland,2012,ces,Czech,25
Southwest Finland,2012,che,Chechen,13
Southwest Finland,2012,ckb,Kurdish,1809
Southwest Finland,2012,cmn,Chinese,566
Southwest Finland,2012,dan,Danish,33
Southwest Finland,2012,deu,German,352
Southwest Finland,2012,ekk,Estonian,3202
Southwest Finland,2012,ell,Greek (modern),51
Southwest Finland,2012,eng,English,943
Southwest Finland,2012,fin,Finnish,418197
Southwest Finland,2012,fra,French,180
Southwest Finland,2012,heb,Hebrew,18
Southwest Finland,2012,hin,Hindi,55
Southwest Finland,2012,hrv,Croatian,14
Southwest Finland,2012,hun,Hungarian,104
Southwest Finland,2012,hye,Armenian,25
Southwest Finland,2012,ibo,Igbo,27
Southwest Finland,2012,ind,Indonesian,10
Southwest Finland,2012,ita,Italian,115
Southwest Finland,2012,jpn,Japanese,58
Southwest Finland,2012,kat,Georgian,10
Southwest Finland,2012,khm,Central Khmer,32
Southwest Finland,2012,kin,Kinyarwanda,20
Southwest Finland,2012,kor,Korean,11
Southwest Finland,2012,lin,Lingala,24
Southwest Finland,2012,lit,Lithuanian,71
Southwest Finland,2012,lvs,Latvian,53
Southwest Finland,2012,nld,Dutch,68
Southwest Finland,2012,nor,Norwegian,18
Southwest Finland,2012,npi,Nepali,100
Southwest Finland,2012,pan,Panjabi,11
Southwest Finland,2012,pes,"Persian, Farsi",701
Southwest Finland,2012,pol,Polish,376
Southwest Finland,2012,por,Portuguese,138
Southwest Finland,2012,pst,Pushto,75
Southwest Finland,2012,ron,Romanian,302
Southwest Finland,2012,rus,Russian,4431
Southwest Finland,2012,sin,Sinhala,16
Southwest Finland,2012,som,Somali,1112
Southwest Finland,2012,spa,Spanish,449
Southwest Finland,2012,srp,Serbian,360
Southwest Finland,2012,swe,Swedish,26827
Southwest Finland,2012,swh,Swahili,24
Southwest Finland,2012,tam,Tamil,17
Southwest Finland,2012,tel,Telugu,19
Southwest Finland,2012,tgl,Tagalog,49
Southwest Finland,2012,tha,Thai,519
Southwest Finland,2012,tir,Tigrinya,21
Southwest Finland,2012,tuk,Turkmen,16
Southwest Finland,2012,tur,Turkish,283
Southwest Finland,2012,ukr,Ukrainian,168
Southwest Finland,2012,urd,Urdu,115
Southwest Finland,2012,uzn,Uzbek,19
Southwest Finland,2012,vie,Vietnamese,684
Southwest Finland,2012,wol,Wolof,21
Southwest Finland,2012,yor,Yoruba,42
Southwest Finland,2013,aka,Akan,23
Southwest Finland,2013,als,Albanian,1702
Southwest Finland,2013,amh,Amharic,62
Southwest Finland,2013,arb,Arabic,1836
Southwest Finland,2013,azj,Azerbaijani,58
Southwest Finland,2013,ben,"Bengali, (Bangla)",106
Southwest Finland,2013,bos,Bosnian,460
Southwest Finland,2013,bul,Bulgarian,81
Southwest Finland,2013,ces,Czech,26
Southwest Finland,2013,che,Chechen,13
Southwest Finland,2013,ckb,Kurdish,1956
Southwest Finland,2013,cmn,Chinese,558
Southwest Finland,2013,dan,Danish,39
Southwest Finland,2013,deu,German,344
Southwest Finland,2013,ekk,Estonian,3464
Southwest Finland,2013,ell,Greek (modern),70
Southwest Finland,2013,eng,English,1005
Southwest Finland,2013,fin,Finnish,418420
Southwest Finland,2013,fra,French,191
Southwest Finland,2013,heb,Hebrew,18
Southwest Finland,2013,hin,Hindi,64
Southwest Finland,2013,hrv,Croatian,16
Southwest Finland,2013,hun,Hungarian,119
Southwest Finland,2013,hye,Armenian,27
Southwest Finland,2013,ibo,Igbo,31
Southwest Finland,2013,ind,Indonesian,10
Southwest Finland,2013,ita,Italian,115
Southwest Finland,2013,jpn,Japanese,62
Southwest Finland,2013,khm,Central Khmer,32
Southwest Finland,2013,kin,Kinyarwanda,19
Southwest Finland,2013,kor,Korean,13
Southwest Finland,2013,lin,Lingala,21
Southwest Finland,2013,lit,Lithuanian,73
Southwest Finland,2013,lvs,Latvian,64
Southwest Finland,2013,nld,Dutch,64
Southwest Finland,2013,nor,Norwegian,21
Southwest Finland,2013,npi,Nepali,122
Southwest Finland,2013,pan,Panjabi,12
Southwest Finland,2013,pes,"Persian, Farsi",764
Southwest Finland,2013,pol,Polish,487
Southwest Finland,2013,por,Portuguese,136
Southwest Finland,2013,pst,Pushto,82
Southwest Finland,2013,ron,Romanian,350
Southwest Finland,2013,rus,Russian,4565
Southwest Finland,2013,sin,Sinhala,15
Southwest Finland,2013,sme,Sami,12
Southwest Finland,2013,som,Somali,1243
Southwest Finland,2013,spa,Spanish,488
Southwest Finland,2013,srp,Serbian,364
Southwest Finland,2013,swe,Swedish,26944
Southwest Finland,2013,swh,Swahili,26
Southwest Finland,2013,tam,Tamil,21
Southwest Finland,2013,tel,Telugu,22
Southwest Finland,2013,tgl,Tagalog,78
Southwest Finland,2013,tha,Thai,568
Southwest Finland,2013,tir,Tigrinya,24
Southwest Finland,2013,tuk,Turkmen,19
Southwest Finland,2013,tur,Turkish,309
Southwest Finland,2013,ukr,Ukrainian,212
Southwest Finland,2013,urd,Urdu,130
Southwest Finland,2013,uzn,Uzbek,24
Southwest Finland,2013,vie,Vietnamese,697
Southwest Finland,2013,wol,Wolof,20
Southwest Finland,2013,yor,Yoruba,46
Southwest Finland,2014,aka,Akan,30
Southwest Finland,2014,als,Albanian,1781
Southwest Finland,2014,amh,Amharic,74
Southwest Finland,2014,arb,Arabic,2009
Southwest Finland,2014,azj,Azerbaijani,57
Southwest Finland,2014,bel,Belarusian,13
Southwest Finland,2014,ben,"Bengali, (Bangla)",114
Southwest Finland,2014,bos,Bosnian,496
Southwest Finland,2014,bul,Bulgarian,117
Southwest Finland,2014,ces,Czech,33
Southwest Finland,2014,che,Chechen,14
Southwest Finland,2014,ckb,Kurdish,2073
Southwest Finland,2014,cmn,Chinese,577
Southwest Finland,2014,dan,Danish,43
Southwest Finland,2014,deu,German,359
Southwest Finland,2014,ekk,Estonian,3720
Southwest Finland,2014,ell,Greek (modern),76
Southwest Finland,2014,eng,English,1077
Southwest Finland,2014,fin,Finnish,418393
Southwest Finland,2014,fra,French,203
Southwest Finland,2014,heb,Hebrew,19
Southwest Finland,2014,hin,Hindi,105
Southwest Finland,2014,hrv,Croatian,18
Southwest Finland,2014,hun,Hungarian,126
Southwest Finland,2014,hye,Armenian,28
Southwest Finland,2014,ibo,Igbo,31
Southwest Finland,2014,ind,Indonesian,11
Southwest Finland,2014,ita,Italian,122
Southwest Finland,2014,jpn,Japanese,60
Southwest Finland,2014,khm,Central Khmer,38
Southwest Finland,2014,kin,Kinyarwanda,23
Southwest Finland,2014,kor,Korean,21
Southwest Finland,2014,lin,Lingala,25
Southwest Finland,2014,lit,Lithuanian,89
Southwest Finland,2014,lvs,Latvian,88
Southwest Finland,2014,mal,Malayalam,11
Southwest Finland,2014,nld,Dutch,65
Southwest Finland,2014,nor,Norwegian,22
Southwest Finland,2014,npi,Nepali,143
Southwest Finland,2014,pan,Panjabi,13
Southwest Finland,2014,pes,"Persian, Farsi",823
Southwest Finland,2014,pol,Polish,608
Southwest Finland,2014,por,Portuguese,155
Southwest Finland,2014,pst,Pushto,90
Southwest Finland,2014,ron,Romanian,393
Southwest Finland,2014,rus,Russian,4668
Southwest Finland,2014,sin,Sinhala,17
Southwest Finland,2014,slk,Slovak,12
Southwest Finland,2014,sme,Sami,12
Southwest Finland,2014,som,Somali,1362
Southwest Finland,2014,spa,Spanish,522
Southwest Finland,2014,srp,Serbian,361
Southwest Finland,2014,swe,Swedish,27014
Southwest Finland,2014,swh,Swahili,31
Southwest Finland,2014,tam,Tamil,36
Southwest Finland,2014,tel,Telugu,19
Southwest Finland,2014,tgl,Tagalog,84
Southwest Finland,2014,tha,Thai,596
Southwest Finland,2014,tir,Tigrinya,24
Southwest Finland,2014,tuk,Turkmen,15
Southwest Finland,2014,tur,Turkish,335
Southwest Finland,2014,ukr,Ukrainian,317
Southwest Finland,2014,urd,Urdu,168
Southwest Finland,2014,uzn,Uzbek,22
Southwest Finland,2014,vie,Vietnamese,716
Southwest Finland,2014,wol,Wolof,20
Southwest Finland,2014,yor,Yoruba,52
Southwest Finland,2015,aka,Akan,28
Southwest Finland,2015,als,Albanian,1844
Southwest Finland,2015,amh,Amharic,73
Southwest Finland,2015,arb,Arabic,2196
Southwest Finland,2015,azj,Azerbaijani,56
Southwest Finland,2015,bel,Belarusian,11
Southwest Finland,2015,ben,"Bengali, (Bangla)",129
Southwest Finland,2015,bos,Bosnian,521
Southwest Finland,2015,bul,Bulgarian,123
Southwest Finland,2015,ces,Czech,37
Southwest Finland,2015,che,Chechen,16
Southwest Finland,2015,ckb,Kurdish,2149
Southwest Finland,2015,cmn,Chinese,614
Southwest Finland,2015,dan,Danish,48
Southwest Finland,2015,deu,German,367
Southwest Finland,2015,ekk,Estonian,3850
Southwest Finland,2015,ell,Greek (modern),78
Southwest Finland,2015,eng,English,1143
Southwest Finland,2015,fin,Finnish,418380
Southwest Finland,2015,fra,French,191
Southwest Finland,2015,heb,Hebrew,19
Southwest Finland,2015,hin,Hindi,107
Southwest Finland,2015,hrv,Croatian,29
Southwest Finland,2015,hun,Hungarian,134
Southwest Finland,2015,hye,Armenian,27
Southwest Finland,2015,ibo,Igbo,36
Southwest Finland,2015,ita,Italian,157
Southwest Finland,2015,jpn,Japanese,62
Southwest Finland,2015,khm,Central Khmer,34
Southwest Finland,2015,kin,Kinyarwanda,32
Southwest Finland,2015,kor,Korean,15
Southwest Finland,2015,lin,Lingala,28
Southwest Finland,2015,lit,Lithuanian,113
Southwest Finland,2015,lvs,Latvian,100
Southwest Finland,2015,mar,Marathi,10
Southwest Finland,2015,nld,Dutch,65
Southwest Finland,2015,nor,Norwegian,22
Southwest Finland,2015,npi,Nepali,166
Southwest Finland,2015,pan,Panjabi,16
Southwest Finland,2015,pes,"Persian, Farsi",846
Southwest Finland,2015,pol,Polish,692
Southwest Finland,2015,por,Portuguese,159
Southwest Finland,2015,pst,Pushto,112
Southwest Finland,2015,ron,Romanian,461
Southwest Finland,2015,rus,Russian,4732
Southwest Finland,2015,sin,Sinhala,20
Southwest Finland,2015,slk,Slovak,16
Southwest Finland,2015,sme,Sami,13
Southwest Finland,2015,som,Somali,1491
Southwest Finland,2015,spa,Spanish,564
Southwest Finland,2015,srp,Serbian,359
Southwest Finland,2015,swe,Swedish,27075
Southwest Finland,2015,swh,Swahili,34
Southwest Finland,2015,tam,Tamil,32
Southwest Finland,2015,tel,Telugu,25
Southwest Finland,2015,tgl,Tagalog,105
Southwest Finland,2015,tha,Thai,646
Southwest Finland,2015,tir,Tigrinya,23
Southwest Finland,2015,tuk,Turkmen,12
Southwest Finland,2015,tur,Turkish,339
Southwest Finland,2015,ukr,Ukrainian,448
Southwest Finland,2015,urd,Urdu,181
Southwest Finland,2015,uzn,Uzbek,17
Southwest Finland,2015,vie,Vietnamese,747
Southwest Finland,2015,wol,Wolof,20
Southwest Finland,2015,yor,Yoruba,57
Southwest Finland,2016,aka,Akan,29
Southwest Finland,2016,als,Albanian,1899
Southwest Finland,2016,amh,Amharic,78
Southwest Finland,2016,arb,Arabic,2529
Southwest Finland,2016,azj,Azerbaijani,64
Southwest Finland,2016,bel,Belarusian,12
Southwest Finland,2016,ben,"Bengali, (Bangla)",146
Southwest Finland,2016,bos,Bosnian,529
Southwest Finland,2016,bul,Bulgarian,128
Southwest Finland,2016,ces,Czech,39
Southwest Finland,2016,che,Chechen,15
Southwest Finland,2016,ckb,Kurdish,2234
Southwest Finland,2016,cmn,Chinese,668
Southwest Finland,2016,dan,Danish,67
Southwest Finland,2016,deu,German,365
Southwest Finland,2016,ekk,Estonian,3910
Southwest Finland,2016,ell,Greek (modern),101
Southwest Finland,2016,eng,English,1191
Southwest Finland,2016,fin,Finnish,417784
Southwest Finland,2016,fra,French,221
Southwest Finland,2016,heb,Hebrew,18
Southwest Finland,2016,hin,Hindi,108
Southwest Finland,2016,hrv,Croatian,18
Southwest Finland,2016,hun,Hungarian,138
Southwest Finland,2016,hye,Armenian,28
Southwest Finland,2016,ibo,Igbo,41
Southwest Finland,2016,ind,Indonesian,11
Southwest Finland,2016,ita,Italian,176
Southwest Finland,2016,jpn,Japanese,64
Southwest Finland,2016,khm,Central Khmer,38
Southwest Finland,2016,kin,Kinyarwanda,39
Southwest Finland,2016,kor,Korean,25
Southwest Finland,2016,lin,Lingala,30
Southwest Finland,2016,lit,Lithuanian,115
Southwest Finland,2016,lvs,Latvian,131
Southwest Finland,2016,mal,Malayalam,11
Southwest Finland,2016,mar,Marathi,13
Southwest Finland,2016,nld,Dutch,72
Southwest Finland,2016,nor,Norwegian,28
Southwest Finland,2016,npi,Nepali,177
Southwest Finland,2016,pan,Panjabi,19
Southwest Finland,2016,pes,"Persian, Farsi",981
Southwest Finland,2016,pol,Polish,771
Southwest Finland,2016,por,Portuguese,174
Southwest Finland,2016,pst,Pushto,114
Southwest Finland,2016,ron,Romanian,568
Southwest Finland,2016,rus,Russian,4853
Southwest Finland,2016,sin,Sinhala,24
Southwest Finland,2016,slk,Slovak,27
Southwest Finland,2016,sme,Sami,16
Southwest Finland,2016,som,Somali,1556
Southwest Finland,2016,spa,Spanish,577
Southwest Finland,2016,srp,Serbian,365
Southwest Finland,2016,swe,Swedish,27116
Southwest Finland,2016,swh,Swahili,29
Southwest Finland,2016,tam,Tamil,35
Southwest Finland,2016,tel,Telugu,27
Southwest Finland,2016,tgl,Tagalog,109
Southwest Finland,2016,tha,Thai,690
Southwest Finland,2016,tir,Tigrinya,27
Southwest Finland,2016,tuk,Turkmen,13
Southwest Finland,2016,tur,Turkish,363
Southwest Finland,2016,ukr,Ukrainian,540
Southwest Finland,2016,urd,Urdu,219
Southwest Finland,2016,uzn,Uzbek,21
Southwest Finland,2016,vie,Vietnamese,813
Southwest Finland,2016,wol,Wolof,21
Southwest Finland,2016,yor,Yoruba,58
Southwest Finland,2017,aka,Akan,30
Southwest Finland,2017,als,Albanian,2003
Southwest Finland,2017,amh,Amharic,76
Southwest Finland,2017,arb,Arabic,2876
Southwest Finland,2017,azj,Azerbaijani,63
Southwest Finland,2017,bel,Belarusian,15
Southwest Finland,2017,ben,"Bengali, (Bangla)",167
Southwest Finland,2017,bos,Bosnian,558
Southwest Finland,2017,bul,Bulgarian,145
Southwest Finland,2017,ces,Czech,35
Southwest Finland,2017,che,Chechen,14
Southwest Finland,2017,ckb,Kurdish,2422
Southwest Finland,2017,cmn,Chinese,712
Southwest Finland,2017,dan,Danish,67
Southwest Finland,2017,deu,German,352
Southwest Finland,2017,ekk,Estonian,3991
Southwest Finland,2017,ell,Greek (modern),109
Southwest Finland,2017,eng,English,1270
Southwest Finland,2017,fin,Finnish,418099
Southwest Finland,2017,fra,French,217
Southwest Finland,2017,heb,Hebrew,17
Southwest Finland,2017,hin,Hindi,116
Southwest Finland,2017,hrv,Croatian,21
Southwest Finland,2017,hun,Hungarian,149
Southwest Finland,2017,hye,Armenian,31
Southwest Finland,2017,ibo,Igbo,47
Southwest Finland,2017,ind,Indonesian,15
Southwest Finland,2017,ita,Italian,189
Southwest Finland,2017,jpn,Japanese,67
Southwest Finland,2017,kat,Georgian,11
Southwest Finland,2017,khm,Central Khmer,36
Southwest Finland,2017,kin,Kinyarwanda,43
Southwest Finland,2017,kor,Korean,29
Southwest Finland,2017,lin,Lingala,23
Southwest Finland,2017,lit,Lithuanian,146
Southwest Finland,2017,lvs,Latvian,175
Southwest Finland,2017,mal,Malayalam,11
Southwest Finland,2017,mar,Marathi,16
Southwest Finland,2017,nld,Dutch,69
Southwest Finland,2017,nor,Norwegian,41
Southwest Finland,2017,npi,Nepali,183
Southwest Finland,2017,pan,Panjabi,20
Southwest Finland,2017,pes,"Persian, Farsi",1083
Southwest Finland,2017,pol,Polish,805
Southwest Finland,2017,por,Portuguese,197
Southwest Finland,2017,pst,Pushto,136
Southwest Finland,2017,ron,Romanian,669
Southwest Finland,2017,rus,Russian,4940
Southwest Finland,2017,sin,Sinhala,31
Southwest Finland,2017,slk,Slovak,32
Southwest Finland,2017,sme,Sami,18
Southwest Finland,2017,som,Somali,1595
Southwest Finland,2017,spa,Spanish,574
Southwest Finland,2017,srp,Serbian,360
Southwest Finland,2017,swe,Swedish,27120
Southwest Finland,2017,swh,Swahili,37
Southwest Finland,2017,tam,Tamil,36
Southwest Finland,2017,tel,Telugu,32
Southwest Finland,2017,tgl,Tagalog,152
Southwest Finland,2017,tha,Thai,721
Southwest Finland,2017,tir,Tigrinya,28
Southwest Finland,2017,tuk,Turkmen,12
Southwest Finland,2017,tur,Turkish,392
Southwest Finland,2017,ukr,Ukrainian,648
Southwest Finland,2017,urd,Urdu,229
Southwest Finland,2017,uzn,Uzbek,34
Southwest Finland,2017,vie,Vietnamese,851
Southwest Finland,2017,wol,Wolof,22
Southwest Finland,2017,yor,Yoruba,68
Southwest Finland,2018,aka,Akan,31
Southwest Finland,2018,als,Albanian,2084
Southwest Finland,2018,amh,Amharic,81
Southwest Finland,2018,arb,Arabic,3180
Southwest Finland,2018,azj,Azerbaijani,65
Southwest Finland,2018,bel,Belarusian,16
Southwest Finland,2018,ben,"Bengali, (Bangla)",196
Southwest Finland,2018,bos,Bosnian,596
Southwest Finland,2018,bul,Bulgarian,160
Southwest Finland,2018,ces,Czech,38
Southwest Finland,2018,che,Chechen,14
Southwest Finland,2018,ckb,Kurdish,2515
Southwest Finland,2018,cmn,Chinese,730
Southwest Finland,2018,dan,Danish,73
Southwest Finland,2018,deu,German,371
Southwest Finland,2018,ekk,Estonian,4022
Southwest Finland,2018,ell,Greek (modern),122
Southwest Finland,2018,eng,English,1322
Southwest Finland,2018,fin,Finnish,417242
Southwest Finland,2018,fra,French,213
Southwest Finland,2018,heb,Hebrew,16
Southwest Finland,2018,hin,Hindi,95
Southwest Finland,2018,hrv,Croatian,27
Southwest Finland,2018,hun,Hungarian,153
Southwest Finland,2018,hye,Armenian,29
Southwest Finland,2018,ibo,Igbo,47
Southwest Finland,2018,ind,Indonesian,18
Southwest Finland,2018,ita,Italian,205
Southwest Finland,2018,jpn,Japanese,64
Southwest Finland,2018,kat,Georgian,14
Southwest Finland,2018,khm,Central Khmer,37
Southwest Finland,2018,kin,Kinyarwanda,47
Southwest Finland,2018,kor,Korean,37
Southwest Finland,2018,lin,Lingala,24
Southwest Finland,2018,lit,Lithuanian,166
Southwest Finland,2018,lvs,Latvian,248
Southwest Finland,2018,mal,Malayalam,12
Southwest Finland,2018,mar,Marathi,17
Southwest Finland,2018,nld,Dutch,67
Southwest Finland,2018,nor,Norwegian,33
Southwest Finland,2018,npi,Nepali,188
Southwest Finland,2018,pan,Panjabi,22
Southwest Finland,2018,pes,"Persian, Farsi",1141
Southwest Finland,2018,pol,Polish,851
Southwest Finland,2018,por,Portuguese,205
Southwest Finland,2018,pst,Pushto,158
Southwest Finland,2018,ron,Romanian,800
Southwest Finland,2018,rus,Russian,5022
Southwest Finland,2018,sin,Sinhala,27
Southwest Finland,2018,slk,Slovak,43
Southwest Finland,2018,sme,Sami,13
Southwest Finland,2018,som,Somali,1679
Southwest Finland,2018,spa,Spanish,627
Southwest Finland,2018,srp,Serbian,362
Southwest Finland,2018,swe,Swedish,27121
Southwest Finland,2018,swh,Swahili,46
Southwest Finland,2018,tam,Tamil,44
Southwest Finland,2018,tel,Telugu,31
Southwest Finland,2018,tgl,Tagalog,203
Southwest Finland,2018,tha,Thai,753
Southwest Finland,2018,tir,Tigrinya,32
Southwest Finland,2018,tuk,Turkmen,14
Southwest Finland,2018,tur,Turkish,437
Southwest Finland,2018,ukr,Ukrainian,826
Southwest Finland,2018,urd,Urdu,246
Southwest Finland,2018,uzn,Uzbek,39
Southwest Finland,2018,vie,Vietnamese,886
Southwest Finland,2018,wol,Wolof,26
Southwest Finland,2018,yor,Yoruba,79
Southwest Finland,2019,aar,Afar,10
Southwest Finland,2019,aka,Akan,35
Southwest Finland,2019,als,Albanian,2162
Southwest Finland,2019,amh,Amharic,77
Southwest Finland,2019,arb,Arabic,3371
Southwest Finland,2019,azj,Azerbaijani,66
Southwest Finland,2019,bel,Belarusian,17
Southwest Finland,2019,ben,"Bengali, (Bangla)",209
Southwest Finland,2019,bos,Bosnian,612
Southwest Finland,2019,bul,Bulgarian,163
Southwest Finland,2019,ces,Czech,35
Southwest Finland,2019,che,Chechen,14
Southwest Finland,2019,ckb,Kurdish,2634
Southwest Finland,2019,cmn,Chinese,756
Southwest Finland,2019,dan,Danish,76
Southwest Finland,2019,deu,German,362
Southwest Finland,2019,ekk,Estonian,4021
Southwest Finland,2019,ell,Greek (modern),143
Southwest Finland,2019,eng,English,1417
Southwest Finland,2019,fin,Finnish,416228
Southwest Finland,2019,fra,French,234
Southwest Finland,2019,heb,Hebrew,19
Southwest Finland,2019,hin,Hindi,104
Southwest Finland,2019,hrv,Croatian,28
Southwest Finland,2019,hun,Hungarian,147
Southwest Finland,2019,hye,Armenian,29
Southwest Finland,2019,ibo,Igbo,40
Southwest Finland,2019,ind,Indonesian,21
Southwest Finland,2019,ita,Italian,228
Southwest Finland,2019,jpn,Japanese,70
Southwest Finland,2019,kat,Georgian,15
Southwest Finland,2019,khm,Central Khmer,39
Southwest Finland,2019,kin,Kinyarwanda,48
Southwest Finland,2019,kor,Korean,41
Southwest Finland,2019,lin,Lingala,21
Southwest Finland,2019,lit,Lithuanian,191
Southwest Finland,2019,lvs,Latvian,311
Southwest Finland,2019,mal,Malayalam,20
Southwest Finland,2019,mar,Marathi,22
Southwest Finland,2019,nld,Dutch,75
Southwest Finland,2019,nor,Norwegian,37
Southwest Finland,2019,npi,Nepali,218
Southwest Finland,2019,pan,Panjabi,23
Southwest Finland,2019,pes,"Persian, Farsi",1224
Southwest Finland,2019,pol,Polish,920
Southwest Finland,2019,por,Portuguese,205
Southwest Finland,2019,pst,Pushto,171
Southwest Finland,2019,ron,Romanian,947
Southwest Finland,2019,rus,Russian,5111
Southwest Finland,2019,sin,Sinhala,27
Southwest Finland,2019,slk,Slovak,69
Southwest Finland,2019,sme,Sami,12
Southwest Finland,2019,som,Somali,1731
Southwest Finland,2019,spa,Spanish,662
Southwest Finland,2019,srp,Serbian,349
Southwest Finland,2019,swe,Swedish,27267
Southwest Finland,2019,swh,Swahili,46
Southwest Finland,2019,tam,Tamil,54
Southwest Finland,2019,tel,Telugu,30
Southwest Finland,2019,tgl,Tagalog,258
Southwest Finland,2019,tha,Thai,773
Southwest Finland,2019,tir,Tigrinya,48
Southwest Finland,2019,tuk,Turkmen,15
Southwest Finland,2019,tur,Turkish,489
Southwest Finland,2019,uig,Uighur,11
Southwest Finland,2019,ukr,Ukrainian,995
Southwest Finland,2019,urd,Urdu,241
Southwest Finland,2019,uzn,Uzbek,52
Southwest Finland,2019,vie,Vietnamese,887
Southwest Finland,2019,wol,Wolof,31
Southwest Finland,2019,yor,Yoruba,67
Southwest Finland,2020,aar,Afar,14
Southwest Finland,2020,aka,Akan,35
Southwest Finland,2020,als,Albanian,2355
Southwest Finland,2020,amh,Amharic,76
Southwest Finland,2020,arb,Arabic,3672
Southwest Finland,2020,azj,Azerbaijani,66
Southwest Finland,2020,bel,Belarusian,17
Southwest Finland,2020,ben,"Bengali, (Bangla)",222
Southwest Finland,2020,bos,Bosnian,613
Southwest Finland,2020,bul,Bulgarian,186
Southwest Finland,2020,ces,Czech,41
Southwest Finland,2020,ckb,Kurdish,2749
Southwest Finland,2020,cmn,Chinese,779
Southwest Finland,2020,dan,Danish,74
Southwest Finland,2020,deu,German,392
Southwest Finland,2020,ekk,Estonian,4021
Southwest Finland,2020,ell,Greek (modern),151
Southwest Finland,2020,eng,English,1510
Southwest Finland,2020,fin,Finnish,416169
Southwest Finland,2020,fra,French,250
Southwest Finland,2020,heb,Hebrew,21
Southwest Finland,2020,hin,Hindi,115
Southwest Finland,2020,hrv,Croatian,27
Southwest Finland,2020,hun,Hungarian,160
Southwest Finland,2020,hye,Armenian,32
Southwest Finland,2020,ibo,Igbo,47
Southwest Finland,2020,ind,Indonesian,33
Southwest Finland,2020,ita,Italian,222
Southwest Finland,2020,jpn,Japanese,75
Southwest Finland,2020,kat,Georgian,26
Southwest Finland,2020,khm,Central Khmer,37
Southwest Finland,2020,kin,Kinyarwanda,55
Southwest Finland,2020,kor,Korean,46
Southwest Finland,2020,lin,Lingala,22
Southwest Finland,2020,lit,Lithuanian,231
Southwest Finland,2020,lvs,Latvian,406
Southwest Finland,2020,mal,Malayalam,22
Southwest Finland,2020,mar,Marathi,22
Southwest Finland,2020,nld,Dutch,77
Southwest Finland,2020,nor,Norwegian,35
Southwest Finland,2020,npi,Nepali,227
Southwest Finland,2020,pan,Panjabi,25
Southwest Finland,2020,pes,"Persian, Farsi",1304
Southwest Finland,2020,pol,Polish,937
Southwest Finland,2020,por,Portuguese,254
Southwest Finland,2020,pst,Pushto,172
Southwest Finland,2020,ron,Romanian,1053
Southwest Finland,2020,rus,Russian,5297
Southwest Finland,2020,sin,Sinhala,31
Southwest Finland,2020,slk,Slovak,70
Southwest Finland,2020,sme,Sami,12
Southwest Finland,2020,som,Somali,1810
Southwest Finland,2020,spa,Spanish,727
Southwest Finland,2020,srp,Serbian,354
Southwest Finland,2020,swe,Swedish,27333
Southwest Finland,2020,swh,Swahili,61
Southwest Finland,2020,tam,Tamil,57
Southwest Finland,2020,tel,Telugu,35
Southwest Finland,2020,tgl,Tagalog,278
Southwest Finland,2020,tha,Thai,820
Southwest Finland,2020,tir,Tigrinya,63
Southwest Finland,2020,tuk,Turkmen,14
Southwest Finland,2020,tur,Turkish,570
Southwest Finland,2020,ukr,Ukrainian,1204
Southwest Finland,2020,urd,Urdu,254
Southwest Finland,2020,uzn,Uzbek,59
Southwest Finland,2020,vie,Vietnamese,916
Southwest Finland,2020,wol,Wolof,33
Southwest Finland,2020,yor,Yoruba,79
Southwest Finland,2021,aar,Afar,14
Southwest Finland,2021,aka,Akan,38
Southwest Finland,2021,als,Albanian,2530
Southwest Finland,2021,amh,Amharic,74
Southwest Finland,2021,arb,Arabic,3825
Southwest Finland,2021,azj,Azerbaijani,75
Southwest Finland,2021,bel,Belarusian,19
Southwest Finland,2021,ben,"Bengali, (Bangla)",269
Southwest Finland,2021,bos,Bosnian,634
Southwest Finland,2021,bul,Bulgarian,223
Southwest Finland,2021,ces,Czech,34
Southwest Finland,2021,ckb,Kurdish,2827
Southwest Finland,2021,cmn,Chinese,813
Southwest Finland,2021,dan,Danish,72
Southwest Finland,2021,deu,German,429
Southwest Finland,2021,ekk,Estonian,4032
Southwest Finland,2021,ell,Greek (modern),164
Southwest Finland,2021,eng,English,1659
Southwest Finland,2021,ewe,Ewe,12
Southwest Finland,2021,fin,Finnish,415917
Southwest Finland,2021,fra,French,266
Southwest Finland,2021,heb,Hebrew,19
Southwest Finland,2021,hin,Hindi,128
Southwest Finland,2021,hrv,Croatian,26
Southwest Finland,2021,hun,Hungarian,154
Southwest Finland,2021,hye,Armenian,33
Southwest Finland,2021,ibo,Igbo,43
Southwest Finland,2021,ind,Indonesian,40
Southwest Finland,2021,ita,Italian,236
Southwest Finland,2021,jpn,Japanese,88
Southwest Finland,2021,kat,Georgian,18
Southwest Finland,2021,khm,Central Khmer,35
Southwest Finland,2021,kin,Kinyarwanda,52
Southwest Finland,2021,kor,Korean,45
Southwest Finland,2021,lin,Lingala,24
Southwest Finland,2021,lit,Lithuanian,251
Southwest Finland,2021,lvs,Latvian,460
Southwest Finland,2021,mal,Malayalam,23
Southwest Finland,2021,mar,Marathi,26
Southwest Finland,2021,nld,Dutch,89
Southwest Finland,2021,nor,Norwegian,43
Southwest Finland,2021,npi,Nepali,218
Southwest Finland,2021,pan,Panjabi,25
Southwest Finland,2021,pes,"Persian, Farsi",1458
Southwest Finland,2021,pol,Polish,1014
Southwest Finland,2021,por,Portuguese,283
Southwest Finland,2021,pst,Pushto,202
Southwest Finland,2021,ron,Romanian,1139
Southwest Finland,2021,rus,Russian,5520
Southwest Finland,2021,sin,Sinhala,35
Southwest Finland,2021,slk,Slovak,84
Southwest Finland,2021,sme,Sami,13
Southwest Finland,2021,som,Somali,1814
Southwest Finland,2021,spa,Spanish,759
Southwest Finland,2021,srp,Serbian,349
Southwest Finland,2021,swe,Swedish,27438
Southwest Finland,2021,swh,Swahili,71
Southwest Finland,2021,tam,Tamil,58
Southwest Finland,2021,tel,Telugu,44
Southwest Finland,2021,tgl,Tagalog,298
Southwest Finland,2021,tha,Thai,842
Southwest Finland,2021,tir,Tigrinya,92
Southwest Finland,2021,tuk,Turkmen,21
Southwest Finland,2021,tur,Turkish,597
Southwest Finland,2021,uig,Uighur,10
Southwest Finland,2021,ukr,Ukrainian,1482
Southwest Finland,2021,urd,Urdu,274
Southwest Finland,2021,uzn,Uzbek,89
Southwest Finland,2021,vie,Vietnamese,948
Southwest Finland,2021,wol,Wolof,32
Southwest Finland,2021,yor,Yoruba,93
Southwest Finland,2021,zlm,Malay,10
Southwest Finland,2022,aar,Afar,20
Southwest Finland,2022,aka,Akan,43
Southwest Finland,2022,als,Albanian,2790
Southwest Finland,2022,amh,Amharic,72
Southwest Finland,2022,arb,Arabic,4064
Southwest Finland,2022,azj,Azerbaijani,77
Southwest Finland,2022,bel,Belarusian,25
Southwest Finland,2022,ben,"Bengali, (Bangla)",345
Southwest Finland,2022,bos,Bosnian,668
Southwest Finland,2022,bul,Bulgarian,233
Southwest Finland,2022,ces,Czech,27
Southwest Finland,2022,ckb,Kurdish,2989
Southwest Finland,2022,cmn,Chinese,895
Southwest Finland,2022,dan,Danish,69
Southwest Finland,2022,deu,German,459
Southwest Finland,2022,ekk,Estonian,4049
Southwest Finland,2022,ell,Greek (modern),172
Southwest Finland,2022,eng,English,1843
Southwest Finland,2022,ewe,Ewe,12
Southwest Finland,2022,fin,Finnish,414795
Southwest Finland,2022,fra,French,293
Southwest Finland,2022,guj,Gujarati,87
Southwest Finland,2022,hau,Hausa,13
Southwest Finland,2022,heb,Hebrew,24
Southwest Finland,2022,hin,Hindi,166
Southwest Finland,2022,hrv,Croatian,25
Southwest Finland,2022,hun,Hungarian,168
Southwest Finland,2022,hye,Armenian,28
Southwest Finland,2022,ibo,Igbo,48
Southwest Finland,2022,ind,Indonesian,39
Southwest Finland,2022,ita,Italian,242
Southwest Finland,2022,jpn,Japanese,97
Southwest Finland,2022,kat,Georgian,24
Southwest Finland,2022,kaz,Kazakh,12
Southwest Finland,2022,khm,Central Khmer,35
Southwest Finland,2022,kin,Kinyarwanda,57
Southwest Finland,2022,kor,Korean,48
Southwest Finland,2022,lin,Lingala,25
Southwest Finland,2022,lit,Lithuanian,286
Southwest Finland,2022,lvs,Latvian,556
Southwest Finland,2022,mal,Malayalam,32
Southwest Finland,2022,mar,Marathi,31
Southwest Finland,2022,nld,Dutch,100
Southwest Finland,2022,nor,Norwegian,57
Southwest Finland,2022,npi,Nepali,246
Southwest Finland,2022,pan,Panjabi,31
Southwest Finland,2022,pes,"Persian, Farsi",1511
Southwest Finland,2022,pol,Polish,1110
Southwest Finland,2022,por,Portuguese,308
Southwest Finland,2022,pst,Pushto,224
Southwest Finland,2022,ron,Romanian,1239
Southwest Finland,2022,rus,Russian,5850
Southwest Finland,2022,sin,Sinhala,85
Southwest Finland,2022,slk,Slovak,84
Southwest Finland,2022,sme,Sami,13
Southwest Finland,2022,som,Somali,1879
Southwest Finland,2022,spa,Spanish,810
Southwest Finland,2022,srp,Serbian,333
Southwest Finland,2022,swe,Swedish,27510
Southwest Finland,2022,swh,Swahili,80
Southwest Finland,2022,tam,Tamil,76
Southwest Finland,2022,tel,Telugu,50
Southwest Finland,2022,tgl,Tagalog,408
Southwest Finland,2022,tha,Thai,866
Southwest Finland,2022,tir,Tigrinya,90
Southwest Finland,2022,tuk,Turkmen,22
Southwest Finland,2022,tur,Turkish,640
Southwest Finland,2022,ukr,Ukrainian,1848
Southwest Finland,2022,urd,Urdu,320
Southwest Finland,2022,uzn,Uzbek,145
Southwest Finland,2022,vie,Vietnamese,1054
Southwest Finland,2022,wol,Wolof,33
Southwest Finland,2022,yor,Yoruba,96
Southwest Finland,2022,zlm,Malay,11
Southwest Finland,2023,aar,Afar,20
Southwest Finland,2023,aka,Akan,50
Southwest Finland,2023,als,Albanian,3133
Southwest Finland,2023,amh,Amharic,76
Southwest Finland,2023,arb,Arabic,4252
Southwest Finland,2023,azj,Azerbaijani,79
Southwest Finland,2023,bel,Belarusian,25
Southwest Finland,2023,ben,"Bengali, (Bangla)",521
Southwest Finland,2023,bos,Bosnian,687
Southwest Finland,2023,bul,Bulgarian,252
Southwest Finland,2023,ces,Czech,28
Southwest Finland,2023,ckb,Kurdish,3127
Southwest Finland,2023,cmn,Chinese,1003
Southwest Finland,2023,dan,Danish,69
Southwest Finland,2023,deu,German,481
Southwest Finland,2023,ekk,Estonian,3993
Southwest Finland,2023,ell,Greek (modern),173
Southwest Finland,2023,eng,English,2160
Southwest Finland,2023,ewe,Ewe,13
Southwest Finland,2023,fin,Finnish,413783
Southwest Finland,2023,fra,French,297
Southwest Finland,2023,guj,Gujarati,208
Southwest Finland,2023,hae,Oromo,11
Southwest Finland,2023,hau,Hausa,14
Southwest Finland,2023,heb,Hebrew,23
Southwest Finland,2023,hin,Hindi,212
Southwest Finland,2023,hrv,Croatian,33
Southwest Finland,2023,hun,Hungarian,196
Southwest Finland,2023,hye,Armenian,28
Southwest Finland,2023,ibo,Igbo,73
Southwest Finland,2023,ind,Indonesian,40
Southwest Finland,2023,ita,Italian,266
Southwest Finland,2023,jpn,Japanese,100
Southwest Finland,2023,kat,Georgian,27
Southwest Finland,2023,kaz,Kazakh,19
Southwest Finland,2023,khm,Central Khmer,37
Southwest Finland,2023,kin,Kinyarwanda,57
Southwest Finland,2023,kor,Korean,40
Southwest Finland,2023,lin,Lingala,30
Southwest Finland,2023,lit,Lithuanian,297
Southwest Finland,2023,lvs,Latvian,630
Southwest Finland,2023,mal,Malayalam,35
Southwest Finland,2023,mar,Marathi,36
Southwest Finland,2023,nld,Dutch,83
Southwest Finland,2023,nor,Norwegian,48
Southwest Finland,2023,npi,Nepali,280
Southwest Finland,2023,pan,Panjabi,49
Southwest Finland,2023,pes,"Persian, Farsi",1673
Southwest Finland,2023,pol,Polish,1129
Southwest Finland,2023,por,Portuguese,363
Southwest Finland,2023,pst,Pushto,251
Southwest Finland,2023,ron,Romanian,1328
Southwest Finland,2023,rus,Russian,6359
Southwest Finland,2023,sin,Sinhala,325
Southwest Finland,2023,slk,Slovak,83
Southwest Finland,2023,sme,Sami,12
Southwest Finland,2023,som,Somali,1922
Southwest Finland,2023,spa,Spanish,827
Southwest Finland,2023,srp,Serbian,325
Southwest Finland,2023,swe,Swedish,27483
Southwest Finland,2023,swh,Swahili,100
Southwest Finland,2023,tam,Tamil,102
Southwest Finland,2023,tel,Telugu,63
Southwest Finland,2023,tgl,Tagalog,587
Southwest Finland,2023,tha,Thai,902
Southwest Finland,2023,tir,Tigrinya,91
Southwest Finland,2023,tuk,Turkmen,38
Southwest Finland,2023,tur,Turkish,706
Southwest Finland,2023,uig,Uighur,11
Southwest Finland,2023,ukr,Ukrainian,4485
Southwest Finland,2023,urd,Urdu,416
Southwest Finland,2023,uzn,Uzbek,178
Southwest Finland,2023,vie,Vietnamese,1143
Southwest Finland,2023,wol,Wolof,32
Southwest Finland,2023,yor,Yoruba,126
Southwest Finland,2023,zlm,Malay,10
Southwest Finland,2024,aar,Afar,24
Southwest Finland,2024,aka,Akan,56
Southwest Finland,2024,als,Albanian,3348
Southwest Finland,2024,amh,Amharic,86
Southwest Finland,2024,arb,Arabic,4473
Southwest Finland,2024,azj,Azerbaijani,83
Southwest Finland,2024,bel,Belarusian,38
Southwest Finland,2024,ben,"Bengali, (Bangla)",684
Southwest Finland,2024,bos,Bosnian,691
Southwest Finland,2024,bul,Bulgarian,265
Southwest Finland,2024,ces,Czech,32
Southwest Finland,2024,che,Chechen,10
Southwest Finland,2024,ckb,Kurdish,3224
Southwest Finland,2024,cmn,Chinese,1112
Southwest Finland,2024,dan,Danish,71
Southwest Finland,2024,deu,German,482
Southwest Finland,2024,ekk,Estonian,3942
Southwest Finland,2024,ell,Greek (modern),173
Southwest Finland,2024,eng,English,2376
Southwest Finland,2024,ewe,Ewe,15
Southwest Finland,2024,fin,Finnish,412634
Southwest Finland,2024,fra,French,299
Southwest Finland,2024,guj,Gujarati,261
Southwest Finland,2024,hae,Oromo,11
Southwest Finland,2024,hau,Hausa,13
Southwest Finland,2024,heb,Hebrew,20
Southwest Finland,2024,hin,Hindi,259
Southwest Finland,2024,hrv,Croatian,24
Southwest Finland,2024,hun,Hungarian,227
Southwest Finland,2024,hye,Armenian,31
Southwest Finland,2024,ibo,Igbo,105
Southwest Finland,2024,ind,Indonesian,46
Southwest Finland,2024,ita,Italian,281
Southwest Finland,2024,jpn,Japanese,98
Southwest Finland,2024,kan,Kannada,29
Southwest Finland,2024,kat,Georgian,25
Southwest Finland,2024,kaz,Kazakh,25
Southwest Finland,2024,khm,Central Khmer,34
Southwest Finland,2024,kik,Kikuyu,11
Southwest Finland,2024,kin,Kinyarwanda,63
Southwest Finland,2024,kir,Kirghiz,21
Southwest Finland,2024,kor,Korean,47
Southwest Finland,2024,lin,Lingala,30
Southwest Finland,2024,lit,Lithuanian,335
Southwest Finland,2024,lvs,Latvian,658
Southwest Finland,2024,mal,Malayalam,42
Southwest Finland,2024,mar,Marathi,50
Southwest Finland,2024,nld,Dutch,101
Southwest Finland,2024,nor,Norwegian,47
Southwest Finland,2024,npi,Nepali,423
Southwest Finland,2024,pan,Panjabi,77
Southwest Finland,2024,pes,"Persian, Farsi",1767
Southwest Finland,2024,pol,Polish,1143
Southwest Finland,2024,por,Portuguese,383
Southwest Finland,2024,pst,Pushto,273
Southwest Finland,2024,ron,Romanian,1395
Southwest Finland,2024,rus,Russian,6774
Southwest Finland,2024,sin,Sinhala,469
Southwest Finland,2024,slk,Slovak,77
Southwest Finland,2024,sme,Sami,10
Southwest Finland,2024,som,Somali,2046
Southwest Finland,2024,spa,Spanish,852
Southwest Finland,2024,srp,Serbian,336
Southwest Finland,2024,swe,Swedish,27546
Southwest Finland,2024,swh,Swahili,98
Southwest Finland,2024,tam,Tamil,117
Southwest Finland,2024,tel,Telugu,62
Southwest Finland,2024,tgl,Tagalog,760
Southwest Finland,2024,tha,Thai,951
Southwest Finland,2024,tir,Tigrinya,116
Southwest Finland,2024,tuk,Turkmen,34
Southwest Finland,2024,tur,Turkish,809
Southwest Finland,2024,uig,Uighur,12
Southwest Finland,2024,ukr,Ukrainian,6092
Southwest Finland,2024,urd,Urdu,515
Southwest Finland,2024,uzn,Uzbek,246
Southwest Finland,2024,vie,Vietnamese,1317
Southwest Finland,2024,wol,Wolof,33
Southwest Finland,2024,yor,Yoruba,147
Southwest Finland,2024,zlm,Malay,10
Southwest Finland,2025,aar,Afar,25
Southwest Finland,2025,aka,Akan,73
Southwest Finland,2025,als,Albanian,3492
Southwest Finland,2025,amh,Amharic,92
Southwest Finland,2025,arb,Arabic,4644
Southwest Finland,2025,azj,Azerbaijani,87
Southwest Finland,2025,bel,Belarusian,48
Southwest Finland,2025,ben,"Bengali, (Bangla)",918
Southwest Finland,2025,bos,Bosnian,702
Southwest Finland,2025,bul,Bulgarian,255
Southwest Finland,2025,ces,Czech,35
Southwest Finland,2025,che,Chechen,11
Southwest Finland,2025,ckb,Kurdish,3327
Southwest Finland,2025,cmn,Chinese,1167
Southwest Finland,2025,dan,Danish,63
Southwest Finland,2025,deu,German,489
Southwest Finland,2025,ekk,Estonian,3864
Southwest Finland,2025,ell,Greek (modern),163
Southwest Finland,2025,eng,English,2597
Southwest Finland,2025,ewe,Ewe,14
Southwest Finland,2025,fin,Finnish,411443
Southwest Finland,2025,fra,French,322
Southwest Finland,2025,guj,Gujarati,332
Southwest Finland,2025,hae,Oromo,15
Southwest Finland,2025,hau,Hausa,16
Southwest Finland,2025,heb,Hebrew,18
Southwest Finland,2025,hin,Hindi,352
Southwest Finland,2025,hrv,Croatian,30
Southwest Finland,2025,hun,Hungarian,229
Southwest Finland,2025,hye,Armenian,32
Southwest Finland,2025,ibo,Igbo,132
Southwest Finland,2025,ind,Indonesian,60
Southwest Finland,2025,ita,Italian,287
Southwest Finland,2025,jpn,Japanese,95
Southwest Finland,2025,kan,Kannada,28
Southwest Finland,2025,kat,Georgian,37
Southwest Finland,2025,kaz,Kazakh,28
Southwest Finland,2025,khk,Mongolian,11
Southwest Finland,2025,khm,Central Khmer,37
Southwest Finland,2025,kik,Kikuyu,12
Southwest Finland,2025,kin,Kinyarwanda,76
Southwest Finland,2025,kir,Kirghiz,18
Southwest Finland,2025,kor,Korean,51
Southwest Finland,2025,lin,Lingala,26
Southwest Finland,2025,lit,Lithuanian,318
Southwest Finland,2025,lvs,Latvian,678
Southwest Finland,2025,mal,Malayalam,50
Southwest Finland,2025,mar,Marathi,49
Southwest Finland,2025,mya,Burmese,18
Southwest Finland,2025,nld,Dutch,110
Southwest Finland,2025,nor,Norwegian,44
Southwest Finland,2025,npi,Nepali,541
Southwest Finland,2025,pan,Panjabi,125
Southwest Finland,2025,pes,"Persian, Farsi",1876
Southwest Finland,2025,pol,Polish,1105
Southwest Finland,2025,por,Portuguese,390
Southwest Finland,2025,pst,Pushto,305
Southwest Finland,2025,ron,Romanian,1427
Southwest Finland,2025,rus,Russian,6927
Southwest Finland,2025,sin,Sinhala,681
Southwest Finland,2025,slk,Slovak,74
Southwest Finland,2025,sme,Sami,12
Southwest Finland,2025,som,Somali,2105
Southwest Finland,2025,spa,Spanish,897
Southwest Finland,2025,srp,Serbian,330
Southwest Finland,2025,swe,Swedish,27515
Southwest Finland,2025,swh,Swahili,119
Southwest Finland,2025,tam,Tamil,136
Southwest Finland,2025,tel,Telugu,64
Southwest Finland,2025,tgl,Tagalog,866
Southwest Finland,2025,tha,Thai,993
Southwest Finland,2025,tir,Tigrinya,115
Southwest Finland,2025,tuk,Turkmen,35
Southwest Finland,2025,tur,Turkish,871
Southwest Finland,2025,uig,Uighur,12
Southwest Finland,2025,ukr,Ukrainian,7362
Southwest Finland,2025,urd,Urdu,652
Southwest Finland,2025,uzn,Uzbek,337
Southwest Finland,2025,vie,Vietnamese,1491
Southwest Finland,2025,wol,Wolof,35
Southwest Finland,2025,yor,Yoruba,185
Southwest Finland,2025,zlm,Malay,15
Uusimaa,1990,amh,Amharic,10
Uusimaa,1990,arb,Arabic,673
Uusimaa,1990,ben,"Bengali, (Bangla)",52
Uusimaa,1990,bul,Bulgarian,127
Uusimaa,1990,ces,Czech,66
Uusimaa,1990,ckb,Kurdish,63
Uusimaa,1990,cmn,Chinese,562
Uusimaa,1990,dan,Danish,127
Uusimaa,1990,deu,German,1203
Uusimaa,1990,ekk,Estonian,666
Uusimaa,1990,ell,Greek (modern),146
Uusimaa,1990,eng,English,1995
Uusimaa,1990,fin,Finnish,1078835
Uusimaa,1990,fra,French,387
Uusimaa,1990,heb,Hebrew,81
Uusimaa,1990,hin,Hindi,107
Uusimaa,1990,hun,Hungarian,255
Uusimaa,1990,isl,Icelandic,27
Uusimaa,1990,ita,Italian,206
Uusimaa,1990,jpn,Japanese,168
Uusimaa,1990,kor,Korean,18
Uusimaa,1990,lit,Lithuanian,20
Uusimaa,1990,nld,Dutch,108
Uusimaa,1990,nor,Norwegian,140
Uusimaa,1990,pes,"Persian, Farsi",116
Uusimaa,1990,pol,Polish,361
Uusimaa,1990,por,Portuguese,90
Uusimaa,1990,ron,Romanian,22
Uusimaa,1990,rus,Russian,2179
Uusimaa,1990,sin,Sinhala,28
Uusimaa,1990,sme,Sami,23
Uusimaa,1990,spa,Spanish,496
Uusimaa,1990,srp,Serbian,19
Uusimaa,1990,swe,Swedish,139315
Uusimaa,1990,tam,Tamil,25
Uusimaa,1990,tat,Tatar,44
Uusimaa,1990,tgl,Tagalog,51
Uusimaa,1990,tha,Thai,109
Uusimaa,1990,tur,Turkish,541
Uusimaa,1990,urd,Urdu,49
Uusimaa,1990,vie,Vietnamese,888
Uusimaa,1991,amh,Amharic,27
Uusimaa,1991,arb,Arabic,943
Uusimaa,1991,ben,"Bengali, (Bangla)",88
Uusimaa,1991,bul,Bulgarian,165
Uusimaa,1991,ces,Czech,71
Uusimaa,1991,ckb,Kurdish,100
Uusimaa,1991,cmn,Chinese,869
Uusimaa,1991,dan,Danish,150
Uusimaa,1991,deu,German,1261
Uusimaa,1991,ekk,Estonian,2008
Uusimaa,1991,ell,Greek (modern),163
Uusimaa,1991,eng,English,2401
Uusimaa,1991,fin,Finnish,1089716
Uusimaa,1991,fra,French,455
Uusimaa,1991,heb,Hebrew,104
Uusimaa,1991,hin,Hindi,126
Uusimaa,1991,hun,Hungarian,284
Uusimaa,1991,isl,Icelandic,35
Uusimaa,1991,ita,Italian,230
Uusimaa,1991,jpn,Japanese,182
Uusimaa,1991,khm,Central Khmer,46
Uusimaa,1991,kor,Korean,19
Uusimaa,1991,lit,Lithuanian,20
Uusimaa,1991,nld,Dutch,114
Uusimaa,1991,nor,Norwegian,144
Uusimaa,1991,pes,"Persian, Farsi",180
Uusimaa,1991,pol,Polish,418
Uusimaa,1991,por,Portuguese,108
Uusimaa,1991,ron,Romanian,50
Uusimaa,1991,rus,Russian,3310
Uusimaa,1991,sin,Sinhala,31
Uusimaa,1991,sme,Sami,25
Uusimaa,1991,som,Somali,519
Uusimaa,1991,spa,Spanish,565
Uusimaa,1991,srp,Serbian,22
Uusimaa,1991,swe,Swedish,139084
Uusimaa,1991,swh,Swahili,22
Uusimaa,1991,tam,Tamil,33
Uusimaa,1991,tat,Tatar,44
Uusimaa,1991,tgl,Tagalog,135
Uusimaa,1991,tha,Thai,179
Uusimaa,1991,tur,Turkish,707
Uusimaa,1991,urd,Urdu,69
Uusimaa,1991,vie,Vietnamese,1092
Uusimaa,1992,aka,Akan,36
Uusimaa,1992,als,Albanian,32
Uusimaa,1992,amh,Amharic,51
Uusimaa,1992,arb,Arabic,1127
Uusimaa,1992,ben,"Bengali, (Bangla)",162
Uusimaa,1992,bul,Bulgarian,174
Uusimaa,1992,ces,Czech,82
Uusimaa,1992,ckb,Kurdish,189
Uusimaa,1992,cmn,Chinese,1034
Uusimaa,1992,dan,Danish,112
Uusimaa,1992,deu,German,1230
Uusimaa,1992,ekk,Estonian,2949
Uusimaa,1992,ell,Greek (modern),168
Uusimaa,1992,eng,English,2638
Uusimaa,1992,fin,Finnish,1099568
Uusimaa,1992,fra,French,487
Uusimaa,1992,heb,Hebrew,117
Uusimaa,1992,hin,Hindi,138
Uusimaa,1992,hun,Hungarian,307
Uusimaa,1992,hye,Armenian,14
Uusimaa,1992,ind,Indonesian,14
Uusimaa,1992,isl,Icelandic,41
Uusimaa,1992,ita,Italian,236
Uusimaa,1992,jpn,Japanese,208
Uusimaa,1992,khm,Central Khmer,49
Uusimaa,1992,kor,Korean,19
Uusimaa,1992,lit,Lithuanian,21
Uusimaa,1992,lvs,Latvian,13
Uusimaa,1992,ndo,Ndonga,10
Uusimaa,1992,nld,Dutch,144
Uusimaa,1992,nor,Norwegian,155
Uusimaa,1992,npi,Nepali,11
Uusimaa,1992,pan,Panjabi,110
Uusimaa,1992,pes,"Persian, Farsi",229
Uusimaa,1992,pol,Polish,437
Uusimaa,1992,por,Portuguese,122
Uusimaa,1992,ron,Romanian,61
Uusimaa,1992,rus,Russian,4504
Uusimaa,1992,sin,Sinhala,30
Uusimaa,1992,sme,Sami,24
Uusimaa,1992,som,Somali,1049
Uusimaa,1992,spa,Spanish,613
Uusimaa,1992,srp,Serbian,63
Uusimaa,1992,swe,Swedish,138722
Uusimaa,1992,swh,Swahili,15
Uusimaa,1992,tam,Tamil,36
Uusimaa,1992,tat,Tatar,45
Uusimaa,1992,tgl,Tagalog,160
Uusimaa,1992,tha,Thai,255
Uusimaa,1992,tur,Turkish,821
Uusimaa,1992,ukr,Ukrainian,13
Uusimaa,1992,urd,Urdu,80
Uusimaa,1992,vie,Vietnamese,1182
Uusimaa,1993,aka,Akan,46
Uusimaa,1993,als,Albanian,396
Uusimaa,1993,amh,Amharic,89
Uusimaa,1993,arb,Arabic,1263
Uusimaa,1993,ben,"Bengali, (Bangla)",191
Uusimaa,1993,bul,Bulgarian,189
Uusimaa,1993,ces,Czech,83
Uusimaa,1993,ckb,Kurdish,330
Uusimaa,1993,cmn,Chinese,1262
Uusimaa,1993,dan,Danish,109
Uusimaa,1993,deu,German,1255
Uusimaa,1993,ekk,Estonian,3952
Uusimaa,1993,ell,Greek (modern),175
Uusimaa,1993,eng,English,2801
Uusimaa,1993,fin,Finnish,1110776
Uusimaa,1993,fra,French,533
Uusimaa,1993,heb,Hebrew,127
Uusimaa,1993,hin,Hindi,146
Uusimaa,1993,hun,Hungarian,310
Uusimaa,1993,hye,Armenian,15
Uusimaa,1993,ind,Indonesian,15
Uusimaa,1993,isl,Icelandic,38
Uusimaa,1993,ita,Italian,253
Uusimaa,1993,jpn,Japanese,204
Uusimaa,1993,khm,Central Khmer,49
Uusimaa,1993,kor,Korean,37
Uusimaa,1993,lin,Lingala,18
Uusimaa,1993,lit,Lithuanian,24
Uusimaa,1993,lvs,Latvian,18
Uusimaa,1993,mkd,Macedonian,14
Uusimaa,1993,nld,Dutch,145
Uusimaa,1993,nor,Norwegian,152
Uusimaa,1993,npi,Nepali,14
Uusimaa,1993,pan,Panjabi,117
Uusimaa,1993,pes,"Persian, Farsi",268
Uusimaa,1993,pol,Polish,453
Uusimaa,1993,por,Portuguese,140
Uusimaa,1993,ron,Romanian,87
Uusimaa,1993,rus,Russian,5721
Uusimaa,1993,sin,Sinhala,34
Uusimaa,1993,sme,Sami,24
Uusimaa,1993,som,Somali,2053
Uusimaa,1993,spa,Spanish,671
Uusimaa,1993,srp,Serbian,77
Uusimaa,1993,swe,Swedish,138109
Uusimaa,1993,swh,Swahili,28
Uusimaa,1993,tam,Tamil,37
Uusimaa,1993,tat,Tatar,45
Uusimaa,1993,tgl,Tagalog,181
Uusimaa,1993,tha,Thai,338
Uusimaa,1993,tir,Tigrinya,19
Uusimaa,1993,tur,Turkish,901
Uusimaa,1993,ukr,Ukrainian,29
Uusimaa,1993,urd,Urdu,84
Uusimaa,1993,vie,Vietnamese,1338
Uusimaa,1993,wol,Wolof,13
Uusimaa,1994,aka,Akan,55
Uusimaa,1994,als,Albanian,492
Uusimaa,1994,amh,Amharic,98
Uusimaa,1994,arb,Arabic,1422
Uusimaa,1994,ben,"Bengali, (Bangla)",214
Uusimaa,1994,bul,Bulgarian,199
Uusimaa,1994,ces,Czech,79
Uusimaa,1994,ckb,Kurdish,464
Uusimaa,1994,cmn,Chinese,1395
Uusimaa,1994,dan,Danish,120
Uusimaa,1994,deu,German,1276
Uusimaa,1994,ekk,Estonian,4500
Uusimaa,1994,ell,Greek (modern),185
Uusimaa,1994,eng,English,2978
Uusimaa,1994,fin,Finnish,1123221
Uusimaa,1994,fra,French,554
Uusimaa,1994,heb,Hebrew,122
Uusimaa,1994,hin,Hindi,159
Uusimaa,1994,hun,Hungarian,323
Uusimaa,1994,hye,Armenian,19
Uusimaa,1994,ind,Indonesian,14
Uusimaa,1994,isl,Icelandic,55
Uusimaa,1994,ita,Italian,271
Uusimaa,1994,jpn,Japanese,223
Uusimaa,1994,khm,Central Khmer,51
Uusimaa,1994,kng,Kongo,17
Uusimaa,1994,kor,Korean,30
Uusimaa,1994,lin,Lingala,36
Uusimaa,1994,lit,Lithuanian,31
Uusimaa,1994,lvs,Latvian,25
Uusimaa,1994,mkd,Macedonian,17
Uusimaa,1994,nld,Dutch,147
Uusimaa,1994,nor,Norwegian,163
Uusimaa,1994,npi,Nepali,17
Uusimaa,1994,pan,Panjabi,133
Uusimaa,1994,pes,"Persian, Farsi",293
Uusimaa,1994,pol,Polish,457
Uusimaa,1994,por,Portuguese,155
Uusimaa,1994,ron,Romanian,111
Uusimaa,1994,rus,Russian,6823
Uusimaa,1994,sin,Sinhala,32
Uusimaa,1994,sme,Sami,27
Uusimaa,1994,som,Somali,2725
Uusimaa,1994,spa,Spanish,725
Uusimaa,1994,srp,Serbian,137
Uusimaa,1994,swe,Swedish,137822
Uusimaa,1994,swh,Swahili,31
Uusimaa,1994,tam,Tamil,40
Uusimaa,1994,tat,Tatar,49
Uusimaa,1994,tgl,Tagalog,204
Uusimaa,1994,tha,Thai,376
Uusimaa,1994,tir,Tigrinya,23
Uusimaa,1994,tur,Turkish,981
Uusimaa,1994,ukr,Ukrainian,42
Uusimaa,1994,urd,Urdu,109
Uusimaa,1994,vie,Vietnamese,1452
Uusimaa,1994,wol,Wolof,16
Uusimaa,1995,aka,Akan,71
Uusimaa,1995,als,Albanian,617
Uusimaa,1995,amh,Amharic,116
Uusimaa,1995,arb,Arabic,1580
Uusimaa,1995,ben,"Bengali, (Bangla)",245
Uusimaa,1995,bul,Bulgarian,203
Uusimaa,1995,ces,Czech,82
Uusimaa,1995,ckb,Kurdish,611
Uusimaa,1995,cmn,Chinese,1501
Uusimaa,1995,dan,Danish,134
Uusimaa,1995,deu,German,1353
Uusimaa,1995,ekk,Estonian,4851
Uusimaa,1995,ell,Greek (modern),204
Uusimaa,1995,eng,English,3180
Uusimaa,1995,fin,Finnish,1137029
Uusimaa,1995,fra,French,630
Uusimaa,1995,heb,Hebrew,112
Uusimaa,1995,hin,Hindi,168
Uusimaa,1995,hun,Hungarian,322
Uusimaa,1995,hye,Armenian,19
Uusimaa,1995,ind,Indonesian,16
Uusimaa,1995,isl,Icelandic,52
Uusimaa,1995,ita,Italian,302
Uusimaa,1995,jpn,Japanese,241
Uusimaa,1995,khm,Central Khmer,55
Uusimaa,1995,kng,Kongo,24
Uusimaa,1995,kor,Korean,33
Uusimaa,1995,lin,Lingala,39
Uusimaa,1995,lit,Lithuanian,38
Uusimaa,1995,lvs,Latvian,26
Uusimaa,1995,mkd,Macedonian,18
Uusimaa,1995,nld,Dutch,159
Uusimaa,1995,nor,Norwegian,174
Uusimaa,1995,npi,Nepali,21
Uusimaa,1995,pan,Panjabi,151
Uusimaa,1995,pes,"Persian, Farsi",321
Uusimaa,1995,pol,Polish,443
Uusimaa,1995,por,Portuguese,169
Uusimaa,1995,ron,Romanian,122
Uusimaa,1995,rus,Russian,7908
Uusimaa,1995,sin,Sinhala,33
Uusimaa,1995,sme,Sami,29
Uusimaa,1995,som,Somali,3157
Uusimaa,1995,spa,Spanish,796
Uusimaa,1995,srp,Serbian,328
Uusimaa,1995,swe,Swedish,137511
Uusimaa,1995,swh,Swahili,35
Uusimaa,1995,tam,Tamil,40
Uusimaa,1995,tat,Tatar,63
Uusimaa,1995,tgl,Tagalog,218
Uusimaa,1995,tha,Thai,409
Uusimaa,1995,tir,Tigrinya,25
Uusimaa,1995,tur,Turkish,1027
Uusimaa,1995,ukr,Ukrainian,54
Uusimaa,1995,urd,Urdu,119
Uusimaa,1995,vie,Vietnamese,1532
Uusimaa,1995,wol,Wolof,14
Uusimaa,1996,aka,Akan,69
Uusimaa,1996,als,Albanian,782
Uusimaa,1996,amh,Amharic,117
Uusimaa,1996,arb,Arabic,1726
Uusimaa,1996,ben,"Bengali, (Bangla)",248
Uusimaa,1996,bul,Bulgarian,205
Uusimaa,1996,ces,Czech,77
Uusimaa,1996,ckb,Kurdish,725
Uusimaa,1996,cmn,Chinese,1536
Uusimaa,1996,dan,Danish,123
Uusimaa,1996,deu,German,1390
Uusimaa,1996,ekk,Estonian,4951
Uusimaa,1996,ell,Greek (modern),204
Uusimaa,1996,eng,English,3214
Uusimaa,1996,fin,Finnish,1151002
Uusimaa,1996,fra,French,681
Uusimaa,1996,heb,Hebrew,105
Uusimaa,1996,hin,Hindi,182
Uusimaa,1996,hun,Hungarian,301
Uusimaa,1996,hye,Armenian,19
Uusimaa,1996,ind,Indonesian,23
Uusimaa,1996,isl,Icelandic,31
Uusimaa,1996,ita,Italian,310
Uusimaa,1996,jpn,Japanese,261
Uusimaa,1996,kat,Georgian,21
Uusimaa,1996,khm,Central Khmer,57
Uusimaa,1996,kng,Kongo,28
Uusimaa,1996,kor,Korean,41
Uusimaa,1996,lin,Lingala,72
Uusimaa,1996,lit,Lithuanian,54
Uusimaa,1996,lvs,Latvian,26
Uusimaa,1996,mal,Malayalam,12
Uusimaa,1996,mkd,Macedonian,16
Uusimaa,1996,nld,Dutch,179
Uusimaa,1996,nor,Norwegian,151
Uusimaa,1996,npi,Nepali,27
Uusimaa,1996,pan,Panjabi,155
Uusimaa,1996,pes,"Persian, Farsi",369
Uusimaa,1996,pol,Polish,457
Uusimaa,1996,por,Portuguese,171
Uusimaa,1996,ron,Romanian,135
Uusimaa,1996,rus,Russian,8808
Uusimaa,1996,sin,Sinhala,33
Uusimaa,1996,slk,Slovak,10
Uusimaa,1996,sme,Sami,27
Uusimaa,1996,som,Somali,3644
Uusimaa,1996,spa,Spanish,827
Uusimaa,1996,srp,Serbian,458
Uusimaa,1996,swe,Swedish,137326
Uusimaa,1996,swh,Swahili,36
Uusimaa,1996,tam,Tamil,45
Uusimaa,1996,tat,Tatar,66
Uusimaa,1996,tgl,Tagalog,236
Uusimaa,1996,tha,Thai,439
Uusimaa,1996,tir,Tigrinya,26
Uusimaa,1996,tur,Turkish,1096
Uusimaa,1996,ukr,Ukrainian,83
Uusimaa,1996,urd,Urdu,137
Uusimaa,1996,vie,Vietnamese,1572
Uusimaa,1996,wol,Wolof,17
Uusimaa,1996,yor,Yoruba,11
Uusimaa,1997,aka,Akan,77
Uusimaa,1997,als,Albanian,942
Uusimaa,1997,amh,Amharic,134
Uusimaa,1997,arb,Arabic,1908
Uusimaa,1997,azj,Azerbaijani,11
Uusimaa,1997,ben,"Bengali, (Bangla)",276
Uusimaa,1997,bul,Bulgarian,230
Uusimaa,1997,ces,Czech,83
Uusimaa,1997,ckb,Kurdish,889
Uusimaa,1997,cmn,Chinese,1682
Uusimaa,1997,dan,Danish,174
Uusimaa,1997,deu,German,1464
Uusimaa,1997,ekk,Estonian,5275
Uusimaa,1997,ell,Greek (modern),221
Uusimaa,1997,eng,English,3483
Uusimaa,1997,fin,Finnish,1164677
Uusimaa,1997,fra,French,801
Uusimaa,1997,hae,Oromo,10
Uusimaa,1997,heb,Hebrew,108
Uusimaa,1997,hin,Hindi,205
Uusimaa,1997,hun,Hungarian,329
Uusimaa,1997,hye,Armenian,18
Uusimaa,1997,ind,Indonesian,21
Uusimaa,1997,isl,Icelandic,36
Uusimaa,1997,ita,Italian,334
Uusimaa,1997,jpn,Japanese,299
Uusimaa,1997,kat,Georgian,23
Uusimaa,1997,khm,Central Khmer,60
Uusimaa,1997,kng,Kongo,30
Uusimaa,1997,kor,Korean,48
Uusimaa,1997,lin,Lingala,121
Uusimaa,1997,lit,Lithuanian,75
Uusimaa,1997,lvs,Latvian,30
Uusimaa,1997,mal,Malayalam,13
Uusimaa,1997,mkd,Macedonian,18
Uusimaa,1997,nld,Dutch,217
Uusimaa,1997,nor,Norwegian,150
Uusimaa,1997,npi,Nepali,30
Uusimaa,1997,pan,Panjabi,169
Uusimaa,1997,pes,"Persian, Farsi",416
Uusimaa,1997,pol,Polish,477
Uusimaa,1997,por,Portuguese,187
Uusimaa,1997,ron,Romanian,147
Uusimaa,1997,rus,Russian,9812
Uusimaa,1997,sin,Sinhala,49
Uusimaa,1997,slk,Slovak,10
Uusimaa,1997,sme,Sami,28
Uusimaa,1997,som,Somali,4353
Uusimaa,1997,spa,Spanish,938
Uusimaa,1997,srp,Serbian,493
Uusimaa,1997,swe,Swedish,137114
Uusimaa,1997,swh,Swahili,45
Uusimaa,1997,tam,Tamil,53
Uusimaa,1997,tat,Tatar,70
Uusimaa,1997,tgl,Tagalog,264
Uusimaa,1997,tha,Thai,499
Uusimaa,1997,tir,Tigrinya,30
Uusimaa,1997,tur,Turkish,1204
Uusimaa,1997,ukr,Ukrainian,98
Uusimaa,1997,urd,Urdu,167
Uusimaa,1997,vie,Vietnamese,1697
Uusimaa,1997,wol,Wolof,22
Uusimaa,1997,yor,Yoruba,11
Uusimaa,1998,aka,Akan,83
Uusimaa,1998,als,Albanian,1082
Uusimaa,1998,amh,Amharic,144
Uusimaa,1998,arb,Arabic,2046
Uusimaa,1998,azj,Azerbaijani,13
Uusimaa,1998,ben,"Bengali, (Bangla)",333
Uusimaa,1998,bul,Bulgarian,247
Uusimaa,1998,ces,Czech,102
Uusimaa,1998,ckb,Kurdish,1010
Uusimaa,1998,cmn,Chinese,1795
Uusimaa,1998,dan,Danish,176
Uusimaa,1998,deu,German,1535
Uusimaa,1998,ekk,Estonian,5524
Uusimaa,1998,ell,Greek (modern),229
Uusimaa,1998,eng,English,3788
Uusimaa,1998,fin,Finnish,1178359
Uusimaa,1998,fra,French,885
Uusimaa,1998,hae,Oromo,10
Uusimaa,1998,heb,Hebrew,114
Uusimaa,1998,hin,Hindi,230
Uusimaa,1998,hun,Hungarian,379
Uusimaa,1998,hye,Armenian,31
Uusimaa,1998,ind,Indonesian,24
Uusimaa,1998,isl,Icelandic,40
Uusimaa,1998,ita,Italian,386
Uusimaa,1998,jpn,Japanese,341
Uusimaa,1998,kat,Georgian,26
Uusimaa,1998,khm,Central Khmer,64
Uusimaa,1998,kng,Kongo,37
Uusimaa,1998,kor,Korean,71
Uusimaa,1998,lin,Lingala,153
Uusimaa,1998,lit,Lithuanian,79
Uusimaa,1998,lvs,Latvian,37
Uusimaa,1998,mal,Malayalam,18
Uusimaa,1998,mkd,Macedonian,27
Uusimaa,1998,nld,Dutch,238
Uusimaa,1998,nor,Norwegian,155
Uusimaa,1998,npi,Nepali,35
Uusimaa,1998,pan,Panjabi,187
Uusimaa,1998,pes,"Persian, Farsi",466
Uusimaa,1998,pol,Polish,500
Uusimaa,1998,por,Portuguese,232
Uusimaa,1998,ron,Romanian,162
Uusimaa,1998,rus,Russian,10963
Uusimaa,1998,sin,Sinhala,59
Uusimaa,1998,slk,Slovak,10
Uusimaa,1998,sme,Sami,29
Uusimaa,1998,som,Somali,4904
Uusimaa,1998,spa,Spanish,1042
Uusimaa,1998,srp,Serbian,522
Uusimaa,1998,swe,Swedish,136848
Uusimaa,1998,swh,Swahili,65
Uusimaa,1998,tam,Tamil,69
Uusimaa,1998,tat,Tatar,73
Uusimaa,1998,tgl,Tagalog,280
Uusimaa,1998,tha,Thai,575
Uusimaa,1998,tir,Tigrinya,34
Uusimaa,1998,tur,Turkish,1291
Uusimaa,1998,ukr,Ukrainian,107
Uusimaa,1998,urd,Urdu,196
Uusimaa,1998,vie,Vietnamese,1874
Uusimaa,1998,wol,Wolof,23
Uusimaa,1998,yor,Yoruba,11
Uusimaa,1999,aka,Akan,93
Uusimaa,1999,als,Albanian,1322
Uusimaa,1999,amh,Amharic,165
Uusimaa,1999,arb,Arabic,2187
Uusimaa,1999,azj,Azerbaijani,11
Uusimaa,1999,ben,"Bengali, (Bangla)",373
Uusimaa,1999,bul,Bulgarian,260
Uusimaa,1999,ces,Czech,116
Uusimaa,1999,ckb,Kurdish,1143
Uusimaa,1999,cmn,Chinese,1908
Uusimaa,1999,dan,Danish,209
Uusimaa,1999,deu,German,1594
Uusimaa,1999,ekk,Estonian,5770
Uusimaa,1999,ell,Greek (modern),227
Uusimaa,1999,eng,English,4073
Uusimaa,1999,fin,Finnish,1191778
Uusimaa,1999,fra,French,980
Uusimaa,1999,hae,Oromo,12
Uusimaa,1999,hau,Hausa,13
Uusimaa,1999,heb,Hebrew,120
Uusimaa,1999,hin,Hindi,280
Uusimaa,1999,hrv,Croatian,18
Uusimaa,1999,hun,Hungarian,463
Uusimaa,1999,hye,Armenian,34
Uusimaa,1999,ibo,Igbo,32
Uusimaa,1999,ind,Indonesian,38
Uusimaa,1999,isl,Icelandic,62
Uusimaa,1999,ita,Italian,453
Uusimaa,1999,jpn,Japanese,371
Uusimaa,1999,kat,Georgian,27
Uusimaa,1999,khm,Central Khmer,69
Uusimaa,1999,kng,Kongo,56
Uusimaa,1999,kor,Korean,65
Uusimaa,1999,lin,Lingala,185
Uusimaa,1999,lit,Lithuanian,91
Uusimaa,1999,lvs,Latvian,49
Uusimaa,1999,mal,Malayalam,15
Uusimaa,1999,mkd,Macedonian,30
Uusimaa,1999,nld,Dutch,260
Uusimaa,1999,nor,Norwegian,168
Uusimaa,1999,npi,Nepali,60
Uusimaa,1999,pan,Panjabi,215
Uusimaa,1999,pes,"Persian, Farsi",501
Uusimaa,1999,pol,Polish,507
Uusimaa,1999,por,Portuguese,250
Uusimaa,1999,ron,Romanian,188
Uusimaa,1999,rus,Russian,11882
Uusimaa,1999,sin,Sinhala,63
Uusimaa,1999,slk,Slovak,34
Uusimaa,1999,sme,Sami,34
Uusimaa,1999,som,Somali,5319
Uusimaa,1999,spa,Spanish,1093
Uusimaa,1999,srp,Serbian,549
Uusimaa,1999,swe,Swedish,136580
Uusimaa,1999,swh,Swahili,74
Uusimaa,1999,tam,Tamil,88
Uusimaa,1999,tat,Tatar,77
Uusimaa,1999,tel,Telugu,13
Uusimaa,1999,tgl,Tagalog,306
Uusimaa,1999,tha,Thai,641
Uusimaa,1999,tir,Tigrinya,38
Uusimaa,1999,tuk,Turkmen,28
Uusimaa,1999,tur,Turkish,1336
Uusimaa,1999,ukr,Ukrainian,120
Uusimaa,1999,urd,Urdu,217
Uusimaa,1999,vie,Vietnamese,1967
Uusimaa,1999,wol,Wolof,27
Uusimaa,1999,yor,Yoruba,14
Uusimaa,2000,aka,Akan,96
Uusimaa,2000,als,Albanian,1446
Uusimaa,2000,amh,Amharic,176
Uusimaa,2000,arb,Arabic,2314
Uusimaa,2000,azj,Azerbaijani,15
Uusimaa,2000,ben,"Bengali, (Bangla)",394
Uusimaa,2000,bul,Bulgarian,265
Uusimaa,2000,ces,Czech,134
Uusimaa,2000,ckb,Kurdish,1252
Uusimaa,2000,cmn,Chinese,1932
Uusimaa,2000,dan,Danish,197
Uusimaa,2000,deu,German,1588
Uusimaa,2000,ekk,Estonian,5848
Uusimaa,2000,ell,Greek (modern),225
Uusimaa,2000,eng,English,4108
Uusimaa,2000,fin,Finnish,1204122
Uusimaa,2000,fra,French,1001
Uusimaa,2000,hae,Oromo,13
Uusimaa,2000,hau,Hausa,14
Uusimaa,2000,heb,Hebrew,115
Uusimaa,2000,hin,Hindi,326
Uusimaa,2000,hrv,Croatian,16
Uusimaa,2000,hun,Hungarian,551
Uusimaa,2000,hye,Armenian,39
Uusimaa,2000,ibo,Igbo,37
Uusimaa,2000,ind,Indonesian,42
Uusimaa,2000,isl,Icelandic,73
Uusimaa,2000,ita,Italian,483
Uusimaa,2000,jpn,Japanese,381
Uusimaa,2000,kat,Georgian,25
Uusimaa,2000,khm,Central Khmer,82
Uusimaa,2000,kng,Kongo,64
Uusimaa,2000,kor,Korean,61
Uusimaa,2000,lin,Lingala,220
Uusimaa,2000,lit,Lithuanian,97
Uusimaa,2000,lvs,Latvian,51
Uusimaa,2000,mal,Malayalam,20
Uusimaa,2000,mkd,Macedonian,40
Uusimaa,2000,nld,Dutch,273
Uusimaa,2000,nor,Norwegian,194
Uusimaa,2000,npi,Nepali,74
Uusimaa,2000,pan,Panjabi,238
Uusimaa,2000,pes,"Persian, Farsi",531
Uusimaa,2000,pol,Polish,493
Uusimaa,2000,por,Portuguese,260
Uusimaa,2000,pst,Pushto,38
Uusimaa,2000,ron,Romanian,243
Uusimaa,2000,rus,Russian,12666
Uusimaa,2000,sin,Sinhala,56
Uusimaa,2000,slk,Slovak,33
Uusimaa,2000,sme,Sami,42
Uusimaa,2000,som,Somali,5640
Uusimaa,2000,spa,Spanish,1152
Uusimaa,2000,srp,Serbian,572
Uusimaa,2000,swe,Swedish,136202
Uusimaa,2000,swh,Swahili,76
Uusimaa,2000,tam,Tamil,109
Uusimaa,2000,tat,Tatar,83
Uusimaa,2000,tel,Telugu,25
Uusimaa,2000,tgl,Tagalog,329
Uusimaa,2000,tha,Thai,718
Uusimaa,2000,tir,Tigrinya,44
Uusimaa,2000,tuk,Turkmen,30
Uusimaa,2000,tur,Turkish,1410
Uusimaa,2000,ukr,Ukrainian,154
Uusimaa,2000,urd,Urdu,230
Uusimaa,2000,vie,Vietnamese,2065
Uusimaa,2000,wol,Wolof,26
Uusimaa,2000,yor,Yoruba,21
Uusimaa,2001,aka,Akan,118
Uusimaa,2001,als,Albanian,1787
Uusimaa,2001,amh,Amharic,193
Uusimaa,2001,arb,Arabic,2517
Uusimaa,2001,azj,Azerbaijani,27
Uusimaa,2001,ben,"Bengali, (Bangla)",452
Uusimaa,2001,bul,Bulgarian,286
Uusimaa,2001,ces,Czech,141
Uusimaa,2001,ckb,Kurdish,1468
Uusimaa,2001,cmn,Chinese,2122
Uusimaa,2001,dan,Danish,195
Uusimaa,2001,deu,German,1656
Uusimaa,2001,ekk,Estonian,6483
Uusimaa,2001,ell,Greek (modern),251
Uusimaa,2001,eng,English,4454
Uusimaa,2001,fin,Finnish,1213709
Uusimaa,2001,fra,French,1120
Uusimaa,2001,hae,Oromo,14
Uusimaa,2001,hau,Hausa,15
Uusimaa,2001,heb,Hebrew,122
Uusimaa,2001,hin,Hindi,382
Uusimaa,2001,hrv,Croatian,20
Uusimaa,2001,hun,Hungarian,615
Uusimaa,2001,hye,Armenian,48
Uusimaa,2001,ibo,Igbo,52
Uusimaa,2001,ind,Indonesian,62
Uusimaa,2001,isl,Icelandic,58
Uusimaa,2001,ita,Italian,507
Uusimaa,2001,jpn,Japanese,431
Uusimaa,2001,kat,Georgian,38
Uusimaa,2001,khm,Central Khmer,81
Uusimaa,2001,kng,Kongo,80
Uusimaa,2001,kor,Korean,83
Uusimaa,2001,lin,Lingala,254
Uusimaa,2001,lit,Lithuanian,123
Uusimaa,2001,lvs,Latvian,86
Uusimaa,2001,mal,Malayalam,16
Uusimaa,2001,mkd,Macedonian,45
Uusimaa,2001,nld,Dutch,297
Uusimaa,2001,nor,Norwegian,196
Uusimaa,2001,npi,Nepali,87
Uusimaa,2001,pan,Panjabi,255
Uusimaa,2001,pes,"Persian, Farsi",559
Uusimaa,2001,pol,Polish,544
Uusimaa,2001,por,Portuguese,284
Uusimaa,2001,pst,Pushto,61
Uusimaa,2001,ron,Romanian,291
Uusimaa,2001,rus,Russian,13714
Uusimaa,2001,sin,Sinhala,69
Uusimaa,2001,slk,Slovak,39
Uusimaa,2001,sme,Sami,44
Uusimaa,2001,som,Somali,6084
Uusimaa,2001,spa,Spanish,1280
Uusimaa,2001,srp,Serbian,665
Uusimaa,2001,swe,Swedish,135599
Uusimaa,2001,swh,Swahili,92
Uusimaa,2001,tam,Tamil,114
Uusimaa,2001,tat,Tatar,85
Uusimaa,2001,tel,Telugu,46
Uusimaa,2001,tgl,Tagalog,338
Uusimaa,2001,tha,Thai,805
Uusimaa,2001,tir,Tigrinya,48
Uusimaa,2001,tuk,Turkmen,35
Uusimaa,2001,tur,Turkish,1495
Uusimaa,2001,ukr,Ukrainian,171
Uusimaa,2001,urd,Urdu,255
Uusimaa,2001,vie,Vietnamese,2141
Uusimaa,2001,wol,Wolof,28
Uusimaa,2001,yor,Yoruba,21
Uusimaa,2001,zlm,Malay,14
Uusimaa,2002,aka,Akan,125
Uusimaa,2002,als,Albanian,2027
Uusimaa,2002,amh,Amharic,216
Uusimaa,2002,arb,Arabic,2729
Uusimaa,2002,azj,Azerbaijani,28
Uusimaa,2002,ben,"Bengali, (Bangla)",515
Uusimaa,2002,bos,Bosnian,305
Uusimaa,2002,bul,Bulgarian,300
Uusimaa,2002,cat,Catalan,12
Uusimaa,2002,ces,Czech,142
Uusimaa,2002,ckb,Kurdish,1722
Uusimaa,2002,cmn,Chinese,2203
Uusimaa,2002,dan,Danish,204
Uusimaa,2002,deu,German,1749
Uusimaa,2002,ekk,Estonian,7073
Uusimaa,2002,ell,Greek (modern),252
Uusimaa,2002,eng,English,4613
Uusimaa,2002,ewe,Ewe,10
Uusimaa,2002,fin,Finnish,1221241
Uusimaa,2002,fra,French,1132
Uusimaa,2002,hae,Oromo,15
Uusimaa,2002,hau,Hausa,16
Uusimaa,2002,heb,Hebrew,132
Uusimaa,2002,hin,Hindi,416
Uusimaa,2002,hrv,Croatian,22
Uusimaa,2002,hun,Hungarian,586
Uusimaa,2002,hye,Armenian,56
Uusimaa,2002,ibo,Igbo,56
Uusimaa,2002,ind,Indonesian,63
Uusimaa,2002,isl,Icelandic,56
Uusimaa,2002,ita,Italian,526
Uusimaa,2002,jpn,Japanese,441
Uusimaa,2002,kat,Georgian,29
Uusimaa,2002,khm,Central Khmer,89
Uusimaa,2002,kik,Kikuyu,18
Uusimaa,2002,kng,Kongo,80
Uusimaa,2002,kor,Korean,108
Uusimaa,2002,lin,Lingala,281
Uusimaa,2002,lit,Lithuanian,131
Uusimaa,2002,lvs,Latvian,91
Uusimaa,2002,mar,Marathi,12
Uusimaa,2002,mkd,Macedonian,45
Uusimaa,2002,nld,Dutch,322
Uusimaa,2002,nor,Norwegian,208
Uusimaa,2002,npi,Nepali,105
Uusimaa,2002,pan,Panjabi,267
Uusimaa,2002,pes,"Persian, Farsi",615
Uusimaa,2002,pol,Polish,562
Uusimaa,2002,por,Portuguese,301
Uusimaa,2002,pst,Pushto,60
Uusimaa,2002,ron,Romanian,312
Uusimaa,2002,rus,Russian,14677
Uusimaa,2002,sin,Sinhala,24
Uusimaa,2002,slk,Slovak,48
Uusimaa,2002,slv,Slovene,11
Uusimaa,2002,sme,Sami,43
Uusimaa,2002,snd,Sindhi,10
Uusimaa,2002,som,Somali,6534
Uusimaa,2002,spa,Spanish,1352
Uusimaa,2002,srp,Serbian,369
Uusimaa,2002,swe,Swedish,135137
Uusimaa,2002,swh,Swahili,103
Uusimaa,2002,tam,Tamil,165
Uusimaa,2002,tat,Tatar,83
Uusimaa,2002,tel,Telugu,63
Uusimaa,2002,tgl,Tagalog,339
Uusimaa,2002,tha,Thai,938
Uusimaa,2002,tir,Tigrinya,49
Uusimaa,2002,tuk,Turkmen,31
Uusimaa,2002,tur,Turkish,1610
Uusimaa,2002,uig,Uighur,10
Uusimaa,2002,ukr,Ukrainian,187
Uusimaa,2002,urd,Urdu,278
Uusimaa,2002,vie,Vietnamese,2241
Uusimaa,2002,wol,Wolof,29
Uusimaa,2002,yor,Yoruba,30
Uusimaa,2002,zlm,Malay,13
Uusimaa,2003,aka,Akan,134
Uusimaa,2003,als,Albanian,2271
Uusimaa,2003,amh,Amharic,239
Uusimaa,2003,arb,Arabic,2992
Uusimaa,2003,azj,Azerbaijani,45
Uusimaa,2003,bel,Belarusian,11
Uusimaa,2003,ben,"Bengali, (Bangla)",589
Uusimaa,2003,bos,Bosnian,341
Uusimaa,2003,bul,Bulgarian,321
Uusimaa,2003,cat,Catalan,13
Uusimaa,2003,ces,Czech,150
Uusimaa,2003,ckb,Kurdish,1944
Uusimaa,2003,cmn,Chinese,2442
Uusimaa,2003,dan,Danish,202
Uusimaa,2003,deu,German,1845
Uusimaa,2003,ekk,Estonian,7614
Uusimaa,2003,ell,Greek (modern),279
Uusimaa,2003,eng,English,4884
Uusimaa,2003,ewe,Ewe,10
Uusimaa,2003,fin,Finnish,1226922
Uusimaa,2003,fra,French,1187
Uusimaa,2003,hae,Oromo,18
Uusimaa,2003,hau,Hausa,17
Uusimaa,2003,heb,Hebrew,133
Uusimaa,2003,hin,Hindi,460
Uusimaa,2003,hrv,Croatian,25
Uusimaa,2003,hun,Hungarian,584
Uusimaa,2003,hye,Armenian,57
Uusimaa,2003,ibo,Igbo,71
Uusimaa,2003,ind,Indonesian,79
Uusimaa,2003,isl,Icelandic,50
Uusimaa,2003,ita,Italian,584
Uusimaa,2003,jpn,Japanese,477
Uusimaa,2003,kan,Kannada,21
Uusimaa,2003,kat,Georgian,40
Uusimaa,2003,khk,Mongolian,12
Uusimaa,2003,khm,Central Khmer,92
Uusimaa,2003,kik,Kikuyu,38
Uusimaa,2003,kin,Kinyarwanda,11
Uusimaa,2003,kng,Kongo,88
Uusimaa,2003,kor,Korean,125
Uusimaa,2003,lin,Lingala,306
Uusimaa,2003,lit,Lithuanian,144
Uusimaa,2003,lvs,Latvian,99
Uusimaa,2003,mal,Malayalam,33
Uusimaa,2003,mar,Marathi,13
Uusimaa,2003,mkd,Macedonian,48
Uusimaa,2003,mya,Burmese,14
Uusimaa,2003,nld,Dutch,366
Uusimaa,2003,nor,Norwegian,209
Uusimaa,2003,npi,Nepali,126
Uusimaa,2003,pan,Panjabi,302
Uusimaa,2003,pes,"Persian, Farsi",646
Uusimaa,2003,pol,Polish,596
Uusimaa,2003,por,Portuguese,354
Uusimaa,2003,pst,Pushto,52
Uusimaa,2003,ron,Romanian,338
Uusimaa,2003,rus,Russian,15570
Uusimaa,2003,sin,Sinhala,83
Uusimaa,2003,slk,Slovak,57
Uusimaa,2003,slv,Slovene,13
Uusimaa,2003,sme,Sami,50
Uusimaa,2003,snd,Sindhi,11
Uusimaa,2003,som,Somali,6964
Uusimaa,2003,spa,Spanish,1509
Uusimaa,2003,srp,Serbian,449
Uusimaa,2003,swe,Swedish,134746
Uusimaa,2003,swh,Swahili,134
Uusimaa,2003,tam,Tamil,189
Uusimaa,2003,tat,Tatar,97
Uusimaa,2003,tel,Telugu,79
Uusimaa,2003,tgl,Tagalog,381
Uusimaa,2003,tha,Thai,1063
Uusimaa,2003,tir,Tigrinya,54
Uusimaa,2003,tuk,Turkmen,46
Uusimaa,2003,tur,Turkish,1733
Uusimaa,2003,uig,Uighur,12
Uusimaa,2003,ukr,Ukrainian,206
Uusimaa,2003,urd,Urdu,331
Uusimaa,2003,vie,Vietnamese,2292
Uusimaa,2003,wol,Wolof,31
Uusimaa,2003,yor,Yoruba,32
Uusimaa,2003,zlm,Malay,13
Uusimaa,2004,aka,Akan,152
Uusimaa,2004,als,Albanian,2453
Uusimaa,2004,amh,Amharic,275
Uusimaa,2004,arb,Arabic,3240
Uusimaa,2004,azj,Azerbaijani,62
Uusimaa,2004,bel,Belarusian,12
Uusimaa,2004,ben,"Bengali, (Bangla)",641
Uusimaa,2004,bos,Bosnian,357
Uusimaa,2004,bul,Bulgarian,333
Uusimaa,2004,ces,Czech,147
Uusimaa,2004,che,Chechen,17
Uusimaa,2004,ckb,Kurdish,2191
Uusimaa,2004,cmn,Chinese,2606
Uusimaa,2004,dan,Danish,211
Uusimaa,2004,deu,German,1860
Uusimaa,2004,ekk,Estonian,8037
Uusimaa,2004,ell,Greek (modern),269
Uusimaa,2004,eng,English,4936
Uusimaa,2004,ewe,Ewe,11
Uusimaa,2004,fin,Finnish,1232957
Uusimaa,2004,fra,French,1183
Uusimaa,2004,gle,Irish,10
Uusimaa,2004,hae,Oromo,19
Uusimaa,2004,hau,Hausa,20
Uusimaa,2004,heb,Hebrew,155
Uusimaa,2004,hin,Hindi,501
Uusimaa,2004,hrv,Croatian,23
Uusimaa,2004,hun,Hungarian,534
Uusimaa,2004,hye,Armenian,63
Uusimaa,2004,ibo,Igbo,87
Uusimaa,2004,ind,Indonesian,82
Uusimaa,2004,isl,Icelandic,48
Uusimaa,2004,ita,Italian,624
Uusimaa,2004,jpn,Japanese,471
Uusimaa,2004,kan,Kannada,24
Uusimaa,2004,kat,Georgian,27
Uusimaa,2004,khk,Mongolian,13
Uusimaa,2004,khm,Central Khmer,121
Uusimaa,2004,kik,Kikuyu,55
Uusimaa,2004,kin,Kinyarwanda,11
Uusimaa,2004,kng,Kongo,95
Uusimaa,2004,kor,Korean,131
Uusimaa,2004,lin,Lingala,335
Uusimaa,2004,lit,Lithuanian,151
Uusimaa,2004,lvs,Latvian,115
Uusimaa,2004,mal,Malayalam,38
Uusimaa,2004,mar,Marathi,11
Uusimaa,2004,mkd,Macedonian,48
Uusimaa,2004,mya,Burmese,14
Uusimaa,2004,nld,Dutch,378
Uusimaa,2004,nor,Norwegian,205
Uusimaa,2004,npi,Nepali,160
Uusimaa,2004,pan,Panjabi,310
Uusimaa,2004,pes,"Persian, Farsi",994
Uusimaa,2004,pol,Polish,608
Uusimaa,2004,por,Portuguese,402
Uusimaa,2004,pst,Pushto,77
Uusimaa,2004,ron,Romanian,369
Uusimaa,2004,rus,Russian,16463
Uusimaa,2004,sin,Sinhala,83
Uusimaa,2004,slk,Slovak,51
Uusimaa,2004,slv,Slovene,11
Uusimaa,2004,sme,Sami,46
Uusimaa,2004,snd,Sindhi,12
Uusimaa,2004,som,Somali,7236
Uusimaa,2004,spa,Spanish,1582
Uusimaa,2004,srp,Serbian,472
Uusimaa,2004,swe,Swedish,134456
Uusimaa,2004,swh,Swahili,177
Uusimaa,2004,tam,Tamil,263
Uusimaa,2004,tat,Tatar,101
Uusimaa,2004,tel,Telugu,113
Uusimaa,2004,tgl,Tagalog,402
Uusimaa,2004,tha,Thai,1193
Uusimaa,2004,tir,Tigrinya,65
Uusimaa,2004,tuk,Turkmen,46
Uusimaa,2004,tur,Turkish,1811
Uusimaa,2004,uig,Uighur,14
Uusimaa,2004,ukr,Ukrainian,224
Uusimaa,2004,urd,Urdu,357
Uusimaa,2004,vie,Vietnamese,2347
Uusimaa,2004,wol,Wolof,38
Uusimaa,2004,yor,Yoruba,35
Uusimaa,2004,zlm,Malay,14
Uusimaa,2005,aka,Akan,172
Uusimaa,2005,als,Albanian,2694
Uusimaa,2005,amh,Amharic,318
Uusimaa,2005,arb,Arabic,3517
Uusimaa,2005,azj,Azerbaijani,86
Uusimaa,2005,bel,Belarusian,13
Uusimaa,2005,ben,"Bengali, (Bangla)",727
Uusimaa,2005,bos,Bosnian,396
Uusimaa,2005,bul,Bulgarian,335
Uusimaa,2005,cat,Catalan,11
Uusimaa,2005,ces,Czech,160
Uusimaa,2005,che,Chechen,29
Uusimaa,2005,ckb,Kurdish,2433
Uusimaa,2005,cmn,Chinese,2840
Uusimaa,2005,dan,Danish,228
Uusimaa,2005,deu,German,1971
Uusimaa,2005,ekk,Estonian,8974
Uusimaa,2005,ell,Greek (modern),276
Uusimaa,2005,eng,English,5326
Uusimaa,2005,ewe,Ewe,11
Uusimaa,2005,fin,Finnish,1239359
Uusimaa,2005,fra,French,1282
Uusimaa,2005,fuc,"Fula, Fulah, Pulaar, Pular",10
Uusimaa,2005,gle,Irish,10
Uusimaa,2005,guj,Gujarati,11
Uusimaa,2005,hae,Oromo,24
Uusimaa,2005,hau,Hausa,20
Uusimaa,2005,heb,Hebrew,172
Uusimaa,2005,hin,Hindi,583
Uusimaa,2005,hrv,Croatian,26
Uusimaa,2005,hun,Hungarian,610
Uusimaa,2005,hye,Armenian,69
Uusimaa,2005,ibo,Igbo,108
Uusimaa,2005,ind,Indonesian,98
Uusimaa,2005,isl,Icelandic,40
Uusimaa,2005,ita,Italian,700
Uusimaa,2005,jpn,Japanese,542
Uusimaa,2005,kan,Kannada,34
Uusimaa,2005,kat,Georgian,31
Uusimaa,2005,kaz,Kazakh,10
Uusimaa,2005,khk,Mongolian,13
Uusimaa,2005,khm,Central Khmer,139
Uusimaa,2005,kik,Kikuyu,64
Uusimaa,2005,kin,Kinyarwanda,14
Uusimaa,2005,kng,Kongo,102
Uusimaa,2005,kor,Korean,150
Uusimaa,2005,lin,Lingala,360
Uusimaa,2005,lit,Lithuanian,177
Uusimaa,2005,lvs,Latvian,127
Uusimaa,2005,mal,Malayalam,57
Uusimaa,2005,mar,Marathi,11
Uusimaa,2005,mkd,Macedonian,53
Uusimaa,2005,mya,Burmese,25
Uusimaa,2005,nld,Dutch,434
Uusimaa,2005,nor,Norwegian,217
Uusimaa,2005,npi,Nepali,197
Uusimaa,2005,pan,Panjabi,365
Uusimaa,2005,pes,"Persian, Farsi",1157
Uusimaa,2005,pol,Polish,666
Uusimaa,2005,por,Portuguese,459
Uusimaa,2005,pst,Pushto,92
Uusimaa,2005,ron,Romanian,401
Uusimaa,2005,rus,Russian,17660
Uusimaa,2005,sin,Sinhala,85
Uusimaa,2005,slk,Slovak,81
Uusimaa,2005,slv,Slovene,13
Uusimaa,2005,sme,Sami,69
Uusimaa,2005,snd,Sindhi,11
Uusimaa,2005,som,Somali,7643
Uusimaa,2005,spa,Spanish,1732
Uusimaa,2005,srp,Serbian,490
Uusimaa,2005,swe,Swedish,134240
Uusimaa,2005,swh,Swahili,229
Uusimaa,2005,tam,Tamil,321
Uusimaa,2005,tat,Tatar,105
Uusimaa,2005,tel,Telugu,155
Uusimaa,2005,tgl,Tagalog,422
Uusimaa,2005,tha,Thai,1366
Uusimaa,2005,tir,Tigrinya,57
Uusimaa,2005,tuk,Turkmen,52
Uusimaa,2005,tur,Turkish,1964
Uusimaa,2005,uig,Uighur,21
Uusimaa,2005,ukr,Ukrainian,257
Uusimaa,2005,urd,Urdu,420
Uusimaa,2005,vie,Vietnamese,2460
Uusimaa,2005,wol,Wolof,40
Uusimaa,2005,yor,Yoruba,48
Uusimaa,2005,zlm,Malay,25
Uusimaa,2006,aka,Akan,216
Uusimaa,2006,als,Albanian,2878
Uusimaa,2006,amh,Amharic,349
Uusimaa,2006,arb,Arabic,3842
Uusimaa,2006,azj,Azerbaijani,105
Uusimaa,2006,bel,Belarusian,18
Uusimaa,2006,ben,"Bengali, (Bangla)",775
Uusimaa,2006,bos,Bosnian,414
Uusimaa,2006,bul,Bulgarian,353
Uusimaa,2006,cat,Catalan,19
Uusimaa,2006,ces,Czech,177
Uusimaa,2006,che,Chechen,30
Uusimaa,2006,ckb,Kurdish,2636
Uusimaa,2006,cmn,Chinese,3155
Uusimaa,2006,dan,Danish,218
Uusimaa,2006,deu,German,2161
Uusimaa,2006,ekk,Estonian,10292
Uusimaa,2006,ell,Greek (modern),288
Uusimaa,2006,eng,English,5830
Uusimaa,2006,ewe,Ewe,13
Uusimaa,2006,fin,Finnish,1247599
Uusimaa,2006,fra,French,1449
Uusimaa,2006,fuc,"Fula, Fulah, Pulaar, Pular",12
Uusimaa,2006,gle,Irish,10
Uusimaa,2006,guj,Gujarati,11
Uusimaa,2006,hae,Oromo,26
Uusimaa,2006,hau,Hausa,20
Uusimaa,2006,heb,Hebrew,184
Uusimaa,2006,hin,Hindi,649
Uusimaa,2006,hrv,Croatian,31
Uusimaa,2006,hun,Hungarian,645
Uusimaa,2006,hye,Armenian,78
Uusimaa,2006,ibo,Igbo,149
Uusimaa,2006,ind,Indonesian,107
Uusimaa,2006,isl,Icelandic,43
Uusimaa,2006,ita,Italian,760
Uusimaa,2006,jpn,Japanese,594
Uusimaa,2006,kan,Kannada,43
Uusimaa,2006,kat,Georgian,42
Uusimaa,2006,kaz,Kazakh,11
Uusimaa,2006,khk,Mongolian,13
Uusimaa,2006,khm,Central Khmer,143
Uusimaa,2006,kik,Kikuyu,79
Uusimaa,2006,kin,Kinyarwanda,15
Uusimaa,2006,kng,Kongo,104
Uusimaa,2006,kor,Korean,193
Uusimaa,2006,lin,Lingala,406
Uusimaa,2006,lit,Lithuanian,187
Uusimaa,2006,lvs,Latvian,142
Uusimaa,2006,mal,Malayalam,68
Uusimaa,2006,mar,Marathi,44
Uusimaa,2006,mkd,Macedonian,57
Uusimaa,2006,mya,Burmese,54
Uusimaa,2006,nld,Dutch,479
Uusimaa,2006,nor,Norwegian,240
Uusimaa,2006,npi,Nepali,244
Uusimaa,2006,ory,Oriya,10
Uusimaa,2006,pan,Panjabi,385
Uusimaa,2006,pes,"Persian, Farsi",1341
Uusimaa,2006,pol,Polish,729
Uusimaa,2006,por,Portuguese,541
Uusimaa,2006,pst,Pushto,109
Uusimaa,2006,ron,Romanian,458
Uusimaa,2006,rus,Russian,18896
Uusimaa,2006,sin,Sinhala,89
Uusimaa,2006,slk,Slovak,89
Uusimaa,2006,slv,Slovene,16
Uusimaa,2006,sme,Sami,69
Uusimaa,2006,snd,Sindhi,10
Uusimaa,2006,som,Somali,7935
Uusimaa,2006,spa,Spanish,1930
Uusimaa,2006,srp,Serbian,501
Uusimaa,2006,swe,Swedish,134080
Uusimaa,2006,swh,Swahili,289
Uusimaa,2006,tam,Tamil,379
Uusimaa,2006,tat,Tatar,110
Uusimaa,2006,tel,Telugu,244
Uusimaa,2006,tgl,Tagalog,458
Uusimaa,2006,tha,Thai,1538
Uusimaa,2006,tir,Tigrinya,74
Uusimaa,2006,tuk,Turkmen,54
Uusimaa,2006,tur,Turkish,2123
Uusimaa,2006,uig,Uighur,27
Uusimaa,2006,ukr,Ukrainian,293
Uusimaa,2006,urd,Urdu,479
Uusimaa,2006,vie,Vietnamese,2585
Uusimaa,2006,wol,Wolof,39
Uusimaa,2006,yor,Yoruba,74
Uusimaa,2006,zlm,Malay,28
Uusimaa,2007,aka,Akan,242
Uusimaa,2007,als,Albanian,3090
Uusimaa,2007,amh,Amharic,438
Uusimaa,2007,arb,Arabic,4174
Uusimaa,2007,azj,Azerbaijani,109
Uusimaa,2007,bel,Belarusian,24
Uusimaa,2007,ben,"Bengali, (Bangla)",910
Uusimaa,2007,bos,Bosnian,412
Uusimaa,2007,bul,Bulgarian,418
Uusimaa,2007,cat,Catalan,28
Uusimaa,2007,ces,Czech,186
Uusimaa,2007,che,Chechen,56
Uusimaa,2007,ckb,Kurdish,2822
Uusimaa,2007,cmn,Chinese,3556
Uusimaa,2007,dan,Danish,214
Uusimaa,2007,deu,German,2402
Uusimaa,2007,ekk,Estonian,11852
Uusimaa,2007,ell,Greek (modern),294
Uusimaa,2007,eng,English,6374
Uusimaa,2007,ewe,Ewe,13
Uusimaa,2007,fin,Finnish,1255036
Uusimaa,2007,fra,French,1619
Uusimaa,2007,fuc,"Fula, Fulah, Pulaar, Pular",19
Uusimaa,2007,guj,Gujarati,21
Uusimaa,2007,hae,Oromo,37
Uusimaa,2007,hau,Hausa,24
Uusimaa,2007,heb,Hebrew,201
Uusimaa,2007,hin,Hindi,717
Uusimaa,2007,hrv,Croatian,43
Uusimaa,2007,hun,Hungarian,705
Uusimaa,2007,hye,Armenian,76
Uusimaa,2007,ibo,Igbo,184
Uusimaa,2007,ind,Indonesian,115
Uusimaa,2007,isl,Icelandic,59
Uusimaa,2007,ita,Italian,840
Uusimaa,2007,jpn,Japanese,645
Uusimaa,2007,kan,Kannada,56
Uusimaa,2007,kat,Georgian,55
Uusimaa,2007,kaz,Kazakh,10
Uusimaa,2007,khk,Mongolian,24
Uusimaa,2007,khm,Central Khmer,148
Uusimaa,2007,kik,Kikuyu,96
Uusimaa,2007,kin,Kinyarwanda,19
Uusimaa,2007,kng,Kongo,112
Uusimaa,2007,kor,Korean,187
Uusimaa,2007,lin,Lingala,423
Uusimaa,2007,lit,Lithuanian,219
Uusimaa,2007,lug,Ganda,11
Uusimaa,2007,lvs,Latvian,165
Uusimaa,2007,mal,Malayalam,76
Uusimaa,2007,mar,Marathi,54
Uusimaa,2007,mkd,Macedonian,61
Uusimaa,2007,mya,Burmese,95
Uusimaa,2007,nld,Dutch,538
Uusimaa,2007,nor,Norwegian,256
Uusimaa,2007,npi,Nepali,329
Uusimaa,2007,ory,Oriya,11
Uusimaa,2007,pan,Panjabi,421
Uusimaa,2007,pes,"Persian, Farsi",1495
Uusimaa,2007,pol,Polish,845
Uusimaa,2007,por,Portuguese,659
Uusimaa,2007,pst,Pushto,131
Uusimaa,2007,ron,Romanian,527
Uusimaa,2007,rus,Russian,20541
Uusimaa,2007,sin,Sinhala,98
Uusimaa,2007,slk,Slovak,89
Uusimaa,2007,slv,Slovene,18
Uusimaa,2007,sme,Sami,59
Uusimaa,2007,snd,Sindhi,10
Uusimaa,2007,som,Somali,8413
Uusimaa,2007,spa,Spanish,2211
Uusimaa,2007,srp,Serbian,536
Uusimaa,2007,swe,Swedish,133917
Uusimaa,2007,swh,Swahili,325
Uusimaa,2007,tam,Tamil,430
Uusimaa,2007,tat,Tatar,111
Uusimaa,2007,tel,Telugu,264
Uusimaa,2007,tgl,Tagalog,540
Uusimaa,2007,tha,Thai,1740
Uusimaa,2007,tir,Tigrinya,93
Uusimaa,2007,tuk,Turkmen,58
Uusimaa,2007,tur,Turkish,2299
Uusimaa,2007,uig,Uighur,32
Uusimaa,2007,ukr,Ukrainian,353
Uusimaa,2007,urd,Urdu,560
Uusimaa,2007,uzn,Uzbek,29
Uusimaa,2007,vie,Vietnamese,2746
Uusimaa,2007,wol,Wolof,52
Uusimaa,2007,yor,Yoruba,97
Uusimaa,2007,zlm,Malay,35
Uusimaa,2008,aka,Akan,310
Uusimaa,2008,als,Albanian,3434
Uusimaa,2008,amh,Amharic,542
Uusimaa,2008,arb,Arabic,4578
Uusimaa,2008,azj,Azerbaijani,126
Uusimaa,2008,bel,Belarusian,38
Uusimaa,2008,ben,"Bengali, (Bangla)",1049
Uusimaa,2008,bos,Bosnian,421
Uusimaa,2008,bul,Bulgarian,474
Uusimaa,2008,cat,Catalan,24
Uusimaa,2008,ces,Czech,194
Uusimaa,2008,che,Chechen,85
Uusimaa,2008,ckb,Kurdish,3088
Uusimaa,2008,cmn,Chinese,3852
Uusimaa,2008,dan,Danish,206
Uusimaa,2008,deu,German,2524
Uusimaa,2008,ekk,Estonian,13635
Uusimaa,2008,ell,Greek (modern),320
Uusimaa,2008,eng,English,6797
Uusimaa,2008,ewe,Ewe,14
Uusimaa,2008,fin,Finnish,1263200
Uusimaa,2008,fra,French,1748
Uusimaa,2008,fuc,"Fula, Fulah, Pulaar, Pular",20
Uusimaa,2008,gle,Irish,11
Uusimaa,2008,guj,Gujarati,41
Uusimaa,2008,hae,Oromo,45
Uusimaa,2008,hau,Hausa,27
Uusimaa,2008,heb,Hebrew,208
Uusimaa,2008,hin,Hindi,803
Uusimaa,2008,hrv,Croatian,46
Uusimaa,2008,hun,Hungarian,756
Uusimaa,2008,hye,Armenian,85
Uusimaa,2008,ibo,Igbo,219
Uusimaa,2008,ind,Indonesian,119
Uusimaa,2008,isl,Icelandic,57
Uusimaa,2008,ita,Italian,934
Uusimaa,2008,jpn,Japanese,652
Uusimaa,2008,kan,Kannada,75
Uusimaa,2008,kat,Georgian,61
Uusimaa,2008,khk,Mongolian,14
Uusimaa,2008,khm,Central Khmer,153
Uusimaa,2008,kik,Kikuyu,106
Uusimaa,2008,kin,Kinyarwanda,39
Uusimaa,2008,kng,Kongo,114
Uusimaa,2008,kor,Korean,203
Uusimaa,2008,lin,Lingala,471
Uusimaa,2008,lit,Lithuanian,242
Uusimaa,2008,lug,Ganda,12
Uusimaa,2008,lvs,Latvian,188
Uusimaa,2008,mal,Malayalam,96
Uusimaa,2008,mar,Marathi,78
Uusimaa,2008,mkd,Macedonian,80
Uusimaa,2008,mya,Burmese,128
Uusimaa,2008,nld,Dutch,562
Uusimaa,2008,nor,Norwegian,248
Uusimaa,2008,npi,Nepali,474
Uusimaa,2008,ory,Oriya,14
Uusimaa,2008,pan,Panjabi,463
Uusimaa,2008,pes,"Persian, Farsi",1675
Uusimaa,2008,pol,Polish,991
Uusimaa,2008,por,Portuguese,772
Uusimaa,2008,pst,Pushto,171
Uusimaa,2008,ron,Romanian,595
Uusimaa,2008,rus,Russian,22125
Uusimaa,2008,sin,Sinhala,109
Uusimaa,2008,slk,Slovak,119
Uusimaa,2008,slv,Slovene,20
Uusimaa,2008,sme,Sami,55
Uusimaa,2008,snd,Sindhi,15
Uusimaa,2008,som,Somali,8943
Uusimaa,2008,spa,Spanish,2425
Uusimaa,2008,srp,Serbian,551
Uusimaa,2008,swe,Swedish,134143
Uusimaa,2008,swh,Swahili,369
Uusimaa,2008,tam,Tamil,550
Uusimaa,2008,tat,Tatar,115
Uusimaa,2008,tel,Telugu,331
Uusimaa,2008,tgl,Tagalog,652
Uusimaa,2008,tha,Thai,1918
Uusimaa,2008,tir,Tigrinya,102
Uusimaa,2008,tuk,Turkmen,78
Uusimaa,2008,tur,Turkish,2486
Uusimaa,2008,uig,Uighur,45
Uusimaa,2008,ukr,Ukrainian,410
Uusimaa,2008,urd,Urdu,610
Uusimaa,2008,uzn,Uzbek,41
Uusimaa,2008,vie,Vietnamese,2918
Uusimaa,2008,wol,Wolof,67
Uusimaa,2008,yor,Yoruba,127
Uusimaa,2008,zlm,Malay,48
Uusimaa,2009,aka,Akan,350
Uusimaa,2009,als,Albanian,3737
Uusimaa,2009,amh,Amharic,608
Uusimaa,2009,arb,Arabic,4989
Uusimaa,2009,azj,Azerbaijani,129
Uusimaa,2009,bel,Belarusian,42
Uusimaa,2009,ben,"Bengali, (Bangla)",1191
Uusimaa,2009,bos,Bosnian,431
Uusimaa,2009,bul,Bulgarian,519
Uusimaa,2009,cat,Catalan,22
Uusimaa,2009,ces,Czech,222
Uusimaa,2009,che,Chechen,113
Uusimaa,2009,ckb,Kurdish,3379
Uusimaa,2009,cmn,Chinese,4276
Uusimaa,2009,dan,Danish,201
Uusimaa,2009,deu,German,2601
Uusimaa,2009,ekk,Estonian,15500
Uusimaa,2009,ell,Greek (modern),335
Uusimaa,2009,eng,English,7259
Uusimaa,2009,ewe,Ewe,13
Uusimaa,2009,fin,Finnish,1270215
Uusimaa,2009,fra,French,1803
Uusimaa,2009,fuc,"Fula, Fulah, Pulaar, Pular",23
Uusimaa,2009,guj,Gujarati,44
Uusimaa,2009,hae,Oromo,50
Uusimaa,2009,hau,Hausa,35
Uusimaa,2009,heb,Hebrew,216
Uusimaa,2009,hin,Hindi,915
Uusimaa,2009,hrv,Croatian,45
Uusimaa,2009,hun,Hungarian,793
Uusimaa,2009,hye,Armenian,96
Uusimaa,2009,ibo,Igbo,241
Uusimaa,2009,ind,Indonesian,142
Uusimaa,2009,isl,Icelandic,69
Uusimaa,2009,ita,Italian,980
Uusimaa,2009,jpn,Japanese,682
Uusimaa,2009,kan,Kannada,77
Uusimaa,2009,kat,Georgian,64
Uusimaa,2009,kaz,Kazakh,10
Uusimaa,2009,khk,Mongolian,27
Uusimaa,2009,khm,Central Khmer,151
Uusimaa,2009,kik,Kikuyu,119
Uusimaa,2009,kin,Kinyarwanda,58
Uusimaa,2009,kng,Kongo,120
Uusimaa,2009,kor,Korean,228
Uusimaa,2009,lin,Lingala,509
Uusimaa,2009,lit,Lithuanian,254
Uusimaa,2009,lug,Ganda,12
Uusimaa,2009,lvs,Latvian,206
Uusimaa,2009,mal,Malayalam,125
Uusimaa,2009,mar,Marathi,99
Uusimaa,2009,mkd,Macedonian,90
Uusimaa,2009,mya,Burmese,135
Uusimaa,2009,nld,Dutch,574
Uusimaa,2009,nor,Norwegian,257
Uusimaa,2009,npi,Nepali,629
Uusimaa,2009,ory,Oriya,15
Uusimaa,2009,pan,Panjabi,501
Uusimaa,2009,pes,"Persian, Farsi",1955
Uusimaa,2009,pol,Polish,1057
Uusimaa,2009,por,Portuguese,843
Uusimaa,2009,pst,Pushto,199
Uusimaa,2009,ron,Romanian,652
Uusimaa,2009,rus,Russian,23458
Uusimaa,2009,sin,Sinhala,122
Uusimaa,2009,slk,Slovak,126
Uusimaa,2009,slv,Slovene,37
Uusimaa,2009,sme,Sami,73
Uusimaa,2009,snd,Sindhi,15
Uusimaa,2009,som,Somali,9427
Uusimaa,2009,spa,Spanish,2557
Uusimaa,2009,srp,Serbian,571
Uusimaa,2009,swe,Swedish,134183
Uusimaa,2009,swh,Swahili,410
Uusimaa,2009,tam,Tamil,685
Uusimaa,2009,tat,Tatar,118
Uusimaa,2009,tel,Telugu,393
Uusimaa,2009,tgl,Tagalog,777
Uusimaa,2009,tha,Thai,2135
Uusimaa,2009,tir,Tigrinya,107
Uusimaa,2009,tuk,Turkmen,86
Uusimaa,2009,tur,Turkish,2668
Uusimaa,2009,uig,Uighur,77
Uusimaa,2009,ukr,Ukrainian,467
Uusimaa,2009,urd,Urdu,709
Uusimaa,2009,uzn,Uzbek,52
Uusimaa,2009,vie,Vietnamese,3121
Uusimaa,2009,wol,Wolof,76
Uusimaa,2009,yor,Yoruba,146
Uusimaa,2009,zlm,Malay,50
Uusimaa,2010,afr,Afrikaans,10
Uusimaa,2010,aka,Akan,371
Uusimaa,2010,als,Albanian,3998
Uusimaa,2010,amh,Amharic,637
Uusimaa,2010,arb,Arabic,5288
Uusimaa,2010,azj,Azerbaijani,131
Uusimaa,2010,bel,Belarusian,44
Uusimaa,2010,ben,"Bengali, (Bangla)",1282
Uusimaa,2010,bos,Bosnian,446
Uusimaa,2010,bul,Bulgarian,581
Uusimaa,2010,cat,Catalan,21
Uusimaa,2010,ces,Czech,228
Uusimaa,2010,che,Chechen,141
Uusimaa,2010,ckb,Kurdish,3785
Uusimaa,2010,cmn,Chinese,4568
Uusimaa,2010,dan,Danish,225
Uusimaa,2010,deu,German,2685
Uusimaa,2010,ekk,Estonian,17767
Uusimaa,2010,ell,Greek (modern),355
Uusimaa,2010,eng,English,7761
Uusimaa,2010,ewe,Ewe,13
Uusimaa,2010,fin,Finnish,1275831
Uusimaa,2010,fra,French,1901
Uusimaa,2010,fuc,"Fula, Fulah, Pulaar, Pular",28
Uusimaa,2010,guj,Gujarati,48
Uusimaa,2010,hae,Oromo,49
Uusimaa,2010,hau,Hausa,32
Uusimaa,2010,heb,Hebrew,223
Uusimaa,2010,hin,Hindi,965
Uusimaa,2010,hrv,Croatian,49
Uusimaa,2010,hun,Hungarian,851
Uusimaa,2010,hye,Armenian,104
Uusimaa,2010,ibo,Igbo,261
Uusimaa,2010,ind,Indonesian,158
Uusimaa,2010,isl,Icelandic,66
Uusimaa,2010,ita,Italian,1046
Uusimaa,2010,jpn,Japanese,683
Uusimaa,2010,kan,Kannada,88
Uusimaa,2010,kat,Georgian,66
Uusimaa,2010,kaz,Kazakh,13
Uusimaa,2010,khk,Mongolian,30
Uusimaa,2010,khm,Central Khmer,154
Uusimaa,2010,kik,Kikuyu,124
Uusimaa,2010,kin,Kinyarwanda,76
Uusimaa,2010,kng,Kongo,120
Uusimaa,2010,kor,Korean,259
Uusimaa,2010,lin,Lingala,531
Uusimaa,2010,lit,Lithuanian,309
Uusimaa,2010,lug,Ganda,14
Uusimaa,2010,lvs,Latvian,240
Uusimaa,2010,mal,Malayalam,141
Uusimaa,2010,mar,Marathi,117
Uusimaa,2010,mkd,Macedonian,92
Uusimaa,2010,mya,Burmese,133
Uusimaa,2010,nld,Dutch,622
Uusimaa,2010,nor,Norwegian,248
Uusimaa,2010,npi,Nepali,751
Uusimaa,2010,ory,Oriya,25
Uusimaa,2010,pan,Panjabi,534
Uusimaa,2010,pes,"Persian, Farsi",2180
Uusimaa,2010,pol,Polish,1105
Uusimaa,2010,por,Portuguese,907
Uusimaa,2010,pst,Pushto,221
Uusimaa,2010,ron,Romanian,712
Uusimaa,2010,rus,Russian,24877
Uusimaa,2010,sin,Sinhala,128
Uusimaa,2010,slk,Slovak,129
Uusimaa,2010,slv,Slovene,39
Uusimaa,2010,sme,Sami,79
Uusimaa,2010,snd,Sindhi,16
Uusimaa,2010,som,Somali,10010
Uusimaa,2010,spa,Spanish,2746
Uusimaa,2010,srp,Serbian,612
Uusimaa,2010,swe,Swedish,134279
Uusimaa,2010,swh,Swahili,453
Uusimaa,2010,tam,Tamil,740
Uusimaa,2010,tat,Tatar,116
Uusimaa,2010,tel,Telugu,434
Uusimaa,2010,tgl,Tagalog,848
Uusimaa,2010,tha,Thai,2353
Uusimaa,2010,tir,Tigrinya,120
Uusimaa,2010,tuk,Turkmen,103
Uusimaa,2010,tur,Turkish,2808
Uusimaa,2010,uig,Uighur,79
Uusimaa,2010,ukr,Ukrainian,530
Uusimaa,2010,urd,Urdu,802
Uusimaa,2010,uzn,Uzbek,59
Uusimaa,2010,vie,Vietnamese,3329
Uusimaa,2010,wol,Wolof,82
Uusimaa,2010,yor,Yoruba,173
Uusimaa,2010,zlm,Malay,56
Uusimaa,2011,afr,Afrikaans,14
Uusimaa,2011,aka,Akan,402
Uusimaa,2011,als,Albanian,4213
Uusimaa,2011,amh,Amharic,693
Uusimaa,2011,arb,Arabic,5773
Uusimaa,2011,azj,Azerbaijani,146
Uusimaa,2011,bel,Belarusian,50
Uusimaa,2011,ben,"Bengali, (Bangla)",1439
Uusimaa,2011,bos,Bosnian,461
Uusimaa,2011,bul,Bulgarian,662
Uusimaa,2011,cat,Catalan,23
Uusimaa,2011,ces,Czech,251
Uusimaa,2011,che,Chechen,195
Uusimaa,2011,ckb,Kurdish,4077
Uusimaa,2011,cmn,Chinese,4966
Uusimaa,2011,dan,Danish,236
Uusimaa,2011,deu,German,2789
Uusimaa,2011,ekk,Estonian,20923
Uusimaa,2011,ell,Greek (modern),391
Uusimaa,2011,eng,English,8367
Uusimaa,2011,eus,Basque,12
Uusimaa,2011,ewe,Ewe,14
Uusimaa,2011,fin,Finnish,1281564
Uusimaa,2011,fra,French,2028
Uusimaa,2011,fuc,"Fula, Fulah, Pulaar, Pular",34
Uusimaa,2011,guj,Gujarati,53
Uusimaa,2011,hae,Oromo,53
Uusimaa,2011,hau,Hausa,52
Uusimaa,2011,heb,Hebrew,241
Uusimaa,2011,hin,Hindi,1025
Uusimaa,2011,hrv,Croatian,56
Uusimaa,2011,hun,Hungarian,903
Uusimaa,2011,hye,Armenian,107
Uusimaa,2011,ibo,Igbo,283
Uusimaa,2011,ind,Indonesian,174
Uusimaa,2011,isl,Icelandic,70
Uusimaa,2011,ita,Italian,1090
Uusimaa,2011,jpn,Japanese,729
Uusimaa,2011,kan,Kannada,92
Uusimaa,2011,kat,Georgian,72
Uusimaa,2011,kaz,Kazakh,17
Uusimaa,2011,khk,Mongolian,10
Uusimaa,2011,khm,Central Khmer,163
Uusimaa,2011,kik,Kikuyu,132
Uusimaa,2011,kin,Kinyarwanda,90
Uusimaa,2011,kng,Kongo,118
Uusimaa,2011,kor,Korean,321
Uusimaa,2011,lin,Lingala,556
Uusimaa,2011,lit,Lithuanian,345
Uusimaa,2011,lub,Luba-Katanga,16
Uusimaa,2011,lug,Ganda,16
Uusimaa,2011,lvs,Latvian,269
Uusimaa,2011,mal,Malayalam,173
Uusimaa,2011,mar,Marathi,137
Uusimaa,2011,mkd,Macedonian,103
Uusimaa,2011,mya,Burmese,145
Uusimaa,2011,nld,Dutch,673
Uusimaa,2011,nor,Norwegian,260
Uusimaa,2011,npi,Nepali,922
Uusimaa,2011,ory,Oriya,38
Uusimaa,2011,pan,Panjabi,568
Uusimaa,2011,pes,"Persian, Farsi",2424
Uusimaa,2011,pol,Polish,1190
Uusimaa,2011,por,Portuguese,980
Uusimaa,2011,pst,Pushto,262
Uusimaa,2011,ron,Romanian,789
Uusimaa,2011,rus,Russian,26680
Uusimaa,2011,sin,Sinhala,129
Uusimaa,2011,slk,Slovak,126
Uusimaa,2011,slv,Slovene,41
Uusimaa,2011,sme,Sami,77
Uusimaa,2011,snd,Sindhi,19
Uusimaa,2011,som,Somali,10565
Uusimaa,2011,spa,Spanish,2970
Uusimaa,2011,srp,Serbian,640
Uusimaa,2011,swe,Swedish,133992
Uusimaa,2011,swh,Swahili,489
Uusimaa,2011,tam,Tamil,834
Uusimaa,2011,tat,Tatar,116
Uusimaa,2011,tel,Telugu,478
Uusimaa,2011,tgk,Tajik,10
Uusimaa,2011,tgl,Tagalog,973
Uusimaa,2011,tha,Thai,2579
Uusimaa,2011,tir,Tigrinya,132
Uusimaa,2011,tuk,Turkmen,114
Uusimaa,2011,tur,Turkish,3016
Uusimaa,2011,uig,Uighur,82
Uusimaa,2011,ukr,Ukrainian,581
Uusimaa,2011,urd,Urdu,904
Uusimaa,2011,uzn,Uzbek,76
Uusimaa,2011,vie,Vietnamese,3554
Uusimaa,2011,wol,Wolof,99
Uusimaa,2011,yor,Yoruba,208
Uusimaa,2011,zlm,Malay,58
Uusimaa,2012,afr,Afrikaans,13
Uusimaa,2012,aka,Akan,447
Uusimaa,2012,als,Albanian,4431
Uusimaa,2012,amh,Amharic,760
Uusimaa,2012,arb,Arabic,6301
Uusimaa,2012,azj,Azerbaijani,153
Uusimaa,2012,bel,Belarusian,54
Uusimaa,2012,ben,"Bengali, (Bangla)",1566
Uusimaa,2012,bos,Bosnian,470
Uusimaa,2012,bul,Bulgarian,771
Uusimaa,2012,cat,Catalan,27
Uusimaa,2012,ces,Czech,274
Uusimaa,2012,che,Chechen,235
Uusimaa,2012,ckb,Kurdish,4478
Uusimaa,2012,cmn,Chinese,5328
Uusimaa,2012,dan,Danish,233
Uusimaa,2012,deu,German,2946
Uusimaa,2012,ekk,Estonian,24538
Uusimaa,2012,ell,Greek (modern),441
Uusimaa,2012,eng,English,8881
Uusimaa,2012,eus,Basque,12
Uusimaa,2012,ewe,Ewe,26
Uusimaa,2012,fin,Finnish,1287069
Uusimaa,2012,fra,French,2159
Uusimaa,2012,fuc,"Fula, Fulah, Pulaar, Pular",41
Uusimaa,2012,guj,Gujarati,64
Uusimaa,2012,hae,Oromo,56
Uusimaa,2012,hau,Hausa,55
Uusimaa,2012,heb,Hebrew,245
Uusimaa,2012,hin,Hindi,1072
Uusimaa,2012,hrv,Croatian,74
Uusimaa,2012,hun,Hungarian,972
Uusimaa,2012,hye,Armenian,107
Uusimaa,2012,ibo,Igbo,324
Uusimaa,2012,ind,Indonesian,191
Uusimaa,2012,isl,Icelandic,72
Uusimaa,2012,ita,Italian,1178
Uusimaa,2012,jpn,Japanese,763
Uusimaa,2012,kan,Kannada,93
Uusimaa,2012,kat,Georgian,80
Uusimaa,2012,kaz,Kazakh,18
Uusimaa,2012,khk,Mongolian,13
Uusimaa,2012,khm,Central Khmer,166
Uusimaa,2012,kik,Kikuyu,141
Uusimaa,2012,kin,Kinyarwanda,107
Uusimaa,2012,kng,Kongo,126
Uusimaa,2012,kor,Korean,365
Uusimaa,2012,lin,Lingala,591
Uusimaa,2012,lit,Lithuanian,378
Uusimaa,2012,lub,Luba-Katanga,17
Uusimaa,2012,lug,Ganda,15
Uusimaa,2012,lvs,Latvian,313
Uusimaa,2012,mal,Malayalam,183
Uusimaa,2012,mar,Marathi,149
Uusimaa,2012,mkd,Macedonian,109
Uusimaa,2012,mya,Burmese,144
Uusimaa,2012,nld,Dutch,694
Uusimaa,2012,nor,Norwegian,256
Uusimaa,2012,npi,Nepali,1193
Uusimaa,2012,ory,Oriya,41
Uusimaa,2012,pan,Panjabi,586
Uusimaa,2012,pes,"Persian, Farsi",2707
Uusimaa,2012,pol,Polish,1286
Uusimaa,2012,por,Portuguese,1075
Uusimaa,2012,pst,Pushto,316
Uusimaa,2012,ron,Romanian,890
Uusimaa,2012,rus,Russian,28701
Uusimaa,2012,sin,Sinhala,142
Uusimaa,2012,slk,Slovak,141
Uusimaa,2012,slv,Slovene,41
Uusimaa,2012,sme,Sami,87
Uusimaa,2012,snd,Sindhi,21
Uusimaa,2012,som,Somali,11088
Uusimaa,2012,spa,Spanish,3250
Uusimaa,2012,srp,Serbian,664
Uusimaa,2012,swe,Swedish,133764
Uusimaa,2012,swh,Swahili,551
Uusimaa,2012,tam,Tamil,962
Uusimaa,2012,tat,Tatar,113
Uusimaa,2012,tel,Telugu,513
Uusimaa,2012,tgk,Tajik,13
Uusimaa,2012,tgl,Tagalog,1134
Uusimaa,2012,tha,Thai,2758
Uusimaa,2012,tir,Tigrinya,151
Uusimaa,2012,tuk,Turkmen,135
Uusimaa,2012,tur,Turkish,3198
Uusimaa,2012,uig,Uighur,105
Uusimaa,2012,ukr,Ukrainian,622
Uusimaa,2012,urd,Urdu,1041
Uusimaa,2012,uzn,Uzbek,82
Uusimaa,2012,vie,Vietnamese,3803
Uusimaa,2012,wol,Wolof,115
Uusimaa,2012,yor,Yoruba,239
Uusimaa,2012,zlm,Malay,59
Uusimaa,2013,afr,Afrikaans,13
Uusimaa,2013,aka,Akan,480
Uusimaa,2013,als,Albanian,4700
Uusimaa,2013,amh,Amharic,830
Uusimaa,2013,arb,Arabic,6958
Uusimaa,2013,azj,Azerbaijani,156
Uusimaa,2013,bel,Belarusian,58
Uusimaa,2013,ben,"Bengali, (Bangla)",1714
Uusimaa,2013,bos,Bosnian,491
Uusimaa,2013,bul,Bulgarian,878
Uusimaa,2013,cat,Catalan,33
Uusimaa,2013,ces,Czech,294
Uusimaa,2013,che,Chechen,295
Uusimaa,2013,ckb,Kurdish,4965
Uusimaa,2013,cmn,Chinese,5763
Uusimaa,2013,dan,Danish,246
Uusimaa,2013,deu,German,2995
Uusimaa,2013,ekk,Estonian,27984
Uusimaa,2013,ell,Greek (modern),490
Uusimaa,2013,eng,English,9437
Uusimaa,2013,eus,Basque,14
Uusimaa,2013,ewe,Ewe,15
Uusimaa,2013,fin,Finnish,1293255
Uusimaa,2013,fra,French,2275
Uusimaa,2013,fuc,"Fula, Fulah, Pulaar, Pular",48
Uusimaa,2013,guj,Gujarati,62
Uusimaa,2013,hae,Oromo,69
Uusimaa,2013,hau,Hausa,77
Uusimaa,2013,heb,Hebrew,238
Uusimaa,2013,hin,Hindi,1166
Uusimaa,2013,hrv,Croatian,85
Uusimaa,2013,hun,Hungarian,1063
Uusimaa,2013,hye,Armenian,116
Uusimaa,2013,ibo,Igbo,343
Uusimaa,2013,ind,Indonesian,202
Uusimaa,2013,isl,Icelandic,67
Uusimaa,2013,ita,Italian,1234
Uusimaa,2013,jpn,Japanese,772
Uusimaa,2013,kan,Kannada,87
Uusimaa,2013,kat,Georgian,84
Uusimaa,2013,kaz,Kazakh,18
Uusimaa,2013,khk,Mongolian,11
Uusimaa,2013,khm,Central Khmer,169
Uusimaa,2013,kik,Kikuyu,145
Uusimaa,2013,kin,Kinyarwanda,120
Uusimaa,2013,kng,Kongo,118
Uusimaa,2013,kor,Korean,398
Uusimaa,2013,lin,Lingala,605
Uusimaa,2013,lit,Lithuanian,404
Uusimaa,2013,lub,Luba-Katanga,18
Uusimaa,2013,lug,Ganda,29
Uusimaa,2013,lvs,Latvian,329
Uusimaa,2013,mal,Malayalam,223
Uusimaa,2013,mar,Marathi,148
Uusimaa,2013,mkd,Macedonian,122
Uusimaa,2013,mya,Burmese,151
Uusimaa,2013,nld,Dutch,729
Uusimaa,2013,nor,Norwegian,253
Uusimaa,2013,npi,Nepali,1421
Uusimaa,2013,ory,Oriya,50
Uusimaa,2013,pan,Panjabi,612
Uusimaa,2013,pes,"Persian, Farsi",3054
Uusimaa,2013,pol,Polish,1397
Uusimaa,2013,por,Portuguese,1143
Uusimaa,2013,pst,Pushto,378
Uusimaa,2013,ron,Romanian,949
Uusimaa,2013,rus,Russian,30562
Uusimaa,2013,sin,Sinhala,144
Uusimaa,2013,slk,Slovak,144
Uusimaa,2013,slv,Slovene,45
Uusimaa,2013,sme,Sami,80
Uusimaa,2013,snd,Sindhi,22
Uusimaa,2013,som,Somali,11750
Uusimaa,2013,spa,Spanish,3546
Uusimaa,2013,srp,Serbian,673
Uusimaa,2013,swe,Swedish,133611
Uusimaa,2013,swh,Swahili,607
Uusimaa,2013,tam,Tamil,1101
Uusimaa,2013,tat,Tatar,118
Uusimaa,2013,tel,Telugu,544
Uusimaa,2013,tgk,Tajik,12
Uusimaa,2013,tgl,Tagalog,1369
Uusimaa,2013,tha,Thai,2972
Uusimaa,2013,tir,Tigrinya,162
Uusimaa,2013,tuk,Turkmen,146
Uusimaa,2013,tur,Turkish,3351
Uusimaa,2013,uig,Uighur,132
Uusimaa,2013,ukr,Ukrainian,700
Uusimaa,2013,urd,Urdu,1160
Uusimaa,2013,uzn,Uzbek,141
Uusimaa,2013,vie,Vietnamese,4064
Uusimaa,2013,wol,Wolof,129
Uusimaa,2013,yor,Yoruba,255
Uusimaa,2013,zlm,Malay,51
Uusimaa,2014,afr,Afrikaans,13
Uusimaa,2014,aka,Akan,543
Uusimaa,2014,als,Albanian,5106
Uusimaa,2014,amh,Amharic,889
Uusimaa,2014,arb,Arabic,7889
Uusimaa,2014,azj,Azerbaijani,176
Uusimaa,2014,bel,Belarusian,58
Uusimaa,2014,ben,"Bengali, (Bangla)",1857
Uusimaa,2014,bos,Bosnian,505
Uusimaa,2014,bul,Bulgarian,975
Uusimaa,2014,cat,Catalan,42
Uusimaa,2014,ces,Czech,306
Uusimaa,2014,che,Chechen,349
Uusimaa,2014,ckb,Kurdish,5432
Uusimaa,2014,cmn,Chinese,6160
Uusimaa,2014,dan,Danish,246
Uusimaa,2014,deu,German,3095
Uusimaa,2014,ekk,Estonian,30341
Uusimaa,2014,ell,Greek (modern),566
Uusimaa,2014,eng,English,10186
Uusimaa,2014,eus,Basque,15
Uusimaa,2014,ewe,Ewe,27
Uusimaa,2014,fin,Finnish,1298805
Uusimaa,2014,fra,French,2419
Uusimaa,2014,fuc,"Fula, Fulah, Pulaar, Pular",49
Uusimaa,2014,guj,Gujarati,63
Uusimaa,2014,hae,Oromo,71
Uusimaa,2014,hau,Hausa,94
Uusimaa,2014,heb,Hebrew,242
Uusimaa,2014,hin,Hindi,1291
Uusimaa,2014,hrv,Croatian,101
Uusimaa,2014,hun,Hungarian,1118
Uusimaa,2014,hye,Armenian,116
Uusimaa,2014,ibo,Igbo,385
Uusimaa,2014,ind,Indonesian,223
Uusimaa,2014,isl,Icelandic,83
Uusimaa,2014,ita,Italian,1377
Uusimaa,2014,jpn,Japanese,752
Uusimaa,2014,kan,Kannada,95
Uusimaa,2014,kat,Georgian,91
Uusimaa,2014,kaz,Kazakh,17
Uusimaa,2014,khk,Mongolian,22
Uusimaa,2014,khm,Central Khmer,181
Uusimaa,2014,kik,Kikuyu,158
Uusimaa,2014,kin,Kinyarwanda,160
Uusimaa,2014,kng,Kongo,121
Uusimaa,2014,kor,Korean,419
Uusimaa,2014,lin,Lingala,639
Uusimaa,2014,lit,Lithuanian,430
Uusimaa,2014,lub,Luba-Katanga,28
Uusimaa,2014,lug,Ganda,31
Uusimaa,2014,lvs,Latvian,375
Uusimaa,2014,mal,Malayalam,235
Uusimaa,2014,mar,Marathi,176
Uusimaa,2014,mkd,Macedonian,141
Uusimaa,2014,mya,Burmese,160
Uusimaa,2014,nld,Dutch,751
Uusimaa,2014,nor,Norwegian,264
Uusimaa,2014,npi,Nepali,1660
Uusimaa,2014,ory,Oriya,51
Uusimaa,2014,pan,Panjabi,627
Uusimaa,2014,pes,"Persian, Farsi",3450
Uusimaa,2014,pol,Polish,1473
Uusimaa,2014,por,Portuguese,1265
Uusimaa,2014,pst,Pushto,422
Uusimaa,2014,ron,Romanian,1137
Uusimaa,2014,rus,Russian,32312
Uusimaa,2014,sin,Sinhala,149
Uusimaa,2014,slk,Slovak,159
Uusimaa,2014,slv,Slovene,51
Uusimaa,2014,sme,Sami,108
Uusimaa,2014,snd,Sindhi,23
Uusimaa,2014,som,Somali,12450
Uusimaa,2014,spa,Spanish,3887
Uusimaa,2014,srp,Serbian,689
Uusimaa,2014,swe,Swedish,133215
Uusimaa,2014,swh,Swahili,670
Uusimaa,2014,tam,Tamil,1226
Uusimaa,2014,tat,Tatar,124
Uusimaa,2014,tel,Telugu,583
Uusimaa,2014,tgk,Tajik,14
Uusimaa,2014,tgl,Tagalog,1647
Uusimaa,2014,tha,Thai,3134
Uusimaa,2014,tir,Tigrinya,176
Uusimaa,2014,tuk,Turkmen,177
Uusimaa,2014,tur,Turkish,3528
Uusimaa,2014,uig,Uighur,141
Uusimaa,2014,ukr,Ukrainian,790
Uusimaa,2014,urd,Urdu,1346
Uusimaa,2014,uzn,Uzbek,181
Uusimaa,2014,vie,Vietnamese,4377
Uusimaa,2014,wol,Wolof,148
Uusimaa,2014,yor,Yoruba,298
Uusimaa,2014,zlm,Malay,54
Uusimaa,2015,afr,Afrikaans,11
Uusimaa,2015,aka,Akan,611
Uusimaa,2015,als,Albanian,5409
Uusimaa,2015,amh,Amharic,965
Uusimaa,2015,arb,Arabic,9009
Uusimaa,2015,azj,Azerbaijani,188
Uusimaa,2015,bel,Belarusian,60
Uusimaa,2015,ben,"Bengali, (Bangla)",2013
Uusimaa,2015,bos,Bosnian,516
Uusimaa,2015,bul,Bulgarian,1030
Uusimaa,2015,cat,Catalan,44
Uusimaa,2015,ces,Czech,318
Uusimaa,2015,che,Chechen,391
Uusimaa,2015,ckb,Kurdish,5856
Uusimaa,2015,cmn,Chinese,6592
Uusimaa,2015,dan,Danish,263
Uusimaa,2015,deu,German,3137
Uusimaa,2015,ekk,Estonian,31937
Uusimaa,2015,ell,Greek (modern),603
Uusimaa,2015,eng,English,10837
Uusimaa,2015,eus,Basque,15
Uusimaa,2015,ewe,Ewe,27
Uusimaa,2015,fin,Finnish,1304226
Uusimaa,2015,fra,French,2524
Uusimaa,2015,fuc,"Fula, Fulah, Pulaar, Pular",53
Uusimaa,2015,guj,Gujarati,71
Uusimaa,2015,hae,Oromo,78
Uusimaa,2015,hau,Hausa,109
Uusimaa,2015,heb,Hebrew,257
Uusimaa,2015,hin,Hindi,1408
Uusimaa,2015,hrv,Croatian,121
Uusimaa,2015,hun,Hungarian,1148
Uusimaa,2015,hye,Armenian,125
Uusimaa,2015,ibo,Igbo,450
Uusimaa,2015,ind,Indonesian,239
Uusimaa,2015,isl,Icelandic,76
Uusimaa,2015,ita,Italian,1497
Uusimaa,2015,jpn,Japanese,787
Uusimaa,2015,kan,Kannada,94
Uusimaa,2015,kat,Georgian,96
Uusimaa,2015,kaz,Kazakh,17
Uusimaa,2015,khk,Mongolian,20
Uusimaa,2015,khm,Central Khmer,196
Uusimaa,2015,kik,Kikuyu,173
Uusimaa,2015,kin,Kinyarwanda,184
Uusimaa,2015,kng,Kongo,120
Uusimaa,2015,kor,Korean,438
Uusimaa,2015,lin,Lingala,672
Uusimaa,2015,lit,Lithuanian,482
Uusimaa,2015,lub,Luba-Katanga,29
Uusimaa,2015,lug,Ganda,31
Uusimaa,2015,lvs,Latvian,453
Uusimaa,2015,mal,Malayalam,246
Uusimaa,2015,mar,Marathi,194
Uusimaa,2015,mkd,Macedonian,152
Uusimaa,2015,mya,Burmese,176
Uusimaa,2015,nld,Dutch,803
Uusimaa,2015,nor,Norwegian,277
Uusimaa,2015,npi,Nepali,1888
Uusimaa,2015,ory,Oriya,47
Uusimaa,2015,pan,Panjabi,661
Uusimaa,2015,pes,"Persian, Farsi",3853
Uusimaa,2015,pol,Polish,1573
Uusimaa,2015,por,Portuguese,1343
Uusimaa,2015,pst,Pushto,467
Uusimaa,2015,ron,Romanian,1254
Uusimaa,2015,rus,Russian,34050
Uusimaa,2015,sin,Sinhala,156
Uusimaa,2015,slk,Slovak,166
Uusimaa,2015,slv,Slovene,56
Uusimaa,2015,sme,Sami,92
Uusimaa,2015,sna,Shona,11
Uusimaa,2015,snd,Sindhi,28
Uusimaa,2015,som,Somali,13457
Uusimaa,2015,spa,Spanish,4180
Uusimaa,2015,srp,Serbian,717
Uusimaa,2015,swe,Swedish,132760
Uusimaa,2015,swh,Swahili,739
Uusimaa,2015,tam,Tamil,1311
Uusimaa,2015,tat,Tatar,133
Uusimaa,2015,tel,Telugu,608
Uusimaa,2015,tgk,Tajik,28
Uusimaa,2015,tgl,Tagalog,1860
Uusimaa,2015,tha,Thai,3304
Uusimaa,2015,tir,Tigrinya,190
Uusimaa,2015,tuk,Turkmen,200
Uusimaa,2015,tur,Turkish,3706
Uusimaa,2015,uig,Uighur,159
Uusimaa,2015,ukr,Ukrainian,901
Uusimaa,2015,urd,Urdu,1469
Uusimaa,2015,uzn,Uzbek,216
Uusimaa,2015,vie,Vietnamese,4791
Uusimaa,2015,wol,Wolof,156
Uusimaa,2015,yor,Yoruba,358
Uusimaa,2015,zlm,Malay,53
Uusimaa,2016,afr,Afrikaans,21
Uusimaa,2016,aka,Akan,651
Uusimaa,2016,als,Albanian,5864
Uusimaa,2016,amh,Amharic,1013
Uusimaa,2016,arb,Arabic,11483
Uusimaa,2016,azj,Azerbaijani,211
Uusimaa,2016,bel,Belarusian,63
Uusimaa,2016,ben,"Bengali, (Bangla)",2173
Uusimaa,2016,bos,Bosnian,547
Uusimaa,2016,bul,Bulgarian,1091
Uusimaa,2016,cat,Catalan,47
Uusimaa,2016,ces,Czech,331
Uusimaa,2016,che,Chechen,398
Uusimaa,2016,ckb,Kurdish,6465
Uusimaa,2016,cmn,Chinese,7029
Uusimaa,2016,dan,Danish,257
Uusimaa,2016,deu,German,3169
Uusimaa,2016,ekk,Estonian,33021
Uusimaa,2016,ell,Greek (modern),695
Uusimaa,2016,eng,English,11487
Uusimaa,2016,eus,Basque,16
Uusimaa,2016,ewe,Ewe,32
Uusimaa,2016,fin,Finnish,1308769
Uusimaa,2016,fra,French,2618
Uusimaa,2016,fuc,"Fula, Fulah, Pulaar, Pular",71
Uusimaa,2016,guj,Gujarati,80
Uusimaa,2016,hae,Oromo,79
Uusimaa,2016,hau,Hausa,133
Uusimaa,2016,heb,Hebrew,266
Uusimaa,2016,hin,Hindi,1473
Uusimaa,2016,hrv,Croatian,132
Uusimaa,2016,hun,Hungarian,1207
Uusimaa,2016,hye,Armenian,129
Uusimaa,2016,ibo,Igbo,493
Uusimaa,2016,ind,Indonesian,270
Uusimaa,2016,isl,Icelandic,86
Uusimaa,2016,ita,Italian,1602
Uusimaa,2016,jpn,Japanese,805
Uusimaa,2016,kan,Kannada,108
Uusimaa,2016,kat,Georgian,103
Uusimaa,2016,kaz,Kazakh,23
Uusimaa,2016,khk,Mongolian,23
Uusimaa,2016,khm,Central Khmer,201
Uusimaa,2016,kik,Kikuyu,187
Uusimaa,2016,kin,Kinyarwanda,239
Uusimaa,2016,kng,Kongo,118
Uusimaa,2016,kor,Korean,471
Uusimaa,2016,lin,Lingala,709
Uusimaa,2016,lit,Lithuanian,521
Uusimaa,2016,lub,Luba-Katanga,22
Uusimaa,2016,lug,Ganda,34
Uusimaa,2016,lvs,Latvian,499
Uusimaa,2016,mal,Malayalam,262
Uusimaa,2016,mar,Marathi,198
Uusimaa,2016,mkd,Macedonian,165
Uusimaa,2016,mya,Burmese,182
Uusimaa,2016,nld,Dutch,812
Uusimaa,2016,nor,Norwegian,277
Uusimaa,2016,npi,Nepali,2200
Uusimaa,2016,ory,Oriya,46
Uusimaa,2016,pan,Panjabi,703
Uusimaa,2016,pes,"Persian, Farsi",4725
Uusimaa,2016,pol,Polish,1690
Uusimaa,2016,por,Portuguese,1490
Uusimaa,2016,pst,Pushto,517
Uusimaa,2016,ron,Romanian,1502
Uusimaa,2016,rus,Russian,35795
Uusimaa,2016,sin,Sinhala,160
Uusimaa,2016,slk,Slovak,176
Uusimaa,2016,slv,Slovene,72
Uusimaa,2016,sme,Sami,95
Uusimaa,2016,sna,Shona,15
Uusimaa,2016,snd,Sindhi,25
Uusimaa,2016,som,Somali,14490
Uusimaa,2016,spa,Spanish,4493
Uusimaa,2016,srp,Serbian,750
Uusimaa,2016,swe,Swedish,132206
Uusimaa,2016,swh,Swahili,874
Uusimaa,2016,tam,Tamil,1308
Uusimaa,2016,tat,Tatar,130
Uusimaa,2016,tel,Telugu,577
Uusimaa,2016,tgk,Tajik,28
Uusimaa,2016,tgl,Tagalog,2110
Uusimaa,2016,tha,Thai,3452
Uusimaa,2016,tir,Tigrinya,306
Uusimaa,2016,tuk,Turkmen,231
Uusimaa,2016,tur,Turkish,3862
Uusimaa,2016,uig,Uighur,173
Uusimaa,2016,ukr,Ukrainian,976
Uusimaa,2016,urd,Urdu,1660
Uusimaa,2016,uzn,Uzbek,312
Uusimaa,2016,vie,Vietnamese,5236
Uusimaa,2016,wol,Wolof,171
Uusimaa,2016,yor,Yoruba,411
Uusimaa,2016,zlm,Malay,58
Uusimaa,2017,afr,Afrikaans,25
Uusimaa,2017,aka,Akan,690
Uusimaa,2017,als,Albanian,6369
Uusimaa,2017,amh,Amharic,1053
Uusimaa,2017,arb,Arabic,14008
Uusimaa,2017,azj,Azerbaijani,247
Uusimaa,2017,bel,Belarusian,68
Uusimaa,2017,ben,"Bengali, (Bangla)",2425
Uusimaa,2017,bos,Bosnian,577
Uusimaa,2017,bul,Bulgarian,1189
Uusimaa,2017,cat,Catalan,51
Uusimaa,2017,ces,Czech,369
Uusimaa,2017,che,Chechen,456
Uusimaa,2017,ckb,Kurdish,7006
Uusimaa,2017,cmn,Chinese,7414
Uusimaa,2017,dan,Danish,290
Uusimaa,2017,deu,German,3138
Uusimaa,2017,ekk,Estonian,33363
Uusimaa,2017,ell,Greek (modern),769
Uusimaa,2017,eng,English,12118
Uusimaa,2017,eus,Basque,16
Uusimaa,2017,ewe,Ewe,41
Uusimaa,2017,fin,Finnish,1313936
Uusimaa,2017,fra,French,2678
Uusimaa,2017,fuc,"Fula, Fulah, Pulaar, Pular",77
Uusimaa,2017,guj,Gujarati,92
Uusimaa,2017,hae,Oromo,98
Uusimaa,2017,hau,Hausa,138
Uusimaa,2017,heb,Hebrew,258
Uusimaa,2017,hin,Hindi,1599
Uusimaa,2017,hrv,Croatian,148
Uusimaa,2017,hun,Hungarian,1212
Uusimaa,2017,hye,Armenian,141
Uusimaa,2017,ibo,Igbo,525
Uusimaa,2017,ind,Indonesian,308
Uusimaa,2017,isl,Icelandic,78
Uusimaa,2017,ita,Italian,1698
Uusimaa,2017,jpn,Japanese,847
Uusimaa,2017,kan,Kannada,107
Uusimaa,2017,kat,Georgian,117
Uusimaa,2017,kaz,Kazakh,44
Uusimaa,2017,khk,Mongolian,24
Uusimaa,2017,khm,Central Khmer,204
Uusimaa,2017,kik,Kikuyu,182
Uusimaa,2017,kin,Kinyarwanda,297
Uusimaa,2017,kir,Kirghiz,10
Uusimaa,2017,kng,Kongo,119
Uusimaa,2017,kor,Korean,492
Uusimaa,2017,lin,Lingala,717
Uusimaa,2017,lit,Lithuanian,554
Uusimaa,2017,lub,Luba-Katanga,21
Uusimaa,2017,lug,Ganda,50
Uusimaa,2017,lvs,Latvian,580
Uusimaa,2017,mal,Malayalam,270
Uusimaa,2017,mar,Marathi,225
Uusimaa,2017,mkd,Macedonian,175
Uusimaa,2017,mya,Burmese,185
Uusimaa,2017,nld,Dutch,830
Uusimaa,2017,nor,Norwegian,295
Uusimaa,2017,npi,Nepali,2512
Uusimaa,2017,ory,Oriya,56
Uusimaa,2017,pan,Panjabi,763
Uusimaa,2017,pes,"Persian, Farsi",5570
Uusimaa,2017,pol,Polish,1779
Uusimaa,2017,por,Portuguese,1605
Uusimaa,2017,pst,Pushto,576
Uusimaa,2017,ron,Romanian,1686
Uusimaa,2017,rus,Russian,37101
Uusimaa,2017,sin,Sinhala,167
Uusimaa,2017,slk,Slovak,184
Uusimaa,2017,slv,Slovene,71
Uusimaa,2017,sme,Sami,105
Uusimaa,2017,sna,Shona,15
Uusimaa,2017,snd,Sindhi,27
Uusimaa,2017,som,Somali,15399
Uusimaa,2017,spa,Spanish,4740
Uusimaa,2017,srp,Serbian,765
Uusimaa,2017,swe,Swedish,131770
Uusimaa,2017,swh,Swahili,954
Uusimaa,2017,tam,Tamil,1369
Uusimaa,2017,tat,Tatar,140
Uusimaa,2017,tel,Telugu,595
Uusimaa,2017,tgk,Tajik,29
Uusimaa,2017,tgl,Tagalog,2369
Uusimaa,2017,tha,Thai,3615
Uusimaa,2017,tir,Tigrinya,348
Uusimaa,2017,tuk,Turkmen,275
Uusimaa,2017,tur,Turkish,4110
Uusimaa,2017,uig,Uighur,185
Uusimaa,2017,ukr,Ukrainian,1127
Uusimaa,2017,urd,Urdu,1875
Uusimaa,2017,uzn,Uzbek,521
Uusimaa,2017,vie,Vietnamese,5596
Uusimaa,2017,wol,Wolof,178
Uusimaa,2017,yor,Yoruba,458
Uusimaa,2017,zlm,Malay,66
Uusimaa,2018,afr,Afrikaans,28
Uusimaa,2018,aka,Akan,736
Uusimaa,2018,als,Albanian,6845
Uusimaa,2018,amh,Amharic,1107
Uusimaa,2018,arb,Arabic,16022
Uusimaa,2018,azj,Azerbaijani,258
Uusimaa,2018,bel,Belarusian,66
Uusimaa,2018,ben,"Bengali, (Bangla)",2656
Uusimaa,2018,bos,Bosnian,591
Uusimaa,2018,bul,Bulgarian,1298
Uusimaa,2018,cat,Catalan,59
Uusimaa,2018,ces,Czech,368
Uusimaa,2018,che,Chechen,475
Uusimaa,2018,ckb,Kurdish,7479
Uusimaa,2018,cmn,Chinese,7901
Uusimaa,2018,dan,Danish,303
Uusimaa,2018,deu,German,3184
Uusimaa,2018,ekk,Estonian,33496
Uusimaa,2018,ell,Greek (modern),802
Uusimaa,2018,eng,English,12874
Uusimaa,2018,eus,Basque,10
Uusimaa,2018,ewe,Ewe,41
Uusimaa,2018,fin,Finnish,1317276
Uusimaa,2018,fra,French,2793
Uusimaa,2018,fuc,"Fula, Fulah, Pulaar, Pular",82
Uusimaa,2018,guj,Gujarati,120
Uusimaa,2018,hae,Oromo,98
Uusimaa,2018,hau,Hausa,154
Uusimaa,2018,heb,Hebrew,244
Uusimaa,2018,hin,Hindi,1818
Uusimaa,2018,hrv,Croatian,160
Uusimaa,2018,hun,Hungarian,1217
Uusimaa,2018,hye,Armenian,142
Uusimaa,2018,ibo,Igbo,553
Uusimaa,2018,ind,Indonesian,347
Uusimaa,2018,isl,Icelandic,70
Uusimaa,2018,ita,Italian,1767
Uusimaa,2018,jpn,Japanese,942
Uusimaa,2018,kan,Kannada,122
Uusimaa,2018,kat,Georgian,124
Uusimaa,2018,kaz,Kazakh,55
Uusimaa,2018,khk,Mongolian,25
Uusimaa,2018,khm,Central Khmer,216
Uusimaa,2018,kik,Kikuyu,190
Uusimaa,2018,kin,Kinyarwanda,343
Uusimaa,2018,kir,Kirghiz,23
Uusimaa,2018,kng,Kongo,114
Uusimaa,2018,kor,Korean,567
Uusimaa,2018,lin,Lingala,741
Uusimaa,2018,lit,Lithuanian,587
Uusimaa,2018,lub,Luba-Katanga,17
Uusimaa,2018,lug,Ganda,54
Uusimaa,2018,lvs,Latvian,635
Uusimaa,2018,mal,Malayalam,300
Uusimaa,2018,mar,Marathi,282
Uusimaa,2018,mkd,Macedonian,186
Uusimaa,2018,mya,Burmese,192
Uusimaa,2018,nld,Dutch,847
Uusimaa,2018,nor,Norwegian,297
Uusimaa,2018,npi,Nepali,2729
Uusimaa,2018,ory,Oriya,53
Uusimaa,2018,pan,Panjabi,793
Uusimaa,2018,pes,"Persian, Farsi",6302
Uusimaa,2018,pol,Polish,1858
Uusimaa,2018,por,Portuguese,1733
Uusimaa,2018,pst,Pushto,625
Uusimaa,2018,ron,Romanian,1911
Uusimaa,2018,rus,Russian,38576
Uusimaa,2018,sin,Sinhala,186
Uusimaa,2018,slk,Slovak,190
Uusimaa,2018,slv,Slovene,81
Uusimaa,2018,sme,Sami,103
Uusimaa,2018,sna,Shona,34
Uusimaa,2018,snd,Sindhi,39
Uusimaa,2018,som,Somali,16385
Uusimaa,2018,spa,Spanish,4916
Uusimaa,2018,srp,Serbian,790
Uusimaa,2018,swe,Swedish,131212
Uusimaa,2018,swh,Swahili,1054
Uusimaa,2018,tam,Tamil,1465
Uusimaa,2018,tat,Tatar,145
Uusimaa,2018,tel,Telugu,666
Uusimaa,2018,tgk,Tajik,29
Uusimaa,2018,tgl,Tagalog,2671
Uusimaa,2018,tha,Thai,3775
Uusimaa,2018,tir,Tigrinya,534
Uusimaa,2018,tuk,Turkmen,303
Uusimaa,2018,tur,Turkish,4354
Uusimaa,2018,uig,Uighur,213
Uusimaa,2018,ukr,Ukrainian,1341
Uusimaa,2018,urd,Urdu,2036
Uusimaa,2018,uzn,Uzbek,685
Uusimaa,2018,vie,Vietnamese,5997
Uusimaa,2018,wol,Wolof,181
Uusimaa,2018,yor,Yoruba,496
Uusimaa,2018,zlm,Malay,77
Uusimaa,2019,afr,Afrikaans,28
Uusimaa,2019,aka,Akan,778
Uusimaa,2019,als,Albanian,7544
Uusimaa,2019,amh,Amharic,1151
Uusimaa,2019,arb,Arabic,17610
Uusimaa,2019,azj,Azerbaijani,282
Uusimaa,2019,bel,Belarusian,74
Uusimaa,2019,ben,"Bengali, (Bangla)",2992
Uusimaa,2019,bos,Bosnian,624
Uusimaa,2019,bul,Bulgarian,1380
Uusimaa,2019,cat,Catalan,71
Uusimaa,2019,ces,Czech,381
Uusimaa,2019,che,Chechen,499
Uusimaa,2019,ckb,Kurdish,7817
Uusimaa,2019,cmn,Chinese,8535
Uusimaa,2019,dan,Danish,297
Uusimaa,2019,deu,German,3333
Uusimaa,2019,ekk,Estonian,33458
Uusimaa,2019,ell,Greek (modern),851
Uusimaa,2019,eng,English,13823
Uusimaa,2019,eus,Basque,10
Uusimaa,2019,ewe,Ewe,54
Uusimaa,2019,fin,Finnish,1321800
Uusimaa,2019,fra,French,2970
Uusimaa,2019,fuc,"Fula, Fulah, Pulaar, Pular",103
Uusimaa,2019,guj,Gujarati,146
Uusimaa,2019,hae,Oromo,109
Uusimaa,2019,hau,Hausa,156
Uusimaa,2019,heb,Hebrew,249
Uusimaa,2019,hin,Hindi,2108
Uusimaa,2019,hrv,Croatian,165
Uusimaa,2019,hun,Hungarian,1250
Uusimaa,2019,hye,Armenian,142
Uusimaa,2019,ibo,Igbo,585
Uusimaa,2019,ind,Indonesian,386
Uusimaa,2019,isl,Icelandic,75
Uusimaa,2019,ita,Italian,1844
Uusimaa,2019,jpn,Japanese,1000
Uusimaa,2019,kan,Kannada,177
Uusimaa,2019,kat,Georgian,134
Uusimaa,2019,kaz,Kazakh,73
Uusimaa,2019,khk,Mongolian,28
Uusimaa,2019,khm,Central Khmer,232
Uusimaa,2019,kik,Kikuyu,190
Uusimaa,2019,kin,Kinyarwanda,412
Uusimaa,2019,kir,Kirghiz,41
Uusimaa,2019,kng,Kongo,117
Uusimaa,2019,kor,Korean,601
Uusimaa,2019,lin,Lingala,764
Uusimaa,2019,lit,Lithuanian,624
Uusimaa,2019,lub,Luba-Katanga,18
Uusimaa,2019,lug,Ganda,70
Uusimaa,2019,lvs,Latvian,738
Uusimaa,2019,mal,Malayalam,360
Uusimaa,2019,mar,Marathi,370
Uusimaa,2019,mkd,Macedonian,201
Uusimaa,2019,mya,Burmese,204
Uusimaa,2019,ndo,Ndonga,11
Uusimaa,2019,nld,Dutch,911
Uusimaa,2019,nor,Norwegian,318
Uusimaa,2019,npi,Nepali,3041
Uusimaa,2019,ory,Oriya,71
Uusimaa,2019,pan,Panjabi,841
Uusimaa,2019,pes,"Persian, Farsi",7230
Uusimaa,2019,pol,Polish,1901
Uusimaa,2019,por,Portuguese,1914
Uusimaa,2019,pst,Pushto,685
Uusimaa,2019,ron,Romanian,2263
Uusimaa,2019,rus,Russian,40218
Uusimaa,2019,sin,Sinhala,206
Uusimaa,2019,slk,Slovak,208
Uusimaa,2019,slv,Slovene,79
Uusimaa,2019,sme,Sami,104
Uusimaa,2019,sna,Shona,37
Uusimaa,2019,snd,Sindhi,48
Uusimaa,2019,som,Somali,17418
Uusimaa,2019,spa,Spanish,5210
Uusimaa,2019,srp,Serbian,828
Uusimaa,2019,swe,Swedish,130829
Uusimaa,2019,swh,Swahili,1156
Uusimaa,2019,tam,Tamil,1628
Uusimaa,2019,tat,Tatar,144
Uusimaa,2019,tel,Telugu,757
Uusimaa,2019,tgk,Tajik,27
Uusimaa,2019,tgl,Tagalog,3195
Uusimaa,2019,tha,Thai,3962
Uusimaa,2019,tir,Tigrinya,687
Uusimaa,2019,tuk,Turkmen,322
Uusimaa,2019,tur,Turkish,4726
Uusimaa,2019,uig,Uighur,229
Uusimaa,2019,ukr,Ukrainian,1604
Uusimaa,2019,urd,Urdu,2283
Uusimaa,2019,uzn,Uzbek,870
Uusimaa,2019,vie,Vietnamese,6406
Uusimaa,2019,wol,Wolof,199
Uusimaa,2019,yor,Yoruba,510
Uusimaa,2019,zlm,Malay,71
Uusimaa,2020,afr,Afrikaans,36
Uusimaa,2020,aka,Akan,805
Uusimaa,2020,als,Albanian,8161
Uusimaa,2020,amh,Amharic,1225
Uusimaa,2020,arb,Arabic,19241
Uusimaa,2020,azj,Azerbaijani,285
Uusimaa,2020,bel,Belarusian,93
Uusimaa,2020,ben,"Bengali, (Bangla)",3289
Uusimaa,2020,bos,Bosnian,641
Uusimaa,2020,bul,Bulgarian,1483
Uusimaa,2020,cat,Catalan,67
Uusimaa,2020,ces,Czech,429
Uusimaa,2020,che,Chechen,520
Uusimaa,2020,ckb,Kurdish,8237
Uusimaa,2020,cmn,Chinese,9015
Uusimaa,2020,dan,Danish,295
Uusimaa,2020,deu,German,3490
Uusimaa,2020,ekk,Estonian,33564
Uusimaa,2020,ell,Greek (modern),927
Uusimaa,2020,eng,English,14667
Uusimaa,2020,eus,Basque,11
Uusimaa,2020,ewe,Ewe,53
Uusimaa,2020,fin,Finnish,1321843
Uusimaa,2020,fra,French,3147
Uusimaa,2020,fuc,"Fula, Fulah, Pulaar, Pular",114
Uusimaa,2020,guj,Gujarati,167
Uusimaa,2020,hae,Oromo,113
Uusimaa,2020,hau,Hausa,166
Uusimaa,2020,heb,Hebrew,262
Uusimaa,2020,hin,Hindi,2265
Uusimaa,2020,hrv,Croatian,176
Uusimaa,2020,hun,Hungarian,1314
Uusimaa,2020,hye,Armenian,149
Uusimaa,2020,ibo,Igbo,623
Uusimaa,2020,ind,Indonesian,414
Uusimaa,2020,isl,Icelandic,73
Uusimaa,2020,ita,Italian,1980
Uusimaa,2020,jpn,Japanese,1036
Uusimaa,2020,kan,Kannada,180
Uusimaa,2020,kas,Kashmiri,21
Uusimaa,2020,kat,Georgian,141
Uusimaa,2020,kaz,Kazakh,87
Uusimaa,2020,khk,Mongolian,33
Uusimaa,2020,khm,Central Khmer,240
Uusimaa,2020,kik,Kikuyu,185
Uusimaa,2020,kin,Kinyarwanda,487
Uusimaa,2020,kir,Kirghiz,51
Uusimaa,2020,kng,Kongo,115
Uusimaa,2020,kor,Korean,655
Uusimaa,2020,lin,Lingala,769
Uusimaa,2020,lit,Lithuanian,656
Uusimaa,2020,lub,Luba-Katanga,24
Uusimaa,2020,lug,Ganda,88
Uusimaa,2020,lvs,Latvian,885
Uusimaa,2020,mal,Malayalam,388
Uusimaa,2020,mar,Marathi,426
Uusimaa,2020,mkd,Macedonian,214
Uusimaa,2020,mlt,Maltese,10
Uusimaa,2020,mya,Burmese,205
Uusimaa,2020,ndo,Ndonga,12
Uusimaa,2020,nld,Dutch,962
Uusimaa,2020,nor,Norwegian,323
Uusimaa,2020,npi,Nepali,3329
Uusimaa,2020,ory,Oriya,69
Uusimaa,2020,pan,Panjabi,886
Uusimaa,2020,pes,"Persian, Farsi",7982
Uusimaa,2020,pol,Polish,1938
Uusimaa,2020,por,Portuguese,2094
Uusimaa,2020,pst,Pushto,777
Uusimaa,2020,ron,Romanian,2545
Uusimaa,2020,run,Rundi,17
Uusimaa,2020,rus,Russian,41777
Uusimaa,2020,sin,Sinhala,215
Uusimaa,2020,slk,Slovak,223
Uusimaa,2020,slv,Slovene,84
Uusimaa,2020,sme,Sami,99
Uusimaa,2020,sna,Shona,50
Uusimaa,2020,snd,Sindhi,51
Uusimaa,2020,som,Somali,18201
Uusimaa,2020,spa,Spanish,5527
Uusimaa,2020,srp,Serbian,859
Uusimaa,2020,swe,Swedish,130539
Uusimaa,2020,swh,Swahili,1250
Uusimaa,2020,tam,Tamil,1709
Uusimaa,2020,tat,Tatar,144
Uusimaa,2020,tel,Telugu,821
Uusimaa,2020,tgk,Tajik,26
Uusimaa,2020,tgl,Tagalog,3616
Uusimaa,2020,tha,Thai,4108
Uusimaa,2020,tir,Tigrinya,820
Uusimaa,2020,tuk,Turkmen,348
Uusimaa,2020,tur,Turkish,5100
Uusimaa,2020,uig,Uighur,278
Uusimaa,2020,ukr,Ukrainian,1842
Uusimaa,2020,urd,Urdu,2517
Uusimaa,2020,uzn,Uzbek,921
Uusimaa,2020,vie,Vietnamese,6672
Uusimaa,2020,wol,Wolof,209
Uusimaa,2020,yor,Yoruba,534
Uusimaa,2020,zlm,Malay,74
Uusimaa,2021,aar,Afar,12
Uusimaa,2021,afr,Afrikaans,36
Uusimaa,2021,aka,Akan,827
Uusimaa,2021,als,Albanian,9029
Uusimaa,2021,amh,Amharic,1264
Uusimaa,2021,arb,Arabic,20934
Uusimaa,2021,azj,Azerbaijani,307
Uusimaa,2021,bel,Belarusian,101
Uusimaa,2021,ben,"Bengali, (Bangla)",3507
Uusimaa,2021,bos,Bosnian,649
Uusimaa,2021,bul,Bulgarian,1562
Uusimaa,2021,cat,Catalan,70
Uusimaa,2021,ces,Czech,420
Uusimaa,2021,che,Chechen,560
Uusimaa,2021,ckb,Kurdish,8559
Uusimaa,2021,cmn,Chinese,9627
Uusimaa,2021,dan,Danish,298
Uusimaa,2021,deu,German,3698
Uusimaa,2021,ekk,Estonian,34202
Uusimaa,2021,ell,Greek (modern),999
Uusimaa,2021,eng,English,15893
Uusimaa,2021,eus,Basque,11
Uusimaa,2021,ewe,Ewe,44
Uusimaa,2021,fin,Finnish,1318960
Uusimaa,2021,fra,French,3380
Uusimaa,2021,fuc,"Fula, Fulah, Pulaar, Pular",118
Uusimaa,2021,guj,Gujarati,195
Uusimaa,2021,hae,Oromo,130
Uusimaa,2021,hau,Hausa,169
Uusimaa,2021,heb,Hebrew,255
Uusimaa,2021,hin,Hindi,2440
Uusimaa,2021,hrv,Croatian,187
Uusimaa,2021,hun,Hungarian,1397
Uusimaa,2021,hye,Armenian,159
Uusimaa,2021,ibo,Igbo,677
Uusimaa,2021,ind,Indonesian,428
Uusimaa,2021,isl,Icelandic,87
Uusimaa,2021,ita,Italian,2127
Uusimaa,2021,jpn,Japanese,1048
Uusimaa,2021,kan,Kannada,201
Uusimaa,2021,kas,Kashmiri,21
Uusimaa,2021,kat,Georgian,154
Uusimaa,2021,kaz,Kazakh,101
Uusimaa,2021,khk,Mongolian,36
Uusimaa,2021,khm,Central Khmer,243
Uusimaa,2021,kik,Kikuyu,210
Uusimaa,2021,kin,Kinyarwanda,570
Uusimaa,2021,kir,Kirghiz,68
Uusimaa,2021,kng,Kongo,114
Uusimaa,2021,kor,Korean,696
Uusimaa,2021,lin,Lingala,763
Uusimaa,2021,lit,Lithuanian,693
Uusimaa,2021,lub,Luba-Katanga,24
Uusimaa,2021,lug,Ganda,94
Uusimaa,2021,lvs,Latvian,1116
Uusimaa,2021,mal,Malayalam,424
Uusimaa,2021,mar,Marathi,455
Uusimaa,2021,mkd,Macedonian,239
Uusimaa,2021,mlt,Maltese,11
Uusimaa,2021,mya,Burmese,203
Uusimaa,2021,ndo,Ndonga,13
Uusimaa,2021,nld,Dutch,1054
Uusimaa,2021,nor,Norwegian,346
Uusimaa,2021,npi,Nepali,3596
Uusimaa,2021,ory,Oriya,72
Uusimaa,2021,pan,Panjabi,935
Uusimaa,2021,pes,"Persian, Farsi",8778
Uusimaa,2021,pol,Polish,2015
Uusimaa,2021,por,Portuguese,2230
Uusimaa,2021,pst,Pushto,871
Uusimaa,2021,ron,Romanian,2895
Uusimaa,2021,run,Rundi,18
Uusimaa,2021,rus,Russian,43561
Uusimaa,2021,sin,Sinhala,249
Uusimaa,2021,slk,Slovak,235
Uusimaa,2021,slv,Slovene,105
Uusimaa,2021,sme,Sami,105
Uusimaa,2021,sna,Shona,48
Uusimaa,2021,snd,Sindhi,56
Uusimaa,2021,som,Somali,19057
Uusimaa,2021,spa,Spanish,5951
Uusimaa,2021,srp,Serbian,879
Uusimaa,2021,swe,Swedish,130308
Uusimaa,2021,swh,Swahili,1327
Uusimaa,2021,tam,Tamil,1879
Uusimaa,2021,tat,Tatar,142
Uusimaa,2021,tel,Telugu,887
Uusimaa,2021,tgk,Tajik,36
Uusimaa,2021,tgl,Tagalog,3975
Uusimaa,2021,tha,Thai,4217
Uusimaa,2021,tir,Tigrinya,943
Uusimaa,2021,tuk,Turkmen,354
Uusimaa,2021,tur,Turkish,5350
Uusimaa,2021,uig,Uighur,280
Uusimaa,2021,ukr,Ukrainian,2249
Uusimaa,2021,urd,Urdu,2735
Uusimaa,2021,uzn,Uzbek,1034
Uusimaa,2021,vie,Vietnamese,7154
Uusimaa,2021,wol,Wolof,215
Uusimaa,2021,yor,Yoruba,553
Uusimaa,2021,zlm,Malay,68
Uusimaa,2022,aar,Afar,14
Uusimaa,2022,afr,Afrikaans,42
Uusimaa,2022,aka,Akan,873
Uusimaa,2022,als,Albanian,10338
Uusimaa,2022,amh,Amharic,1343
Uusimaa,2022,arb,Arabic,22727
Uusimaa,2022,asm,Assamese,11
Uusimaa,2022,ava,Avaric,11
Uusimaa,2022,azj,Azerbaijani,342
Uusimaa,2022,bam,Bambara,10
Uusimaa,2022,bel,Belarusian,125
Uusimaa,2022,ben,"Bengali, (Bangla)",4170
Uusimaa,2022,bos,Bosnian,668
Uusimaa,2022,bul,Bulgarian,1738
Uusimaa,2022,cat,Catalan,91
Uusimaa,2022,ces,Czech,439
Uusimaa,2022,che,Chechen,614
Uusimaa,2022,ckb,Kurdish,8970
Uusimaa,2022,cmn,Chinese,10153
Uusimaa,2022,dan,Danish,305
Uusimaa,2022,deu,German,3886
Uusimaa,2022,ekk,Estonian,34263
Uusimaa,2022,ell,Greek (modern),1079
Uusimaa,2022,eng,English,18048
Uusimaa,2022,ewe,Ewe,47
Uusimaa,2022,fin,Finnish,1315446
Uusimaa,2022,fra,French,3552
Uusimaa,2022,fuc,"Fula, Fulah, Pulaar, Pular",133
Uusimaa,2022,guj,Gujarati,278
Uusimaa,2022,hae,Oromo,146
Uusimaa,2022,hau,Hausa,182
Uusimaa,2022,heb,Hebrew,258
Uusimaa,2022,hin,Hindi,2796
Uusimaa,2022,hrv,Croatian,197
Uusimaa,2022,hun,Hungarian,1474
Uusimaa,2022,hye,Armenian,163
Uusimaa,2022,ibo,Igbo,745
Uusimaa,2022,ind,Indonesian,467
Uusimaa,2022,isl,Icelandic,80
Uusimaa,2022,ita,Italian,2217
Uusimaa,2022,jpn,Japanese,1101
Uusimaa,2022,kan,Kannada,250
Uusimaa,2022,kas,Kashmiri,24
Uusimaa,2022,kat,Georgian,192
Uusimaa,2022,kaz,Kazakh,127
Uusimaa,2022,khk,Mongolian,48
Uusimaa,2022,khm,Central Khmer,239
Uusimaa,2022,kik,Kikuyu,215
Uusimaa,2022,kin,Kinyarwanda,623
Uusimaa,2022,kir,Kirghiz,202
Uusimaa,2022,kng,Kongo,110
Uusimaa,2022,kor,Korean,702
Uusimaa,2022,lin,Lingala,788
Uusimaa,2022,lit,Lithuanian,735
Uusimaa,2022,lub,Luba-Katanga,15
Uusimaa,2022,lug,Ganda,105
Uusimaa,2022,lvs,Latvian,1340
Uusimaa,2022,mal,Malayalam,512
Uusimaa,2022,mar,Marathi,526
Uusimaa,2022,mkd,Macedonian,260
Uusimaa,2022,mlt,Maltese,13
Uusimaa,2022,mya,Burmese,219
Uusimaa,2022,ndo,Ndonga,13
Uusimaa,2022,nld,Dutch,1115
Uusimaa,2022,nor,Norwegian,357
Uusimaa,2022,npi,Nepali,4142
Uusimaa,2022,nya,"Chichewa, Chewa, Nyanja",11
Uusimaa,2022,ory,Oriya,87
Uusimaa,2022,pan,Panjabi,1013
Uusimaa,2022,pes,"Persian, Farsi",9918
Uusimaa,2022,pol,Polish,2099
Uusimaa,2022,por,Portuguese,2366
Uusimaa,2022,pst,Pushto,1013
Uusimaa,2022,ron,Romanian,3334
Uusimaa,2022,run,Rundi,17
Uusimaa,2022,rus,Russian,47121
Uusimaa,2022,sin,Sinhala,520
Uusimaa,2022,slk,Slovak,262
Uusimaa,2022,slv,Slovene,106
Uusimaa,2022,sme,Sami,104
Uusimaa,2022,sna,Shona,52
Uusimaa,2022,snd,Sindhi,74
Uusimaa,2022,som,Somali,19999
Uusimaa,2022,spa,Spanish,6378
Uusimaa,2022,srp,Serbian,895
Uusimaa,2022,swe,Swedish,129648
Uusimaa,2022,swh,Swahili,1462
Uusimaa,2022,tam,Tamil,2134
Uusimaa,2022,tat,Tatar,156
Uusimaa,2022,tel,Telugu,1031
Uusimaa,2022,tgk,Tajik,91
Uusimaa,2022,tgl,Tagalog,5166
Uusimaa,2022,tha,Thai,4371
Uusimaa,2022,tir,Tigrinya,1101
Uusimaa,2022,tuk,Turkmen,384
Uusimaa,2022,tur,Turkish,5825
Uusimaa,2022,uig,Uighur,309
Uusimaa,2022,ukr,Ukrainian,2702
Uusimaa,2022,urd,Urdu,3152
Uusimaa,2022,uzn,Uzbek,1640
Uusimaa,2022,vie,Vietnamese,7583
Uusimaa,2022,wol,Wolof,222
Uusimaa,2022,yor,Yoruba,622
Uusimaa,2022,zlm,Malay,76
Uusimaa,2023,aar,Afar,14
Uusimaa,2023,afr,Afrikaans,49
Uusimaa,2023,aka,Akan,937
Uusimaa,2023,als,Albanian,11927
Uusimaa,2023,amh,Amharic,1482
Uusimaa,2023,arb,Arabic,24402
Uusimaa,2023,asm,Assamese,10
Uusimaa,2023,ava,Avaric,11
Uusimaa,2023,azj,Azerbaijani,373
Uusimaa,2023,bel,Belarusian,157
Uusimaa,2023,ben,"Bengali, (Bangla)",5389
Uusimaa,2023,bos,Bosnian,666
Uusimaa,2023,bul,Bulgarian,1809
Uusimaa,2023,cat,Catalan,98
Uusimaa,2023,ces,Czech,450
Uusimaa,2023,che,Chechen,667
Uusimaa,2023,ckb,Kurdish,9464
Uusimaa,2023,cmn,Chinese,11066
Uusimaa,2023,dan,Danish,320
Uusimaa,2023,deu,German,3990
Uusimaa,2023,ekk,Estonian,34169
Uusimaa,2023,ell,Greek (modern),1141
Uusimaa,2023,eng,English,20330
Uusimaa,2023,eus,Basque,10
Uusimaa,2023,ewe,Ewe,51
Uusimaa,2023,fin,Finnish,1314115
Uusimaa,2023,fra,French,3750
Uusimaa,2023,fuc,"Fula, Fulah, Pulaar, Pular",147
Uusimaa,2023,guj,Gujarati,461
Uusimaa,2023,hae,Oromo,159
Uusimaa,2023,hau,Hausa,196
Uusimaa,2023,heb,Hebrew,278
Uusimaa,2023,hin,Hindi,3138
Uusimaa,2023,hrv,Croatian,211
Uusimaa,2023,hun,Hungarian,1541
Uusimaa,2023,hye,Armenian,170
Uusimaa,2023,ibo,Igbo,857
Uusimaa,2023,ind,Indonesian,507
Uusimaa,2023,isl,Icelandic,80
Uusimaa,2023,ita,Italian,2326
Uusimaa,2023,jpn,Japanese,1147
Uusimaa,2023,kan,Kannada,310
Uusimaa,2023,kas,Kashmiri,29
Uusimaa,2023,kat,Georgian,220
Uusimaa,2023,kaz,Kazakh,145
Uusimaa,2023,khk,Mongolian,52
Uusimaa,2023,khm,Central Khmer,247
Uusimaa,2023,kik,Kikuyu,231
Uusimaa,2023,kin,Kinyarwanda,730
Uusimaa,2023,kir,Kirghiz,456
Uusimaa,2023,kng,Kongo,113
Uusimaa,2023,kor,Korean,736
Uusimaa,2023,lao,Lao,10
Uusimaa,2023,lin,Lingala,816
Uusimaa,2023,lit,Lithuanian,796
Uusimaa,2023,lub,Luba-Katanga,15
Uusimaa,2023,lug,Ganda,111
Uusimaa,2023,lvs,Latvian,1465
Uusimaa,2023,mal,Malayalam,628
Uusimaa,2023,mar,Marathi,589
Uusimaa,2023,mkd,Macedonian,280
Uusimaa,2023,mlt,Maltese,14
Uusimaa,2023,mya,Burmese,296
Uusimaa,2023,ndo,Ndonga,22
Uusimaa,2023,nld,Dutch,1172
Uusimaa,2023,nor,Norwegian,370
Uusimaa,2023,npi,Nepali,4998
Uusimaa,2023,nya,"Chichewa, Chewa, Nyanja",10
Uusimaa,2023,ory,Oriya,99
Uusimaa,2023,pan,Panjabi,1163
Uusimaa,2023,pes,"Persian, Farsi",11147
Uusimaa,2023,pol,Polish,2180
Uusimaa,2023,por,Portuguese,2545
Uusimaa,2023,pst,Pushto,1138
Uusimaa,2023,ron,Romanian,3607
Uusimaa,2023,run,Rundi,19
Uusimaa,2023,rus,Russian,49775
Uusimaa,2023,sin,Sinhala,1430
Uusimaa,2023,slk,Slovak,284
Uusimaa,2023,slv,Slovene,112
Uusimaa,2023,sme,Sami,120
Uusimaa,2023,sna,Shona,60
Uusimaa,2023,snd,Sindhi,86
Uusimaa,2023,som,Somali,20939
Uusimaa,2023,spa,Spanish,6768
Uusimaa,2023,srp,Serbian,909
Uusimaa,2023,swe,Swedish,128920
Uusimaa,2023,swh,Swahili,1553
Uusimaa,2023,tam,Tamil,2338
Uusimaa,2023,tat,Tatar,158
Uusimaa,2023,tel,Telugu,1114
Uusimaa,2023,tgk,Tajik,134
Uusimaa,2023,tgl,Tagalog,6468
Uusimaa,2023,tha,Thai,4544
Uusimaa,2023,tir,Tigrinya,1246
Uusimaa,2023,tuk,Turkmen,407
Uusimaa,2023,tur,Turkish,6336
Uusimaa,2023,uig,Uighur,337
Uusimaa,2023,ukr,Ukrainian,7333
Uusimaa,2023,urd,Urdu,3772
Uusimaa,2023,uzn,Uzbek,2049
Uusimaa,2023,vie,Vietnamese,8271
Uusimaa,2023,wol,Wolof,239
Uusimaa,2023,yor,Yoruba,744
Uusimaa,2023,zlm,Malay,96
Uusimaa,2024,aar,Afar,15
Uusimaa,2024,afr,Afrikaans,56
Uusimaa,2024,aka,Akan,999
Uusimaa,2024,als,Albanian,12807
Uusimaa,2024,amh,Amharic,1587
Uusimaa,2024,arb,Arabic,25948
Uusimaa,2024,asm,Assamese,12
Uusimaa,2024,ava,Avaric,10
Uusimaa,2024,azj,Azerbaijani,391
Uusimaa,2024,bam,Bambara,12
Uusimaa,2024,bel,Belarusian,178
Uusimaa,2024,ben,"Bengali, (Bangla)",6740
Uusimaa,2024,bos,Bosnian,665
Uusimaa,2024,bul,Bulgarian,1814
Uusimaa,2024,cat,Catalan,104
Uusimaa,2024,ces,Czech,493
Uusimaa,2024,che,Chechen,707
Uusimaa,2024,ckb,Kurdish,9920
Uusimaa,2024,cmn,Chinese,12035
Uusimaa,2024,dan,Danish,344
Uusimaa,2024,deu,German,4068
Uusimaa,2024,ekk,Estonian,33722
Uusimaa,2024,ell,Greek (modern),1187
Uusimaa,2024,eng,English,22050
Uusimaa,2024,eus,Basque,11
Uusimaa,2024,ewe,Ewe,65
Uusimaa,2024,fin,Finnish,1314227
Uusimaa,2024,fra,French,3878
Uusimaa,2024,fuc,"Fula, Fulah, Pulaar, Pular",161
Uusimaa,2024,guj,Gujarati,572
Uusimaa,2024,hae,Oromo,166
Uusimaa,2024,hau,Hausa,213
Uusimaa,2024,heb,Hebrew,298
Uusimaa,2024,hin,Hindi,3468
Uusimaa,2024,hrv,Croatian,204
Uusimaa,2024,hun,Hungarian,1595
Uusimaa,2024,hye,Armenian,175
Uusimaa,2024,ibo,Igbo,932
Uusimaa,2024,ido,Ido,10
Uusimaa,2024,ind,Indonesian,537
Uusimaa,2024,isl,Icelandic,91
Uusimaa,2024,ita,Italian,2421
Uusimaa,2024,jpn,Japanese,1224
Uusimaa,2024,kan,Kannada,335
Uusimaa,2024,kas,Kashmiri,30
Uusimaa,2024,kat,Georgian,248
Uusimaa,2024,kaz,Kazakh,165
Uusimaa,2024,khk,Mongolian,55
Uusimaa,2024,khm,Central Khmer,252
Uusimaa,2024,kik,Kikuyu,237
Uusimaa,2024,kin,Kinyarwanda,835
Uusimaa,2024,kir,Kirghiz,527
Uusimaa,2024,kng,Kongo,116
Uusimaa,2024,kor,Korean,730
Uusimaa,2024,lao,Lao,10
Uusimaa,2024,lin,Lingala,857
Uusimaa,2024,lit,Lithuanian,822
Uusimaa,2024,lub,Luba-Katanga,24
Uusimaa,2024,lug,Ganda,132
Uusimaa,2024,lvs,Latvian,1502
Uusimaa,2024,mal,Malayalam,745
Uusimaa,2024,mar,Marathi,646
Uusimaa,2024,mkd,Macedonian,282
Uusimaa,2024,mlt,Maltese,13
Uusimaa,2024,mya,Burmese,442
Uusimaa,2024,ndo,Ndonga,22
Uusimaa,2024,nld,Dutch,1185
Uusimaa,2024,nor,Norwegian,372
Uusimaa,2024,npi,Nepali,6491
Uusimaa,2024,nya,"Chichewa, Chewa, Nyanja",11
Uusimaa,2024,ory,Oriya,101
Uusimaa,2024,pan,Panjabi,1399
Uusimaa,2024,pes,"Persian, Farsi",12309
Uusimaa,2024,pol,Polish,2189
Uusimaa,2024,por,Portuguese,2655
Uusimaa,2024,pst,Pushto,1211
Uusimaa,2024,ron,Romanian,3744
Uusimaa,2024,run,Rundi,44
Uusimaa,2024,rus,Russian,51044
Uusimaa,2024,sin,Sinhala,2398
Uusimaa,2024,slk,Slovak,302
Uusimaa,2024,slv,Slovene,115
Uusimaa,2024,sme,Sami,108
Uusimaa,2024,sna,Shona,65
Uusimaa,2024,snd,Sindhi,101
Uusimaa,2024,som,Somali,21970
Uusimaa,2024,spa,Spanish,7038
Uusimaa,2024,srp,Serbian,909
Uusimaa,2024,swe,Swedish,128452
Uusimaa,2024,swh,Swahili,1673
Uusimaa,2024,tam,Tamil,2554
Uusimaa,2024,tat,Tatar,164
Uusimaa,2024,tel,Telugu,1172
Uusimaa,2024,tgk,Tajik,151
Uusimaa,2024,tgl,Tagalog,7284
Uusimaa,2024,tha,Thai,4662
Uusimaa,2024,tir,Tigrinya,1402
Uusimaa,2024,tuk,Turkmen,435
Uusimaa,2024,tur,Turkish,6936
Uusimaa,2024,uig,Uighur,365
Uusimaa,2024,ukr,Ukrainian,10421
Uusimaa,2024,urd,Urdu,4552
Uusimaa,2024,uzn,Uzbek,2165
Uusimaa,2024,vie,Vietnamese,8843
Uusimaa,2024,wol,Wolof,255
Uusimaa,2024,yor,Yoruba,856
Uusimaa,2024,zlm,Malay,103
Uusimaa,2025,aar,Afar,24
Uusimaa,2025,afr,Afrikaans,60
Uusimaa,2025,aka,Akan,1031
Uusimaa,2025,als,Albanian,13186
Uusimaa,2025,amh,Amharic,1670
Uusimaa,2025,arb,Arabic,27189
Uusimaa,2025,asm,Assamese,26
Uusimaa,2025,ava,Avaric,14
Uusimaa,2025,azj,Azerbaijani,399
Uusimaa,2025,bam,Bambara,18
Uusimaa,2025,bel,Belarusian,202
Uusimaa,2025,ben,"Bengali, (Bangla)",8002
Uusimaa,2025,bos,Bosnian,667
Uusimaa,2025,bul,Bulgarian,1797
Uusimaa,2025,cat,Catalan,108
Uusimaa,2025,ces,Czech,483
Uusimaa,2025,che,Chechen,799
Uusimaa,2025,ckb,Kurdish,10294
Uusimaa,2025,cmn,Chinese,12646
Uusimaa,2025,dan,Danish,336
Uusimaa,2025,deu,German,4136
Uusimaa,2025,ekk,Estonian,32920
Uusimaa,2025,ell,Greek (modern),1207
Uusimaa,2025,eng,English,23221
Uusimaa,2025,ewe,Ewe,69
Uusimaa,2025,fin,Finnish,1314851
Uusimaa,2025,fra,French,3973
Uusimaa,2025,fuc,"Fula, Fulah, Pulaar, Pular",179
Uusimaa,2025,guj,Gujarati,694
Uusimaa,2025,hae,Oromo,192
Uusimaa,2025,hau,Hausa,225
Uusimaa,2025,heb,Hebrew,324
Uusimaa,2025,hin,Hindi,3694
Uusimaa,2025,hrv,Croatian,207
Uusimaa,2025,hun,Hungarian,1596
Uusimaa,2025,hye,Armenian,183
Uusimaa,2025,ibo,Igbo,992
Uusimaa,2025,ind,Indonesian,583
Uusimaa,2025,isl,Icelandic,88
Uusimaa,2025,ita,Italian,2507
Uusimaa,2025,jpn,Japanese,1248
Uusimaa,2025,kan,Kannada,358
Uusimaa,2025,kas,Kashmiri,28
Uusimaa,2025,kat,Georgian,275
Uusimaa,2025,kaz,Kazakh,164
Uusimaa,2025,khk,Mongolian,68
Uusimaa,2025,khm,Central Khmer,265
Uusimaa,2025,kik,Kikuyu,235
Uusimaa,2025,kin,Kinyarwanda,933
Uusimaa,2025,kir,Kirghiz,553
Uusimaa,2025,kng,Kongo,104
Uusimaa,2025,kor,Korean,773
Uusimaa,2025,lin,Lingala,871
Uusimaa,2025,lit,Lithuanian,801
Uusimaa,2025,lub,Luba-Katanga,24
Uusimaa,2025,lug,Ganda,152
Uusimaa,2025,lvs,Latvian,1496
Uusimaa,2025,mal,Malayalam,865
Uusimaa,2025,mar,Marathi,670
Uusimaa,2025,mkd,Macedonian,275
Uusimaa,2025,mlt,Maltese,12
Uusimaa,2025,mya,Burmese,624
Uusimaa,2025,ndo,Ndonga,20
Uusimaa,2025,nld,Dutch,1225
Uusimaa,2025,nor,Norwegian,357
Uusimaa,2025,npi,Nepali,7877
Uusimaa,2025,nya,"Chichewa, Chewa, Nyanja",14
Uusimaa,2025,ory,Oriya,104
Uusimaa,2025,pan,Panjabi,1544
Uusimaa,2025,pes,"Persian, Farsi",13330
Uusimaa,2025,pol,Polish,2164
Uusimaa,2025,por,Portuguese,2733
Uusimaa,2025,pst,Pushto,1300
Uusimaa,2025,ron,Romanian,3695
Uusimaa,2025,run,Rundi,50
Uusimaa,2025,rus,Russian,51450
Uusimaa,2025,sin,Sinhala,3164
Uusimaa,2025,slk,Slovak,313
Uusimaa,2025,slv,Slovene,116
Uusimaa,2025,sme,Sami,118
Uusimaa,2025,sna,Shona,66
Uusimaa,2025,snd,Sindhi,127
Uusimaa,2025,som,Somali,23084
Uusimaa,2025,spa,Spanish,7127
Uusimaa,2025,srp,Serbian,894
Uusimaa,2025,swe,Swedish,128091
Uusimaa,2025,swh,Swahili,1758
Uusimaa,2025,tam,Tamil,2769
Uusimaa,2025,tat,Tatar,162
Uusimaa,2025,tel,Telugu,1224
Uusimaa,2025,tgk,Tajik,154
Uusimaa,2025,tgl,Tagalog,7564
Uusimaa,2025,tha,Thai,4709
Uusimaa,2025,tir,Tigrinya,1497
Uusimaa,2025,tuk,Turkmen,441
Uusimaa,2025,tur,Turkish,7337
Uusimaa,2025,uig,Uighur,403
Uusimaa,2025,ukr,Ukrainian,12651
Uusimaa,2025,urd,Urdu,5289
Uusimaa,2025,uzn,Uzbek,2202
Uusimaa,2025,vie,Vietnamese,9421
Uusimaa,2025,wol,Wolof,265
Uusimaa,2025,yor,Yoruba,925
Uusimaa,2025,zlm,Malay,110
Åland,1990,deu,German,10
Åland,1990,eng,English,29
Åland,1990,fin,Finnish,1103
Åland,1990,nor,Norwegian,28
Åland,1990,pes,"Persian, Farsi",21
Åland,1990,swe,Swedish,23243
Åland,1991,deu,German,10
Åland,1991,eng,English,29
Åland,1991,fin,Finnish,1139
Åland,1991,nor,Norwegian,25
Åland,1991,pes,"Persian, Farsi",21
Åland,1991,swe,Swedish,23453
Åland,1992,deu,German,12
Åland,1992,eng,English,31
Åland,1992,fin,Finnish,1126
Åland,1992,nor,Norwegian,20
Åland,1992,pes,"Persian, Farsi",35
Åland,1992,swe,Swedish,23562
Åland,1993,deu,German,15
Åland,1993,eng,English,35
Åland,1993,fin,Finnish,1148
Åland,1993,nor,Norwegian,18
Åland,1993,pes,"Persian, Farsi",30
Åland,1993,swe,Swedish,23658
Åland,1994,deu,German,15
Åland,1994,eng,English,25
Åland,1994,fin,Finnish,1184
Åland,1994,nor,Norwegian,17
Åland,1994,pes,"Persian, Farsi",30
Åland,1994,rus,Russian,11
Åland,1994,swe,Swedish,23683
Åland,1995,deu,German,15
Åland,1995,eng,English,36
Åland,1995,fin,Finnish,1179
Åland,1995,isl,Icelandic,13
Åland,1995,nor,Norwegian,19
Åland,1995,pes,"Persian, Farsi",30
Åland,1995,rus,Russian,11
Åland,1995,swe,Swedish,23732
Åland,1996,arb,Arabic,10
Åland,1996,deu,German,15
Åland,1996,eng,English,25
Åland,1996,fin,Finnish,1203
Åland,1996,nor,Norwegian,19
Åland,1996,pes,"Persian, Farsi",29
Åland,1996,rus,Russian,13
Åland,1996,swe,Swedish,23760
Åland,1997,arb,Arabic,14
Åland,1997,ckb,Kurdish,32
Åland,1997,deu,German,12
Åland,1997,eng,English,35
Åland,1997,fin,Finnish,1200
Åland,1997,nor,Norwegian,17
Åland,1997,pes,"Persian, Farsi",28
Åland,1997,rus,Russian,13
Åland,1997,swe,Swedish,23864
Åland,1998,arb,Arabic,12
Åland,1998,ckb,Kurdish,34
Åland,1998,deu,German,11
Åland,1998,eng,English,33
Åland,1998,fin,Finnish,1210
Åland,1998,nor,Norwegian,16
Åland,1998,pes,"Persian, Farsi",27
Åland,1998,rus,Russian,17
Åland,1998,swe,Swedish,24068
Åland,1999,arb,Arabic,14
Åland,1999,ckb,Kurdish,34
Åland,1999,deu,German,13
Åland,1999,eng,English,36
Åland,1999,fin,Finnish,1227
Åland,1999,nor,Norwegian,16
Åland,1999,pes,"Persian, Farsi",26
Åland,1999,pol,Polish,10
Åland,1999,rus,Russian,17
Åland,1999,spa,Spanish,10
Åland,1999,swe,Swedish,24104
Åland,2000,arb,Arabic,14
Åland,2000,ckb,Kurdish,18
Åland,2000,deu,German,14
Åland,2000,ekk,Estonian,17
Åland,2000,eng,English,38
Åland,2000,fin,Finnish,1232
Åland,2000,nor,Norwegian,16
Åland,2000,pes,"Persian, Farsi",27
Åland,2000,rus,Russian,19
Åland,2000,spa,Spanish,12
Åland,2000,swe,Swedish,24169
Åland,2001,arb,Arabic,10
Åland,2001,ckb,Kurdish,20
Åland,2001,deu,German,13
Åland,2001,ekk,Estonian,20
Åland,2001,eng,English,38
Åland,2001,fin,Finnish,1264
Åland,2001,nor,Norwegian,16
Åland,2001,pes,"Persian, Farsi",28
Åland,2001,pol,Polish,11
Åland,2001,rus,Russian,19
Åland,2001,spa,Spanish,13
Åland,2001,swe,Swedish,24322
Åland,2002,arb,Arabic,12
Åland,2002,ckb,Kurdish,36
Åland,2002,deu,German,13
Åland,2002,ekk,Estonian,31
Åland,2002,eng,English,41
Åland,2002,fin,Finnish,1293
Åland,2002,hun,Hungarian,10
Åland,2002,nor,Norwegian,15
Åland,2002,pes,"Persian, Farsi",24
Åland,2002,pol,Polish,11
Åland,2002,rus,Russian,34
Åland,2002,spa,Spanish,12
Åland,2002,swe,Swedish,24461
Åland,2002,tha,Thai,12
Åland,2003,als,Albanian,10
Åland,2003,arb,Arabic,12
Åland,2003,ckb,Kurdish,43
Åland,2003,deu,German,13
Åland,2003,ekk,Estonian,44
Åland,2003,eng,English,41
Åland,2003,fin,Finnish,1290
Åland,2003,nor,Norwegian,14
Åland,2003,pes,"Persian, Farsi",25
Åland,2003,pol,Polish,15
Åland,2003,rus,Russian,37
Åland,2003,spa,Spanish,12
Åland,2003,swe,Swedish,24484
Åland,2003,tha,Thai,16
Åland,2003,vie,Vietnamese,11
Åland,2004,arb,Arabic,15
Åland,2004,ckb,Kurdish,49
Åland,2004,deu,German,20
Åland,2004,ekk,Estonian,48
Åland,2004,eng,English,41
Åland,2004,fin,Finnish,1337
Åland,2004,lvs,Latvian,15
Åland,2004,nor,Norwegian,14
Åland,2004,pes,"Persian, Farsi",34
Åland,2004,pol,Polish,18
Åland,2004,rus,Russian,46
Åland,2004,spa,Spanish,11
Åland,2004,swe,Swedish,24515
Åland,2004,tgl,Tagalog,10
Åland,2004,tha,Thai,18
Åland,2004,vie,Vietnamese,11
Åland,2005,arb,Arabic,12
Åland,2005,ckb,Kurdish,47
Åland,2005,deu,German,24
Åland,2005,ekk,Estonian,58
Åland,2005,eng,English,53
Åland,2005,fin,Finnish,1346
Åland,2005,lit,Lithuanian,11
Åland,2005,lvs,Latvian,39
Åland,2005,nor,Norwegian,16
Åland,2005,pes,"Persian, Farsi",32
Åland,2005,pol,Polish,19
Åland,2005,ron,Romanian,16
Åland,2005,rus,Russian,52
Åland,2005,spa,Spanish,14
Åland,2005,srp,Serbian,22
Åland,2005,swe,Swedish,24632
Åland,2005,tgl,Tagalog,13
Åland,2005,tha,Thai,23
Åland,2005,vie,Vietnamese,12
Åland,2006,als,Albanian,12
Åland,2006,arb,Arabic,12
Åland,2006,ckb,Kurdish,48
Åland,2006,deu,German,27
Åland,2006,ekk,Estonian,75
Åland,2006,eng,English,40
Åland,2006,fin,Finnish,1346
Åland,2006,lit,Lithuanian,10
Åland,2006,lvs,Latvian,38
Åland,2006,nor,Norwegian,19
Åland,2006,pes,"Persian, Farsi",31
Åland,2006,pol,Polish,25
Åland,2006,ron,Romanian,32
Åland,2006,rus,Russian,56
Åland,2006,spa,Spanish,16
Åland,2006,srp,Serbian,25
Åland,2006,swe,Swedish,24680
Åland,2006,tgl,Tagalog,13
Åland,2006,tha,Thai,21
Åland,2006,vie,Vietnamese,10
Åland,2007,als,Albanian,18
Åland,2007,arb,Arabic,17
Åland,2007,ckb,Kurdish,48
Åland,2007,deu,German,32
Åland,2007,ekk,Estonian,92
Åland,2007,eng,English,46
Åland,2007,fin,Finnish,1361
Åland,2007,lit,Lithuanian,10
Åland,2007,lvs,Latvian,67
Åland,2007,nor,Norwegian,19
Åland,2007,pes,"Persian, Farsi",34
Åland,2007,pol,Polish,29
Åland,2007,ron,Romanian,70
Åland,2007,rus,Russian,69
Åland,2007,spa,Spanish,20
Åland,2007,srp,Serbian,27
Åland,2007,swe,Swedish,24760
Åland,2007,tgl,Tagalog,16
Åland,2007,tha,Thai,55
Åland,2007,vie,Vietnamese,12
Åland,2008,als,Albanian,22
Åland,2008,arb,Arabic,24
Åland,2008,ckb,Kurdish,64
Åland,2008,deu,German,33
Åland,2008,ekk,Estonian,98
Åland,2008,eng,English,66
Åland,2008,fin,Finnish,1385
Åland,2008,lit,Lithuanian,12
Åland,2008,lvs,Latvian,87
Åland,2008,nor,Norwegian,21
Åland,2008,pes,"Persian, Farsi",47
Åland,2008,pol,Polish,32
Åland,2008,ron,Romanian,97
Åland,2008,rus,Russian,70
Åland,2008,spa,Spanish,20
Åland,2008,srp,Serbian,23
Åland,2008,swe,Swedish,24868
Åland,2008,tgl,Tagalog,28
Åland,2008,tha,Thai,66
Åland,2008,vie,Vietnamese,12
Åland,2009,als,Albanian,25
Åland,2009,arb,Arabic,25
Åland,2009,ckb,Kurdish,61
Åland,2009,deu,German,41
Åland,2009,ekk,Estonian,101
Åland,2009,eng,English,68
Åland,2009,fin,Finnish,1388
Åland,2009,hun,Hungarian,11
Åland,2009,ita,Italian,10
Åland,2009,lit,Lithuanian,15
Åland,2009,lvs,Latvian,131
Åland,2009,nor,Norwegian,15
Åland,2009,pes,"Persian, Farsi",44
Åland,2009,pol,Polish,40
Åland,2009,ron,Romanian,112
Åland,2009,rus,Russian,72
Åland,2009,spa,Spanish,16
Åland,2009,srp,Serbian,23
Åland,2009,swe,Swedish,25028
Åland,2009,tgl,Tagalog,27
Åland,2009,tha,Thai,77
Åland,2009,ukr,Ukrainian,11
Åland,2009,vie,Vietnamese,13
Åland,2010,als,Albanian,28
Åland,2010,arb,Arabic,27
Åland,2010,ckb,Kurdish,58
Åland,2010,deu,German,40
Åland,2010,ekk,Estonian,113
Åland,2010,eng,English,65
Åland,2010,fin,Finnish,1365
Åland,2010,hun,Hungarian,10
Åland,2010,lit,Lithuanian,18
Åland,2010,lvs,Latvian,167
Åland,2010,nor,Norwegian,14
Åland,2010,pes,"Persian, Farsi",43
Åland,2010,pol,Polish,37
Åland,2010,ron,Romanian,153
Åland,2010,rus,Russian,75
Åland,2010,spa,Spanish,19
Åland,2010,srp,Serbian,27
Åland,2010,swe,Swedish,25171
Åland,2010,tgl,Tagalog,32
Åland,2010,tha,Thai,85
Åland,2010,ukr,Ukrainian,11
Åland,2010,vie,Vietnamese,12
Åland,2011,als,Albanian,28
Åland,2011,arb,Arabic,25
Åland,2011,ckb,Kurdish,57
Åland,2011,deu,German,43
Åland,2011,ekk,Estonian,121
Åland,2011,eng,English,81
Åland,2011,fin,Finnish,1367
Åland,2011,lit,Lithuanian,23
Åland,2011,lvs,Latvian,206
Åland,2011,nor,Norwegian,15
Åland,2011,pes,"Persian, Farsi",44
Åland,2011,pol,Polish,34
Åland,2011,ron,Romanian,187
Åland,2011,rus,Russian,78
Åland,2011,spa,Spanish,18
Åland,2011,srp,Serbian,30
Åland,2011,swe,Swedish,25359
Åland,2011,tgl,Tagalog,33
Åland,2011,tha,Thai,86
Åland,2011,ukr,Ukrainian,11
Åland,2011,vie,Vietnamese,11
Åland,2012,als,Albanian,30
Åland,2012,arb,Arabic,25
Åland,2012,ckb,Kurdish,65
Åland,2012,cmn,Chinese,10
Åland,2012,deu,German,44
Åland,2012,ekk,Estonian,130
Åland,2012,eng,English,75
Åland,2012,fin,Finnish,1368
Åland,2012,ita,Italian,17
Åland,2012,lit,Lithuanian,21
Åland,2012,lvs,Latvian,211
Åland,2012,nor,Norwegian,17
Åland,2012,pes,"Persian, Farsi",48
Åland,2012,pol,Polish,35
Åland,2012,ron,Romanian,217
Åland,2012,rus,Russian,80
Åland,2012,spa,Spanish,24
Åland,2012,srp,Serbian,33
Åland,2012,swe,Swedish,25395
Åland,2012,tgl,Tagalog,36
Åland,2012,tha,Thai,101
Åland,2012,vie,Vietnamese,11
Åland,2013,als,Albanian,32
Åland,2013,arb,Arabic,29
Åland,2013,ckb,Kurdish,63
Åland,2013,cmn,Chinese,11
Åland,2013,deu,German,41
Åland,2013,ekk,Estonian,141
Åland,2013,eng,English,76
Åland,2013,fin,Finnish,1387
Åland,2013,ita,Italian,17
Åland,2013,lit,Lithuanian,23
Åland,2013,lvs,Latvian,242
Åland,2013,nor,Norwegian,16
Åland,2013,pes,"Persian, Farsi",45
Åland,2013,pol,Polish,33
Åland,2013,por,Portuguese,10
Åland,2013,ron,Romanian,238
Åland,2013,rus,Russian,87
Åland,2013,spa,Spanish,18
Åland,2013,srp,Serbian,35
Åland,2013,swe,Swedish,25424
Åland,2013,tgl,Tagalog,41
Åland,2013,tha,Thai,106
Åland,2013,tur,Turkish,11
Åland,2013,vie,Vietnamese,12
Åland,2014,als,Albanian,32
Åland,2014,arb,Arabic,30
Åland,2014,ckb,Kurdish,58
Åland,2014,cmn,Chinese,11
Åland,2014,deu,German,43
Åland,2014,ekk,Estonian,156
Åland,2014,eng,English,81
Åland,2014,fin,Finnish,1394
Åland,2014,ita,Italian,18
Åland,2014,lit,Lithuanian,19
Åland,2014,lvs,Latvian,267
Åland,2014,nor,Norwegian,27
Åland,2014,pes,"Persian, Farsi",46
Åland,2014,pol,Polish,37
Åland,2014,por,Portuguese,13
Åland,2014,ron,Romanian,264
Åland,2014,rus,Russian,101
Åland,2014,spa,Spanish,21
Åland,2014,srp,Serbian,36
Åland,2014,swe,Swedish,25531
Åland,2014,tgl,Tagalog,40
Åland,2014,tha,Thai,107
Åland,2014,tur,Turkish,12
Åland,2014,ukr,Ukrainian,10
Åland,2014,vie,Vietnamese,12
Åland,2015,als,Albanian,34
Åland,2015,arb,Arabic,50
Åland,2015,ckb,Kurdish,55
Åland,2015,cmn,Chinese,11
Åland,2015,deu,German,41
Åland,2015,ekk,Estonian,162
Åland,2015,eng,English,92
Åland,2015,fin,Finnish,1361
Åland,2015,ita,Italian,18
Åland,2015,lit,Lithuanian,22
Åland,2015,lvs,Latvian,293
Åland,2015,nor,Norwegian,17
Åland,2015,pes,"Persian, Farsi",49
Åland,2015,pol,Polish,39
Åland,2015,por,Portuguese,15
Åland,2015,ron,Romanian,306
Åland,2015,rus,Russian,111
Åland,2015,spa,Spanish,19
Åland,2015,srp,Serbian,32
Åland,2015,swe,Swedish,25524
Åland,2015,tgl,Tagalog,43
Åland,2015,tha,Thai,101
Åland,2015,tur,Turkish,12
Åland,2015,ukr,Ukrainian,10
Åland,2015,vie,Vietnamese,13
Åland,2016,als,Albanian,36
Åland,2016,arb,Arabic,59
Åland,2016,bos,Bosnian,10
Åland,2016,ckb,Kurdish,52
Åland,2016,cmn,Chinese,11
Åland,2016,deu,German,50
Åland,2016,ekk,Estonian,180
Åland,2016,eng,English,93
Åland,2016,fin,Finnish,1365
Åland,2016,ita,Italian,18
Åland,2016,lit,Lithuanian,24
Åland,2016,lvs,Latvian,330
Åland,2016,nor,Norwegian,17
Åland,2016,pes,"Persian, Farsi",47
Åland,2016,pol,Polish,42
Åland,2016,por,Portuguese,22
Åland,2016,ron,Romanian,364
Åland,2016,rus,Russian,103
Åland,2016,spa,Spanish,19
Åland,2016,srp,Serbian,35
Åland,2016,swe,Swedish,25592
Åland,2016,tgl,Tagalog,45
Åland,2016,tha,Thai,110
Åland,2016,tur,Turkish,13
Åland,2016,ukr,Ukrainian,10
Åland,2016,vie,Vietnamese,13
Åland,2017,als,Albanian,32
Åland,2017,arb,Arabic,55
Åland,2017,bos,Bosnian,13
Åland,2017,ckb,Kurdish,48
Åland,2017,cmn,Chinese,13
Åland,2017,deu,German,51
Åland,2017,ekk,Estonian,168
Åland,2017,eng,English,99
Åland,2017,fin,Finnish,1396
Åland,2017,hin,Hindi,21
Åland,2017,hrv,Croatian,11
Åland,2017,ita,Italian,17
Åland,2017,lit,Lithuanian,23
Åland,2017,lvs,Latvian,360
Åland,2017,nor,Norwegian,18
Åland,2017,pes,"Persian, Farsi",47
Åland,2017,pol,Polish,47
Åland,2017,por,Portuguese,23
Åland,2017,ron,Romanian,404
Åland,2017,rus,Russian,108
Åland,2017,spa,Spanish,29
Åland,2017,srp,Serbian,38
Åland,2017,swe,Swedish,25703
Åland,2017,tgl,Tagalog,51
Åland,2017,tha,Thai,118
Åland,2017,tur,Turkish,12
Åland,2017,vie,Vietnamese,14
Åland,2018,als,Albanian,36
Åland,2018,arb,Arabic,93
Åland,2018,bos,Bosnian,12
Åland,2018,ckb,Kurdish,47
Åland,2018,cmn,Chinese,12
Åland,2018,deu,German,59
Åland,2018,ekk,Estonian,173
Åland,2018,eng,English,111
Åland,2018,fin,Finnish,1401
Åland,2018,hin,Hindi,16
Åland,2018,hrv,Croatian,11
Åland,2018,ita,Italian,18
Åland,2018,lit,Lithuanian,22
Åland,2018,lvs,Latvian,388
Åland,2018,nor,Norwegian,19
Åland,2018,pes,"Persian, Farsi",48
Åland,2018,pol,Polish,51
Åland,2018,por,Portuguese,25
Åland,2018,ron,Romanian,428
Åland,2018,rus,Russian,108
Åland,2018,spa,Spanish,26
Åland,2018,srp,Serbian,38
Åland,2018,swe,Swedish,25848
Åland,2018,tgl,Tagalog,45
Åland,2018,tha,Thai,126
Åland,2018,tur,Turkish,14
Åland,2018,ukr,Ukrainian,34
Åland,2018,vie,Vietnamese,15
Åland,2019,als,Albanian,34
Åland,2019,arb,Arabic,91
Åland,2019,bos,Bosnian,12
Åland,2019,ckb,Kurdish,50
Åland,2019,cmn,Chinese,12
Åland,2019,deu,German,75
Åland,2019,ekk,Estonian,175
Åland,2019,eng,English,116
Åland,2019,fin,Finnish,1399
Åland,2019,hin,Hindi,14
Åland,2019,hrv,Croatian,12
Åland,2019,ita,Italian,17
Åland,2019,lit,Lithuanian,20
Åland,2019,lvs,Latvian,407
Åland,2019,nor,Norwegian,18
Åland,2019,pes,"Persian, Farsi",44
Åland,2019,pol,Polish,50
Åland,2019,por,Portuguese,26
Åland,2019,ron,Romanian,452
Åland,2019,rus,Russian,109
Åland,2019,spa,Spanish,32
Åland,2019,srp,Serbian,33
Åland,2019,swe,Swedish,25862
Åland,2019,tgl,Tagalog,54
Åland,2019,tha,Thai,121
Åland,2019,tur,Turkish,13
Åland,2019,ukr,Ukrainian,38
Åland,2019,vie,Vietnamese,23
Åland,2020,als,Albanian,40
Åland,2020,arb,Arabic,83
Åland,2020,bos,Bosnian,14
Åland,2020,ckb,Kurdish,39
Åland,2020,cmn,Chinese,12
Åland,2020,deu,German,78
Åland,2020,ekk,Estonian,172
Åland,2020,eng,English,136
Åland,2020,fin,Finnish,1402
Åland,2020,hin,Hindi,14
Åland,2020,hrv,Croatian,13
Åland,2020,hun,Hungarian,10
Åland,2020,ita,Italian,18
Åland,2020,lit,Lithuanian,15
Åland,2020,lvs,Latvian,429
Åland,2020,nor,Norwegian,28
Åland,2020,pes,"Persian, Farsi",48
Åland,2020,pol,Polish,53
Åland,2020,por,Portuguese,24
Åland,2020,ron,Romanian,487
Åland,2020,rus,Russian,111
Åland,2020,spa,Spanish,33
Åland,2020,srp,Serbian,34
Åland,2020,swe,Swedish,25986
Åland,2020,tgl,Tagalog,56
Åland,2020,tha,Thai,125
Åland,2020,tur,Turkish,13
Åland,2020,ukr,Ukrainian,40
Åland,2020,vie,Vietnamese,24
Åland,2021,als,Albanian,34
Åland,2021,arb,Arabic,82
Åland,2021,bos,Bosnian,13
Åland,2021,ckb,Kurdish,41
Åland,2021,cmn,Chinese,12
Åland,2021,deu,German,79
Åland,2021,ekk,Estonian,184
Åland,2021,eng,English,133
Åland,2021,fin,Finnish,1393
Åland,2021,ita,Italian,19
Åland,2021,lit,Lithuanian,18
Åland,2021,lvs,Latvian,464
Åland,2021,nor,Norwegian,27
Åland,2021,pes,"Persian, Farsi",45
Åland,2021,pol,Polish,54
Åland,2021,por,Portuguese,26
Åland,2021,ron,Romanian,525
Åland,2021,rus,Russian,121
Åland,2021,spa,Spanish,35
Åland,2021,srp,Serbian,38
Åland,2021,swe,Swedish,26105
Åland,2021,tgl,Tagalog,66
Åland,2021,tha,Thai,127
Åland,2021,tur,Turkish,17
Åland,2021,ukr,Ukrainian,43
Åland,2021,vie,Vietnamese,28
Åland,2022,als,Albanian,36
Åland,2022,arb,Arabic,79
Åland,2022,bos,Bosnian,13
Åland,2022,ckb,Kurdish,38
Åland,2022,cmn,Chinese,14
Åland,2022,deu,German,81
Åland,2022,ekk,Estonian,179
Åland,2022,eng,English,149
Åland,2022,fin,Finnish,1387
Åland,2022,ita,Italian,19
Åland,2022,lit,Lithuanian,18
Åland,2022,lvs,Latvian,468
Åland,2022,nor,Norwegian,17
Åland,2022,pes,"Persian, Farsi",51
Åland,2022,pol,Polish,53
Åland,2022,por,Portuguese,34
Åland,2022,ron,Romanian,520
Åland,2022,rus,Russian,122
Åland,2022,spa,Spanish,38
Åland,2022,srp,Serbian,49
Åland,2022,swe,Swedish,26057
Åland,2022,tgl,Tagalog,75
Åland,2022,tha,Thai,127
Åland,2022,tur,Turkish,18
Åland,2022,ukr,Ukrainian,46
Åland,2022,vie,Vietnamese,29
Åland,2023,als,Albanian,52
Åland,2023,arb,Arabic,86
Åland,2023,bos,Bosnian,11
Åland,2023,ckb,Kurdish,47
Åland,2023,cmn,Chinese,14
Åland,2023,deu,German,86
Åland,2023,ekk,Estonian,176
Åland,2023,eng,English,142
Åland,2023,fin,Finnish,1394
Åland,2023,hrv,Croatian,10
Åland,2023,hun,Hungarian,10
Åland,2023,ita,Italian,22
Åland,2023,lit,Lithuanian,19
Åland,2023,lvs,Latvian,494
Åland,2023,mal,Malayalam,10
Åland,2023,nor,Norwegian,18
Åland,2023,pes,"Persian, Farsi",53
Åland,2023,pol,Polish,52
Åland,2023,por,Portuguese,35
Åland,2023,ron,Romanian,528
Åland,2023,rus,Russian,125
Åland,2023,spa,Spanish,44
Åland,2023,srp,Serbian,51
Åland,2023,swe,Swedish,26097
Åland,2023,tgl,Tagalog,79
Åland,2023,tha,Thai,144
Åland,2023,tur,Turkish,24
Åland,2023,ukr,Ukrainian,62
Åland,2023,vie,Vietnamese,34
Åland,2024,als,Albanian,55
Åland,2024,arb,Arabic,103
Åland,2024,bos,Bosnian,11
Åland,2024,ckb,Kurdish,47
Åland,2024,cmn,Chinese,19
Åland,2024,deu,German,84
Åland,2024,ekk,Estonian,172
Åland,2024,eng,English,158
Åland,2024,fin,Finnish,1387
Åland,2024,ita,Italian,23
Åland,2024,lit,Lithuanian,18
Åland,2024,lvs,Latvian,496
Åland,2024,mal,Malayalam,10
Åland,2024,nor,Norwegian,19
Åland,2024,pes,"Persian, Farsi",52
Åland,2024,pol,Polish,54
Åland,2024,por,Portuguese,44
Åland,2024,ron,Romanian,514
Åland,2024,rus,Russian,117
Åland,2024,spa,Spanish,56
Åland,2024,srp,Serbian,60
Åland,2024,swe,Swedish,26117
Åland,2024,tgl,Tagalog,93
Åland,2024,tha,Thai,145
Åland,2024,tur,Turkish,24
Åland,2024,ukr,Ukrainian,103
Åland,2024,vie,Vietnamese,31
Åland,2025,als,Albanian,54
Åland,2025,arb,Arabic,112
Åland,2025,ckb,Kurdish,43
Åland,2025,cmn,Chinese,20
Åland,2025,deu,German,84
Åland,2025,ekk,Estonian,163
Åland,2025,eng,English,170
Åland,2025,fin,Finnish,1372
Åland,2025,ita,Italian,23
Åland,2025,lit,Lithuanian,18
Åland,2025,lvs,Latvian,498
Åland,2025,mal,Malayalam,10
Åland,2025,nor,Norwegian,19
Åland,2025,pes,"Persian, Farsi",61
Åland,2025,pol,Polish,53
Åland,2025,por,Portuguese,46
Åland,2025,ron,Romanian,498
Åland,2025,rus,Russian,141
Åland,2025,spa,Spanish,66
Åland,2025,srp,Serbian,62
Åland,2025,swe,Swedish,26023
Åland,2025,tgl,Tagalog,86
Åland,2025,tha,Thai,147
Åland,2025,tur,Turkish,26
Åland,2025,ukr,Ukrainian,334
Åland,2025,vie,Vietnamese,24
